temperature,mean_density,std_density,n_points
270.0,1.1360645316,0.0027175491858062073,500
320.0,1.1276849011976047,0.0030005876804983663,501
360.0,1.1192865930139722,0.0033226832369293146,501
380.0,1.1146165744510976,0.003556208639282289,501
400.0,1.1086897878243511,0.003531634202557149,501
420.0,1.1064677916167664,0.003932405593868668,501
450.0,1.1011128622754491,0.004097118607646628,501
500.0,1.0909152266000002,0.004561575921631691,500
550.0,1.0753153518,0.005301419073574418,500
