{
  "status": "success",
  "n_points": 3,
  "rates_K_per_ns": [
    10.0,
    25.0,
    40.0
  ],
  "tg_values_K": [
    179.6,
    200.0,
    186.5
  ],
  "rates_span_decades": 0.6020599913279624,
  "loglinear_slope_K": 7.347578167657906,
  "loglinear_intercept_K": 166.14210138872323,
  "loglinear_r_squared": 0.24922660572797395,
  "tg_at_slow_rate_K": 188.70000000000002,
  "slow_rate_ref_K_per_ns": 1.6667e-10,
  "slope_gate_pass": true,
  "is_flat_rate_regime": true,
  "regime": "rubbery",
  "rubbery_regime_exemption": true,
  "tg_method": "rubbery_flat_mean",
  "vf_fit_quality": "POOR_POORLY_CONSTRAINED",
  "tg0_K": 1.0000000000089293,
  "tg0_K_ci95": Infinity,
  "vf_A": -4986.598461629874,
  "vf_c": -29.649037018176863,
  "vf_B_ns_per_K": 1.32918927771573e-13,
  "vf_r_squared": 0.2378019897473903,
  "vf_predicted_tg_K": [
    183.34901095297326,
    189.67075479254243,
    193.08660229909916
  ],
  "vf_residuals_K": [
    -3.749010952973265,
    10.329245207457575,
    -6.586602299099155
  ],
  "polymer_name": "cis-PBD4",
  "is_dsc_extrapolation": true,
  "d06_markdown": "### Multi-rate Tg analysis\n\n| Rate | Tg_MD |\n|------|-------|\n| 10 K/ns | 179.6 K |\n| 25 K/ns | 200.0 K |\n| 40 K/ns | 186.5 K |\n\n**Log-linear**: Tg = 166.1 + 7.35\u00b7ln(\u0393)  R\u00b2=0.2492\n\u2192 Tg at 1.67e-10 K/ns (DSC-equivalent, 10 K/min) = **188.7 K**  (theoretical DSC-equivalent experimental Tg)\n\n**VF extrapolation** (Tg0 at \u0393\u21920): Tg\u2070 = 1.0 \u00b1 inf K (95% CI)  R\u00b2=0.2378  quality=POOR_POORLY_CONSTRAINED\n\u26a0 CI > 100 K: VF extrapolation is underconstrained with < 2 decades of rates. Use log-linear result for validation.\n",
  "d06_markdown_path": "data/cis-PBD4/raw/d06_multirate_block.md",
  "plot_path": "data/cis-PBD4/raw/tg_multirate.png"
}