temperature,mean_density,std_density,n_points
240.0,1.1483598828000001,0.003765088488821842,250
260.0,1.1379645772908367,0.003946390224070881,251
280.0,1.123184740239044,0.004053897341444937,251
300.0,1.1052120250996018,0.0052303037443978285,251
320.0,1.0885530446969696,0.005766511511687151,264
340.0,1.0705522966386554,0.007027940607191872,238
360.0,1.0551117980079683,0.006671040412800174,251
380.0,1.0376390111553784,0.006591894077483181,251
400.0,1.0187633343137257,0.007021959577387611,204
