{
  "status": "success",
  "n_points": 3,
  "rates_K_per_ns": [
    40.0,
    160.0,
    640.0
  ],
  "tg_values_K": [
    218.8,
    226.1,
    233.9
  ],
  "rates_span_decades": 1.2041199826559248,
  "loglinear_slope_K": 5.446173779355835,
  "loglinear_intercept_K": 198.62638810846687,
  "loglinear_r_squared": 0.9996346524814403,
  "tg_at_slow_rate_K": 226.26666666666665,
  "slow_rate_ref_K_per_ns": 1.6667e-10,
  "slope_gate_pass": true,
  "is_flat_rate_regime": true,
  "regime": "rubbery",
  "rubbery_regime_exemption": true,
  "tg_method": "rubbery_flat_mean",
  "vf_fit_quality": "POOR_POORLY_CONSTRAINED",
  "tg0_K": 1.0000000000000002,
  "tg0_K_ci95": Infinity,
  "vf_A": -9314.154805175473,
  "vf_c": -46.453388060391326,
  "vf_B_ns_per_K": 6.691907044476408e-21,
  "vf_r_squared": 0.9999999492097607,
  "vf_predicted_tg_K": [
    218.80104831622572,
    226.0980370972754,
    233.90091678977203
  ],
  "vf_residuals_K": [
    -0.001048316225706003,
    0.001962902724585547,
    -0.0009167897720203655
  ],
  "polymer_name": "PEG1",
  "is_dsc_extrapolation": true,
  "d06_markdown": "### Multi-rate Tg analysis\n\n| Rate | Tg_MD |\n|------|-------|\n| 40 K/ns | 218.8 K |\n| 160 K/ns | 226.1 K |\n| 640 K/ns | 233.9 K |\n\n**Log-linear**: Tg = 198.6 + 5.45\u00b7ln(\u0393)  R\u00b2=0.9996\n\u2192 Tg at 1.67e-10 K/ns (DSC-equivalent, 10 K/min) = **226.3 K**  (theoretical DSC-equivalent experimental Tg)\n\n**VF extrapolation** (Tg0 at \u0393\u21920): Tg\u2070 = 1.0 \u00b1 inf K (95% CI)  R\u00b2=1.0000  quality=POOR_POORLY_CONSTRAINED\n\u26a0 CI > 100 K: VF extrapolation is underconstrained with < 2 decades of rates. Use log-linear result for validation.\n",
  "d06_markdown_path": "data/PEG1/raw/d06_multirate_block.md",
  "plot_path": "data/PEG1/raw/tg_multirate.png"
}