units real
atom_style full
boundary p p p

# --- Force Field Styles ---
pair_style lj/cut 14.0
dielectric 1.000000
bond_style harmonic
angle_style harmonic
dihedral_style multi/harmonic
improper_style none
special_bonds lj 0 0 0
pair_modify mix arithmetic tail yes
neighbor 2.0 bin
neigh_modify delay 0 every 1 check yes
neigh_modify one 4000
package gpu 1 neigh yes

read_data /home/alexzhao/PolyJarvis/data/PE_3/attempts/cooling/attempt-0001/work/cool_block_08/cool_block_08_out.data
Reading data file ...
  orthogonal box = (2.040372 2.040372 2.040372) to (48.49437 48.49437 48.49437)
  1 by 1 by 1 MPI processor grid
  reading atoms ...
  3600 atoms
  reading velocities ...
  3600 velocities
  scanning bonds ...
  2 = max bonds/atom
  scanning angles ...
  1 = max angles/atom
  scanning dihedrals ...
  2 = max dihedrals/atom
  orthogonal box = (2.040372 2.040372 2.040372) to (48.49437 48.49437 48.49437)
  1 by 1 by 1 MPI processor grid
  reading bonds ...
  3590 bonds
  reading angles ...
  3580 angles
  reading dihedrals ...
  3570 dihedrals
Finding 1-2 1-3 1-4 neighbors ...
  special bond factors lj:    0        0        0       
  special bond factors coul:  0        0        0       
     2 = max # of 1-2 neighbors
     2 = max # of 1-3 neighbors
     4 = max # of 1-4 neighbors
     6 = max # of special neighbors
  special bonds CPU = 0.001 seconds
  read_data CPU = 0.033 seconds


# --- Thermo Output ---
thermo_style custom step time temp press enthalpy etotal ke pe ebond eangle edihed eimp evdwl ecoul elong etail vol lx ly lz density pxx pyy pzz
thermo_modify flush yes
thermo 1000

# --- Trajectory ---
dump dump_npt all custom 1000 cool_block_09.dump id type mol x y z ix iy iz vx vy vz


# --- Restart Checkpointing ---
restart 10000 npt_1.rst npt_2.rst

# --- Initial Velocities (optional) ---
# Velocities read from data file

# --- SHAKE Constraints ---
# SHAKE disabled (TraPPE-UA united-atom)

# --- NPT Thermostat + Barostat (Nose-Hoover) ---
# T_damp = 100.0 fs  (heat bath coupling)
# P_damp = 1000.0 fs  (pressure bath coupling, ~10x T_damp typical)
# Ramp: T=350.0->325.0K  P=1.0->1.0atm
timestep 2.0
fix npt_fix all npt temp 350.0 325.0 100.0 iso 1.0 1.0 1000.0

run 312500

CITE-CITE-CITE-CITE-CITE-CITE-CITE-CITE-CITE-CITE-CITE-CITE-CITE

Your simulation uses code contributions which should be cited:

- GPU package (short-range, long-range and three-body potentials): doi:10.1016/j.cpc.2010.12.021, doi:10.1016/j.cpc.2011.10.012, doi:10.1016/j.cpc.2013.08.002, doi:10.1016/j.commatsci.2014.10.068, doi:10.1016/j.cpc.2016.10.020, doi:10.3233/APC200086

@Article{Brown11,
 author = {W. M. Brown and P. Wang and S. J. Plimpton and A. N. Tharrington},
 title = {Implementing Molecular Dynamics on Hybrid High Performance Computers---Short Range Forces},
 journal = {Comput.\ Phys.\ Commun.},
 year =    2011,
 volume =  182,
 pages =   {898--911},
 doi =     {10.1016/j.cpc.2010.12.021}
}

@Article{Brown12,
 author = {W. M. Brown and A. Kohlmeyer and S. J. Plimpton and A. N. Tharrington},
 title = {Implementing Molecular Dynamics on Hybrid High Performance Computers - Particle-Particle Particle-Mesh},
 journal = {Comput.\ Phys.\ Commun.},
 year =    2012,
 volume =  183,
 doi =     {10.1016/j.cpc.2011.10.012},
 pages =   {449--459}
}

@Article{Brown13,
 author = {W. M. Brown and Y. Masako},
 title = {Implementing Molecular Dynamics on Hybrid High Performance Computers---Three-Body Potentials},
 journal = {Comput.\ Phys.\ Commun.},
 year =    2013,
 volume =  184,
 pages =   {2785--2793},
 doi =     {10.1016/j.cpc.2013.08.002},
}

@Article{Trung15,
 author = {T. D. Nguyen and S. J. Plimpton},
 title = {Accelerating Dissipative Particle Dynamics Simulations for Soft Matter Systems},
 journal = {Comput.\ Mater.\ Sci.},
 year =    2015,
 doi =     {10.1016/j.commatsci.2014.10.068},
 volume =  100,
 pages =   {173--180}
}

@Article{Trung17,
 author = {T. D. Nguyen},
 title = {{GPU}-Accelerated {T}ersoff Potentials for Massively Parallel
    Molecular Dynamics Simulations},
 journal = {Comput.\ Phys.\ Commun.},
 year =    2017,
 doi =     {10.1016/j.cpc.2016.10.020},
 volume =  212,
 pages =   {113--122}
}

@inproceedings{Nikolskiy19,
 author = {V. Nikolskiy and V. Stegailov},
 title = {{GPU} Acceleration of Four-Site Water Models in {LAMMPS}},
 booktitle = {Proceedings of the International Conference on Parallel
    Computing (ParCo 2019), Prague, Czech Republic},
 doi =     {10.3233/APC200086},
 year =    2019
}

CITE-CITE-CITE-CITE-CITE-CITE-CITE-CITE-CITE-CITE-CITE-CITE-CITE

Generated 1 of 1 mixed pair_coeff terms from arithmetic mixing rule
Per MPI rank memory allocation (min/avg/max) = 14.77 | 14.77 | 14.77 Mbytes
   Step          Time           Temp          Press         Enthalpy        TotEng         KinEng         PotEng         E_bond        E_angle        E_dihed        E_impro         E_vdwl         E_coul         E_long         E_tail         Volume           Lx             Ly             Lz          Density          Pxx            Pyy            Pzz      
         0   0              349.67595      534.12284      5380.905       4600.0213      3751.301       848.72036      1280.3474      1258.275       2327.5436      0             -4017.4456      0              0             -137.39983      100246.52      46.453998      46.453998      46.453998      0.83678563     653.8932       57.107049      891.36826    
      1000   2000           346.19152     -851.07598      3335.5356      4605.0664      3713.9202      891.14616      1231.1855      1281.3087      2316.2025      0             -3937.5505      0              0             -134.66553      102281.95      46.7663        46.7663        46.7663        0.82013336    -570.5569      -895.86558     -1086.8055    
      2000   4000           353.51776     -68.22381       4597.5494      4698.8061      3792.5157      906.2905       1254.6117      1288.0125      2334.2325      0             -3970.5661      0              0             -135.34535      101768.21      46.687868      46.687868      46.687868      0.82427355     361.84614     -284.39667     -282.1209     
      3000   6000           358.79193     -55.578649      4727.8299      4810.6922      3849.0966      961.59553      1291.1535      1313.6341      2324.3481      0             -3967.5402      0              0             -134.73566      102228.72      46.758184      46.758184      46.758184      0.82056045    -192.67252      151.72727     -125.79069    
      4000   8000           340.44483      51.166916      4594.0129      4519.0242      3652.2702      866.75402      1270.0151      1312.6543      2331.2854      0             -4047.2008      0              0             -137.0645       100491.77      46.49185       46.49185       46.49185       0.83474343     401.2479      -274.1038       26.356652    
      5000   10000          343.37133     -570.50766      3753.3309      4599.3992      3683.6654      915.73375      1291.5313      1246.0609      2374.0665      0             -3995.9249      0              0             -135.45262      101687.61      46.67554       46.67554       46.67554       0.82492687    -574.14645      146.95105     -1284.3276    
      6000   12000          348.14286      358.74021      5223.2702      4689.434       3734.8541      954.5799       1303.0138      1274.6449      2340.7618      0             -3963.8406      0              0             -134.99058      102035.67      46.728733      46.728733      46.728733      0.82211295    -198.9198       729.79836      545.34209    
      7000   14000          344.10438     -518.36147      3780.4089      4544.3138      3691.5295      852.78425      1267.8465      1226.9241      2364.5825      0             -4006.5689      0              0             -136.30908      101048.69      46.577577      46.577577      46.577577      0.83014283    -472.06072     -266.06391     -816.95977    
      8000   16000          349.94222      227.0784       4995.1997      4660.9479      3754.1576      906.79036      1269.2459      1280.0122      2357.883       0             -4000.3508      0              0             -136.46884      100930.4       46.559395      46.559395      46.559395      0.83111575     110.80152      198.3344       372.09928    
      9000   18000          356.01992     -605.84947      3857.926       4750.9832      3819.3587      931.62442      1306.9516      1252.9833      2362.149       0             -3990.4595      0              0             -136.2752       101073.81      46.581437      46.581437      46.581437      0.82993648    -571.75974     -751.55862     -494.23005    
     10000   20000          346.65928     -432.81972      3983.87        4628.3787      3718.9384      909.44026      1317.5334      1259.6892      2309.3954      0             -3977.1777      0              0             -134.89929      102104.72      46.739272      46.739272      46.739272      0.82155696    -742.15308     -209.82979     -346.4763     
     11000   22000          351.78316     -288.01304      4326.6619      4754.9263      3773.907       981.01937      1323.6854      1257.0061      2364.4042      0             -3964.0764      0              0             -135.09259      101958.62      46.716968      46.716968      46.716968      0.82273422    -419.22938     -348.17033     -96.639394    
     12000   24000          355.99956      97.766306      4894.4819      4749.1204      3819.1403      929.98013      1268.4767      1264.1611      2369.0505      0             -3971.7081      0              0             -135.10494      101949.3       46.715544      46.715544      46.715544      0.82280943     115.0412       43.748109      134.50961    
     13000   26000          356.99871     -223.9625       4486.5224      4817.3467      3829.8591      987.48758      1292.4801      1280.8129      2399.2233      0             -3985.0288      0              0             -135.99075      101285.23      46.613893      46.613893      46.613893      0.82820412    -573.31631      611.82427     -710.39546    
     14000   28000          342.92187     -488.54127      3766.9764      4488.3962      3678.8436      809.55254      1265.1531      1249.6457      2331.362       0             -4036.6083      0              0             -136.0331       101253.7       46.609055      46.609055      46.609055      0.82846202    -170.62775     -623.04059     -671.95547    
     15000   30000          343.41511      879.63677      5807.2371      4513.3535      3684.1351      829.21841      1264.0073      1281.7536      2299.2889      0             -4015.8313      0              0             -136.56504      100859.3       46.548459      46.548459      46.548459      0.83170165     880.0247       1024.7381      734.14748    
     16000   32000          349.47657      231.76575      4962.8535      4618.3275      3749.1621      869.16538      1288.9061      1257.2049      2310.7979      0             -3987.7436      0              0             -135.13213      101928.79      46.712411      46.712411      46.712411      0.82297501     729.32122     -343.76465      309.74068    
     17000   34000          356.00505     -373.60813      3998.3548      4553.7519      3819.1992      734.55273      1270.2242      1157.6402      2282.4794      0             -3975.791       0              0             -135.1276       101932.21      46.712933      46.712933      46.712933      0.8229474     -917.95009      829.10442     -1031.9787    
     18000   36000          344.94508      492.03683      5409.1128      4684.2549      3700.5485      983.7064       1342.8588      1270.3097      2357.1908      0             -3986.6529      0              0             -136.35659      101013.48      46.572167      46.572167      46.572167      0.83043214     983.72235      305.14684      187.24131    
     19000   38000          352.47553     -126.56899      4551.4661      4737.1407      3781.3347      955.80596      1299.7024      1299.0587      2335.6166      0             -3978.5717      0              0             -136.9324       100588.72      46.506796      46.506796      46.506796      0.83393891    -255.67968     -118.58241     -5.4448734    
     20000   40000          339.43708      704.85326      5559.1298      4525.3835      3641.459       883.92448      1293.5639      1214.0999      2400.974       0             -4024.7133      0              0             -136.96705      100563.26      46.502873      46.502873      46.502873      0.83414997     681.6271       1053.0557      379.87694    
     21000   42000          349.49988      177.62561      4808.3277      4544.8817      3749.4121      795.46963      1239.904       1188.4675      2358.3563      0             -3991.2583      0              0             -135.43952      101697.45      46.677045      46.677045      46.677045      0.82484709     406.96461     -33.596757      159.50897    
     22000   44000          343.94559      377.83408      5097.7544      4543.8257      3689.826       853.99962      1262.1768      1259.5218      2377.4617      0             -4045.1607      0              0             -137.0183       100525.65      46.497075      46.497075      46.497075      0.83446209     593.91417     -0.66316511     540.25123    
     23000   46000          342.74353      327.09778      5084.6356      4601.2498      3676.9304      924.31944      1290.685       1255.8866      2410.848       0             -4033.1002      0              0             -135.92993      101330.55      46.620844      46.620844      46.620844      0.82783373     698.48897      779.08565     -496.28128    
     24000   48000          345.97738      255.3517       4994.7398      4617.1098      3711.6229      905.4869       1271.8589      1222.0159      2369.4561      0             -3957.8441      0              0             -135.8325       101403.23      46.631988      46.631988      46.631988      0.82724034     305.08226     -68.532549      529.50539    
     25000   50000          345.82688     -309.7529       4165.0365      4624.0843      3710.0084      914.07592      1244.3544      1200.6976      2420.0241      0             -3951.0003      0              0             -135.54665      101617.07      46.664744      46.664744      46.664744      0.82549952    -228.08357     -397.82516     -303.34997    
     26000   52000          349.75217      371.77253      5157.6626      4609.2569      3752.1187      857.13827      1286.6501      1222.2244      2318.8989      0             -3970.6352      0              0             -136.17792      101146.02      46.592526      46.592526      46.592526      0.82934403     1071.4876      639.51146     -595.68147    
     27000   54000          349.49866     -259.59033      4176.2151      4557.4323      3749.399       808.03331      1280.0401      1268.917       2297.6827      0             -4038.6065      0              0             -136.7878       100695.04      46.523177      46.523177      46.523177      0.83305832    -607.61131     -357.76241      186.60274    
     28000   56000          341.94398      425.68674      5211.7109      4583.1747      3668.3529      914.82181      1293.9951      1282.931       2338.6374      0             -4000.7417      0              0             -136.0477       101242.83      46.607387      46.607387      46.607387      0.82855098     454.80727     -31.324526      853.57748    
     29000   58000          345.63549      389.91858      5152.6135      4584.8386      3707.9552      876.88339      1258.9362      1340.6514      2359.0143      0             -4081.7185      0              0             -137.95236      99845.006      46.391895      46.391895      46.391895      0.84015062     75.386412      737.29832      357.07099    
     30000   60000          346.36968      156.23999      4739.4765      4509.3537      3715.8315      793.5222       1263.656       1244.7005      2313.0143      0             -4027.8485      0              0             -136.38417      100993.05      46.569028      46.569028      46.569028      0.83060012     817.5867       74.751616     -423.61834    
     31000   62000          345.09426     -220.74657      4244.7879      4571.2303      3702.1489      869.08138      1279.0017      1215.9128      2353.1148      0             -3978.9479      0              0             -135.83723      101399.7       46.631446      46.631446      46.631446      0.82726919    -697.42872      258.88291     -223.6939     
     32000   64000          346.76626     -193.5636       4280.9127      4567.4974      3720.086       847.41141      1241.8829      1279.5101      2318.3962      0             -3992.3777      0              0             -135.67566      101520.45      46.649949      46.649949      46.649949      0.82628521     43.581339     -218.13853     -406.13362    
     33000   66000          349.8082       348.65151      5095.2881      4582.3972      3752.7197      829.67752      1244.7968      1256.5454      2332.6307      0             -4004.2953      0              0             -136.55198      100868.95      46.549944      46.549944      46.549944      0.83162209     392.38212      163.01974      490.55267    
     34000   68000          351.67968      176.39971      4911.4539      4650.4257      3772.7969      877.62877      1263.5841      1260.5333      2362.8831      0             -4009.3718      0              0             -135.7506       101464.41      46.641364      46.641364      46.641364      0.82674157    -71.970952      526.27254      74.897549    
     35000   70000          345.50464      112.45292      4732.1182      4566.5204      3706.5514      859.96904      1251.7164      1258.393       2346.6186      0             -3996.759       0              0             -136.41046      100973.59      46.566036      46.566036      46.566036      0.83076023     120.6859       313.73202     -97.059162    
     36000   72000          351.69849     -62.366914      4485.8917      4577.6656      3772.9986      804.66695      1208.5911      1265.6393      2351.0882      0             -4020.6516      0              0             -136.51062      100899.51      46.554644      46.554644      46.554644      0.83137022    -79.46936       105.44015     -213.07153    
     37000   74000          358.4339       432.01413      5277.7197      4644.5215      3845.2557      799.26581      1235.9513      1241.7965      2329.0798      0             -4007.5617      0              0             -137.05335      100499.94      46.493111      46.493111      46.493111      0.83467554     369.53259     -98.682011      1025.1918    
     38000   76000          349.86667     -445.16262      3992.3559      4652.2495      3753.3471      898.90244      1283.6331      1281.6062      2348.2507      0             -4014.5876      0              0             -135.51149      101643.44      46.66878       46.66878       46.66878       0.82528537    -853.88075     -9.5271012     -472.08       
     39000   78000          339.51173      40.876034      4536.6156      4476.4577      3642.2599      834.19782      1243.3234      1210.734       2381.4247      0             -4001.2844      0              0             -136.49204      100913.24      46.556757      46.556757      46.556757      0.83125706    -44.370558     -262.00643      429.00509    
     40000   80000          345.52399     -96.149088      4445.355       4587.7213      3706.759       880.96232      1282.4155      1245.3656      2340.4847      0             -3987.3034      0              0             -135.66542      101528.11      46.651123      46.651123      46.651123      0.82622282    -180.09594      266.51326     -374.86459    
     41000   82000          347.06538      404.77295      5146.0602      4550.2154      3723.295       826.9204       1214.5999      1247.4395      2362.2525      0             -3997.3715      0              0             -136.46135      100935.93      46.560246      46.560246      46.560246      0.83107018     472.64098     -16.400653      758.07851    
     42000   84000          351.61077      237.51737      4890.3222      4540.0282      3772.0576      767.97057      1218.6412      1239.8359      2300.5484      0             -3991.0549      0              0             -136.20532      101125.67      46.589402      46.589402      46.589402      0.8295109      36.951324      500.08118      175.5196     
     43000   86000          342.93132      273.77772      4938.0041      4531.1836      3678.9451      852.23857      1276.0754      1232.5412      2297.3733      0             -3953.7514      0              0             -135.18443      101889.36      46.706387      46.706387      46.706387      0.8232935     -71.019025      296.5241       595.82809    
     44000   88000          343.28859      241.07798      4793.7855      4438.1039      3682.7778      755.32606      1234.618       1235.1846      2312.4185      0             -4026.8951      0              0             -136.15308      101164.47      46.59536       46.59536       46.59536       0.82919275    -524.87295      599.17483      648.93207    
     45000   90000          349.41589      86.507761      4678.7832      4550.5006      3748.5111      801.98949      1242.4333      1203.0121      2340.1591      0             -3983.615       0              0             -135.46238      101680.29      46.67442       46.67442       46.67442       0.82498625    -89.802806      425.90367     -76.577582    
     46000   92000          348.22047     -412.89983      3964.6759      4575.2542      3735.6867      839.56748      1261.4196      1165.0588      2412.6879      0             -3999.5987      0              0             -135.84221      101395.98      46.630876      46.630876      46.630876      0.82729952    -510.87803     -799.53343      71.711966    
     47000   94000          349.63851     -279.54657      4280.0212      4694.3042      3750.8993      943.4049       1276.1368      1233.0273      2429.9267      0             -3995.686       0              0             -135.54652      101617.17      46.66476       46.66476       46.66476       0.82549872    -993.42574      640.05443     -485.26839    
     48000   96000          344.38013      419.93631      5196.315       4581.9712      3694.4878      887.4834       1319.3027      1226.3626      2366.5718      0             -4024.7537      0              0             -137.31035      100311.84      46.464086      46.464086      46.464086      0.83624072     103.59544      489.78334      666.43014    
     49000   98000          343.3431       369.41434      5140.6324      4596.1433      3683.3626      912.78069      1255.1274      1278.5896      2389.8454      0             -4010.7817      0              0             -136.28748      101064.71      46.580038      46.580038      46.580038      0.83001126     524.69625      986.44803     -402.90127    
     50000   100000         347.78798      579.33459      5456.4772      4597.3088      3731.047       866.26176      1265.3876      1219.1768      2370.5914      0             -3988.8941      0              0             -135.45109      101688.76      46.675716      46.675716      46.675716      0.82491754     860.87712      1128.807      -251.68031    
     51000   102000         353.27449      107.94644      4853.5507      4693.4105      3789.9059      903.5046       1260.0893      1271.6208      2347.0571      0             -3975.2625      0              0             -135.40644      101722.3       46.680846      46.680846      46.680846      0.82464559    -173.33661      310.7171       186.45882    
     52000   104000         346.11873     -310.98717      4169.574       4631.5114      3713.1393      918.37209      1241.3633      1295.2459      2340.6248      0             -3958.8619      0              0             -135.23548      101850.89      46.700508      46.700508      46.700508      0.82360444    -436.05135      376.32537     -873.23552    
     53000   106000         338.76852     -235.72905      4221.9082      4570.8622      3634.2868      936.57543      1254.0918      1274.1492      2400.792       0             -3992.4576      0              0             -135.6989       101503.07      46.647287      46.647287      46.647287      0.8264267     -250.11066     -732.06985      274.99335    
     54000   108000         345.76314     -113.99262      4498.3555      4667.7432      3709.3246      958.41861      1295.8001      1234.8565      2374.9554      0             -3947.1934      0              0             -135.18426      101889.48      46.706406      46.706406      46.706406      0.82329248    -509.70616     -106.32936      274.05765    
     55000   110000         342.00033     -746.67493      3356.646       4457.3422      3668.9574      788.38479      1214.8741      1221.3548      2337.3441      0             -3985.1882      0              0             -136.26849      101078.79      46.582202      46.582202      46.582202      0.82989561    -1213.3593     -1017.8714     -8.7940645    
     56000   112000         342.26463     -579.32359      3621.0563      4485.9617      3671.7928      814.16884      1217.6987      1269.5442      2293.7767      0             -3966.8508      0              0             -134.55009      102369.72      46.779671      46.779671      46.779671      0.81943027    -624.07441     -461.51669     -652.37968    
     57000   114000         344.00248      170.93501      4676.5993      4424.5379      3690.4364      734.10157      1220.0351      1236.1318      2284.929       0             -4006.9943      0              0             -136.22478      101111.22      46.587183      46.587183      46.587183      0.82962941     94.811801      339.33022      78.663006    
     58000   116000         350.29905     -34.872369      4517.7555      4569.0684      3757.9856      811.08277      1268.2126      1265.0642      2296.5418      0             -4018.7359      0              0             -136.51689      100894.87      46.553931      46.553931      46.553931      0.83140841    -11.947929      59.601663     -152.27084    
     59000   118000         337.86299     -372.69663      3822.7814      4369.0333      3624.5724      744.4609       1240.2863      1259.8968      2295.4947      0             -4051.2169      0              0             -137.05469      100498.96      46.492959      46.492959      46.492959      0.83468371    -327.52509     -487.32936     -303.23545    
     60000   120000         349.3255      -973.40929      3121.1303      4567.0204      3747.5414      819.47905      1273.2439      1223.6181      2322.5074      0             -3999.8903      0              0             -135.23576      101850.68      46.700476      46.700476      46.700476      0.82360614    -838.89576     -1476.6634     -604.6687     
     61000   122000         347.53156      38.770325      4540.4085      4483.9264      3728.2961      755.63031      1248.3054      1251.5473      2315.2578      0             -4059.4803      0              0             -137.88604      99893.028      46.399332      46.399332      46.399332      0.83974673     163.83333      190.98623     -238.50859    
     62000   124000         346.69383     -213.56584      4265.1405      4580.6455      3719.309       861.33654      1275.9555      1313.7037      2301.5828      0             -4029.9054      0              0             -135.97432      101297.47      46.61577       46.61577       46.61577       0.82810407    -495.25844     -371.83375      226.39468    
     63000   126000         345.67376     -380.80712      3816.8604      4378.323       3708.3658      669.9572       1200.3409      1223.9135      2265.725       0             -4020.0221      0              0             -136.24344      101097.37      46.585056      46.585056      46.585056      0.82974307     114.73823     -470.63291     -786.52669    
     64000   128000         344.14736      135.41525      4779.9608      4580.2388      3691.9906      888.24815      1302.9112      1292.2106      2324.3478      0             -4031.2214      0              0             -136.1987       101130.58      46.590156      46.590156      46.590156      0.8294706     -180.18695      882.3188      -295.88612    
     65000   130000         350.16059     -9.4557361      4631.1757      4645.0981      3756.5002      888.59791      1299.3586      1251.3693      2354.4209      0             -4016.5509      0              0             -136.43062      100958.67      46.563742      46.563742      46.563742      0.83088303     590.02719     -843.64333      225.24893    
     66000   132000         340.88528      323.6551       5085.2663      4607.1961      3656.9952      950.20088      1299.8358      1289.6329      2358.5812      0             -3997.8491      0              0             -135.99475      101282.25      46.613435      46.613435      46.613435      0.8282285     -122.27411      391.80258      701.43683    
     67000   134000         345.07031      882.20219      5754.904       4464.3587      3701.892       762.46668      1216.6226      1264.5995      2322.7823      0             -4041.5377      0              0             -137.31761      100306.54      46.463267      46.463267      46.463267      0.83628492     678.62301      1074.1721      893.81145    
     68000   136000         340.77744     -424.06707      3810.9119      4437.38        3655.8384      781.54162      1252.6218      1231.5021      2329.6279      0             -4032.2102      0              0             -135.97748      101295.11      46.615409      46.615409      46.615409      0.82812331    -738.09257      289.77356     -823.8822     
     69000   138000         348.6036       807.78589      5672.8918      4480.151       3739.7969      740.35411      1264.5587      1203.2774      2310.9011      0             -4038.3831      0              0             -136.04468      101245.07      46.607732      46.607732      46.607732      0.82853258     777.73191      449.67055      1195.9552    
     70000   140000         342.22326      200.64152      4705.2715      4412.8711      3671.349       741.52207      1207.8828      1290.0074      2320.8755      0             -4077.2436      0              0             -137.83969      99926.621      46.404532      46.404532      46.404532      0.83946443     168.69721     -225.33986      658.56721    
     71000   142000         339.60668      1106.9045      5920.288       4302.4136      3643.2785      659.13503      1257.6737      1201.1416      2254.653       0             -4054.3333      0              0             -137.43479      100221.01      46.450058      46.450058      46.450058      0.83699857     1650.3174      903.06018      767.33585    
     72000   144000         341.71889     -109.35506      4314.6564      4474.4771      3665.9382      808.53891      1298.2039      1237.7028      2346.6199      0             -4073.9877      0              0             -137.44762      100211.66      46.448613      46.448613      46.448613      0.83707667    -371.12054     -130.00627      173.06163    
     73000   146000         342.54556      482.93556      5150.9192      4439.1767      3674.8067      764.37007      1206.7702      1259.2896      2296.7907      0             -3998.4805      0              0             -136.30058      101054.99      46.578546      46.578546      46.578546      0.83009104     646.12375      463.89902      338.78392    
     74000   148000         338.95727     -337.62474      3958.4587      4451.3977      3636.3117      815.08599      1262.8599      1249.157       2335.0042      0             -4031.9352      0              0             -137.58545      100111.27      46.433097      46.433097      46.433097      0.8379161      88.429357     -660.1148      -441.18877    
     75000   150000         336.72759      31.178756      4459.0104      4413.4788      3612.3919      801.08697      1264.3651      1215.9372      2356.7061      0             -4035.9214      0              0             -137.55526      100133.24      46.436494      46.436494      46.436494      0.83773224     447.44122     -100.29219     -253.61277    
     76000   152000         344.73792      138.60187      4674.6716      4471.2042      3698.3261      772.87812      1262.615       1274.921       2284.1383      0             -4048.7962      0              0             -136.83766      100658.35      46.517526      46.517526      46.517526      0.83336197     479.05442      151.72015     -214.96897    
     77000   154000         350.86824     -387.95147      3982.049       4552.9646      3764.0918      788.87275      1221.5567      1255.4822      2330.6995      0             -4018.8657      0              0             -136.50132      100906.38      46.555702      46.555702      46.555702      0.83131355    -772.68684     -187.24215     -203.92542    
     78000   156000         345.66792      289.73034      4833.1869      4406.8511      3708.3031      698.54802      1226.5124      1175.9891      2310.3695      0             -4014.323       0              0             -136.51286      100897.85      46.554389      46.554389      46.554389      0.83138388     312.76663     -168.06173      724.48611    
     79000   158000         349.81362     -725.55563      3518.7638      4593.2988      3752.7779      840.52087      1288.465       1260.4667      2261.2424      0             -3969.6532      0              0             -135.63804      101548.61      46.654262      46.654262      46.654262      0.82605609     293.27657     -867.38282     -1602.5606    
     80000   160000         343.59245      319.97828      4827.1585      4357.3596      3686.0376      671.32195      1256.8826      1219.8096      2226.0263      0             -4031.3966      0              0             -136.81694      100673.6       46.519875      46.519875      46.519875      0.83323573     580.62646      468.54514     -89.236747    
     81000   162000         345.37609     -409.3814       3787.2478      4388.8497      3705.1724      683.67735      1233.2557      1197.0438      2288.5101      0             -4035.1322      0              0             -136.69426      100763.95      46.533787      46.533787      46.533787      0.83248862     251.53341     -1111.1738     -368.50378    
     82000   164000         340.52092      133.90477      4538.0999      4340.8455      3653.0865      687.75903      1224.7301      1206.9625      2268.2149      0             -4012.1484      0              0             -136.36427      101007.79      46.571293      46.571293      46.571293      0.83047893     170.54657      13.754954      217.41278    
     83000   166000         343.70718      152.72997      4684.2864      4459.5118      3687.2684      772.24342      1265.1815      1214.7227      2298.4138      0             -4006.0745      0              0             -136.49243      100912.95      46.556712      46.556712      46.556712      0.83125943     208.87604     -99.273972      348.58783    
     84000   168000         340.70904      102.38567      4499.925       4348.5337      3655.1046      693.4291       1272.6097      1249.1406      2176.0121      0             -4004.3332      0              0             -135.85308      101387.87      46.629633      46.629633      46.629633      0.82736571     109.76574      458.88806     -261.49678    
     85000   170000         342.41313      280.26285      4809.6913      4396.7599      3673.3859      723.37402      1232.2038      1261.5819      2236.8843      0             -4007.296       0              0             -136.33867      101026.76      46.574208      46.574208      46.574208      0.83032301     202.58878      506.97876      131.221      
     86000   172000         348.98204      179.72488      4763.7532      4498.1731      3743.8568      754.31634      1269.5815      1257.7092      2255.7552      0             -4028.7296      0              0             -135.939        101323.79      46.619807      46.619807      46.619807      0.82788894    -68.943422     -568.14776      1176.2658    
     87000   174000         338.44465      337.43654      4914.1854      4417.1811      3630.8124      786.36879      1297.3874      1232.2042      2294.1638      0             -4037.3866      0              0             -136.38398      100993.2       46.56905       46.56905       46.56905       0.83059894     300.10518      480.03934      232.1651     
     88000   176000         337.00344     -550.46327      3514.7361      4318.1679      3615.3511      702.81679      1261.7859      1252.7279      2269.0479      0             -4080.7449      0              0             -137.62923      100079.42      46.428173      46.428173      46.428173      0.83818274    -1008.3395     -151.66067     -491.38963    
     89000   178000         348.87724     -167.46813      4161.4935      4407.1866      3742.7325      664.45408      1212.9322      1174.3012      2326.3093      0             -4049.0886      0              0             -136.92117      100596.96      46.508067      46.508067      46.508067      0.83387054    -106.84327     -13.398772     -382.16234    
     90000   180000         337.09871      584.55424      5247.1477      4388.3499      3616.3731      771.97677      1245.2011      1281.2887      2280.3617      0             -4034.8747      0              0             -136.73045      100737.28      46.529681      46.529681      46.529681      0.83270903     588.67027      930.35221      234.64024    
     91000   182000         350.55286      267.88921      4851.4862      4454.6631      3760.7084      693.95466      1241.9669      1219.5106      2247.22        0             -4014.7429      0              0             -135.60933      101570.1       46.657554      46.657554      46.657554      0.82588124     281.84014      394.45469      127.37279    
     92000   184000         346.97752     -393.75342      3844.4668      4427.8849      3722.3524      705.53248      1210.6827      1246           2250.7844      0             -4001.9345      0              0             -135.5738       101596.72      46.661629      46.661629      46.661629      0.82566486    -377.82994      62.769741     -866.20006    
     93000   186000         338.71475     -315.94335      3834.8054      4300.5344      3633.71        666.82444      1241.2097      1172.7211      2245.1456      0             -3992.252       0              0             -136.27221      101076.03      46.581778      46.581778      46.581778      0.82991825     450.9276      -1008.7476     -390.01009    
     94000   188000         341.51996      65.097049      4418.4466      4322.6345      3663.8041      658.83042      1229.6405      1208.2143      2252.318       0             -4031.3423      0              0             -136.48112      100921.31      46.557998      46.557998      46.557998      0.83119057    -104.09614      261.08005      38.307243    
     95000   190000         341.96072      183.54702      4638.7308      4369.5444      3668.5325      701.01189      1248.0596      1241.6665      2268.0306      0             -4056.7449      0              0             -136.97007      100561.05      46.502532      46.502532      46.502532      0.83416832    -109.66168      570.81563      89.487116    
     96000   192000         344.59258      106.11972      4532.7644      4377.9065      3696.767       681.13957      1257.0029      1229.2848      2247.7745      0             -4052.9227      0              0             -137.65573      100060.16      46.425194      46.425194      46.425194      0.83834411     181.00602     -123.65599      261.00914    
     97000   194000         346.22552      338.40736      4840.6508      4353.4461      3714.285       639.16109      1184.9342      1282.8274      2278.5327      0             -4107.1332      0              0             -139.52746      98717.87       46.216664      46.216664      46.216664      0.84974325     82.623259      292.68091      639.91791    
     98000   196000         342.93863     -324.67163      3904.7381      4381.545       3679.0235      702.52149      1245.3494      1197.0012      2299.1974      0             -4039.0265      0              0             -136.78335      100698.33      46.523683      46.523683      46.523683      0.83303116    -645.92423     -332.07689      3.9862412    
     99000   198000         345.13818     -207.26705      3981.5065      4285.5617      3702.62        582.94162      1207.1615      1201.3794      2248.6133      0             -4074.2127      0              0             -136.93334      100588.03      46.50669       46.50669       46.50669       0.83394463     238.6693       172.19398     -1032.6644    
    100000   200000         333.92376      37.067477      4389.9052      4335.4083      3582.3125      753.09582      1244.3778      1271.2034      2286.0021      0             -4048.4875      0              0             -136.63203      100809.85      46.540851      46.540851      46.540851      0.83210962     303.79845      326.37558     -518.97159    
    101000   202000         343.18688      28.298251      4422.7747      4381.7133      3681.6867      700.02665      1246.9198      1246.0332      2282.6634      0             -4075.5897      0              0             -138.43876      99494.205      46.3375        46.3375        46.3375        0.84311286    -323.45896      562.09066     -153.73695    
    102000   204000         343.74315     -202.39642      4085.5405      4383.6062      3687.6543      695.95192      1205.0357      1230.9751      2280.2717      0             -4020.3306      0              0             -136.40245      100979.52      46.566947      46.566947      46.566947      0.83071148     17.066034     -349.90763     -274.34766    
    103000   206000         332.19069     -531.78171      3556.3102      4340.5858      3563.7202      776.86558      1278.5424      1232.6377      2265.1747      0             -3999.4893      0              0             -136.20595      101125.2       46.58933       46.58933       46.58933       0.82951471     157.16811     -1350.294      -402.21926    
    104000   208000         347.62737      255.79701      4815.6676      4440.9729      3729.3239      711.64901      1222.803       1233.6668      2288.6236      0             -4033.4444      0              0             -137.13532      100439.87      46.483845      46.483845      46.483845      0.83517476    -173.41575     -37.468715      978.2755     
    105000   210000         344.8465       85.854269      4465.733       4339.3965      3699.491       639.90556      1257.3795      1207.0038      2231.0354      0             -4055.5131      0              0             -136.51007      100899.91      46.554707      46.554707      46.554707      0.83136686    -92.722944      166.052        184.23375    
    106000   212000         350.24778      157.54678      4614.485       4384.7772      3757.4356      627.34167      1228.7055      1253.0595      2204.4735      0             -4058.8969      0              0             -137.77335      99974.737      46.411979      46.411979      46.411979      0.83906041     653.33316      100.05813     -280.75094    
    107000   214000         333.5711      -870.82142      2975.1894      4253.1166      3578.5292      674.58742      1230.5089      1272.0473      2213.5726      0             -4041.5413      0              0             -136.88452      100623.9       46.512217      46.512217      46.512217      0.83364734    -928.81853     -1227.4741     -456.17158    
    108000   216000         333.38093      121.64019      4527.4946      4348.3841      3576.489       771.89503      1277.3664      1259.4296      2256.2184      0             -4021.1194      0              0             -136.42291      100964.38      46.564619      46.564619      46.564619      0.83083605     560.67833     -111.24842     -84.50933     
    109000   218000         344.33133     -159.00075      4192.3464      4424.6916      3693.9642      730.72734      1284.3844      1210.2911      2296.2001      0             -4060.1483      0              0             -137.46653      100197.88      46.446484      46.446484      46.446484      0.83719182    -613.47483     -383.78596      520.25854    
    110000   220000         344.17114     -11.387749      4411.975       4428.6785      3692.2458      736.43267      1304.9906      1232.2677      2265.3804      0             -4066.206       0              0             -136.95036      100575.52      46.504763      46.504763      46.504763      0.83404831    -122.40637     -851.35927      939.6024     
    111000   222000         345.0045      -275.2225       3949.2266      4350.2758      3701.186       649.08983      1252.3939      1218.4643      2258.0055      0             -4079.7739      0              0             -137.85343      99916.656      46.40299       46.40299       46.40299       0.83954815    -81.637027     -459.84734     -284.18313    
    112000   224000         335.51044     -600.95084      3434.6854      4313.2279      3599.3343      713.89359      1294.5815      1224.0332      2249.2507      0             -4053.9718      0              0             -137.40657      100241.59      46.453238      46.453238      46.453238      0.83682672     24.133592     -453.5942      -1373.3919    
    113000   226000         345.04982      182.5399       4586.982       4319.9393      3701.6722      618.26711      1268.0334      1175.771       2205.4514      0             -4030.9887      0              0             -137.31199      100310.64      46.463901      46.463901      46.463901      0.83625069     269.0174       628.99355     -350.39126    
    114000   228000         340.59822     -96.363998      4236.145       4377.4249      3653.9157      723.5092       1314.4911      1232.6446      2227.022       0             -4050.6485      0              0             -137.01434      100528.56      46.497523      46.497523      46.497523      0.83443795    -947.71998      712.14439     -53.516405    
    115000   230000         336.42149      205.33882      4611.6904      4310.3739      3609.108       701.26589      1302.3803      1224.711       2241.7928      0             -4067.6182      0              0             -136.89247      100618.05      46.511317      46.511317      46.511317      0.83369577     650.13941      266.13699     -300.25994    
    116000   232000         343.04817     -19.042704      4419.3584      4447.0098      3680.1986      766.81118      1291.936       1238.7183      2301.0426      0             -4064.8857      0              0             -138.3382       99566.527      46.348724      46.348724      46.348724      0.84250045     97.250041      309.25723     -463.63538    
    117000   234000         334.23492     -49.930258      4149.3194      4221.647       3585.6506      635.99638      1269.8685      1229.9708      2224.2743      0             -4088.1172      0              0             -138.67269      99326.366      46.311429      46.311429      46.311429      0.84453753     168.35397     -28.303081     -289.84167    
    118000   236000         339.69595     -884.20875      2995.2873      4284.139       3644.2362      639.90283      1234.7066      1210.1291      2284.8621      0             -4089.795       0              0             -137.81079      99947.573      46.407775      46.407775      46.407775      0.83928845     139.74436     -1147.5294     -1644.8412    
    119000   238000         342.47722      122.7599       4549.0443      4369.2863      3674.0735      695.21279      1251.515       1198.5773      2296.8305      0             -4051.71        0              0             -137.18277      100405.13      46.478485      46.478485      46.478485      0.83546374     285.60603      149.13182     -66.458158    
    120000   240000         336.78723     -149.66018      4084.3655      4303.949       3613.0317      690.91735      1257.5271      1241.5448      2245.2537      0             -4053.4082      0              0             -136.91084      100604.55      46.509237      46.509237      46.509237      0.83380764    -345.16003      182.58185     -286.40235    
    121000   242000         335.29081     -208.47033      3893.7311      4199.6097      3596.9781      602.63155      1214.1061      1223.9344      2229.3467      0             -4064.7557      0              0             -136.90731      100607.15      46.509636      46.509636      46.509636      0.83378613    -393.94061      334.62952     -566.09991    
    122000   244000         335.8877       251.38945      4641.8195      4275.2701      3603.3815      671.88859      1240.6642      1248.956       2257.3621      0             -4075.0937      0              0             -137.76723      99979.178      46.412667      46.412667      46.412667      0.83902314    -286.16771      1131.8438     -91.507716    
    123000   246000         341.64134     -380.35879      3832.1269      4390.1492      3665.1062      725.04304      1299.1478      1180.1087      2309.5843      0             -4063.7978      0              0             -136.922        100596.35      46.507973      46.507973      46.507973      0.8338756     -923.64639      203.61214     -421.04211    
    124000   248000         346.04577      223.23067      4842.3962      4517.8616      3712.3566      805.50498      1276.7102      1253.7679      2337.6844      0             -4062.6576      0              0             -138.17332      99685.337      46.367153      46.367153      46.367153      0.84149631     611.91448      523.94155     -466.16401    
    125000   250000         341.12136      552.88183      5108.7546      4309.1354      3659.5279      649.60743      1268.5531      1249.9545      2218.3438      0             -4087.2439      0              0             -138.89303      99168.79       46.286926      46.286926      46.286926      0.84587947     20.720506     -344.62255      1982.5475    
    126000   252000         343.40405      299.04348      4748.4282      4318.0183      3684.0164      634.00188      1216.7787      1230.8873      2297.0122      0             -4110.6764      0              0             -139.56725      98689.73       46.212272      46.212272      46.212272      0.84998554     257.12655      704.45447     -64.450575    
    127000   254000         340.55777      299.53222      4746.7723      4312.1465      3653.4818      658.66477      1238.0279      1230.3966      2276.0527      0             -4085.8124      0              0             -138.43931      99493.811      46.337438      46.337438      46.337438      0.8431162      612.33591      348.15799     -61.897224    
    128000   256000         352.22475      104.95631      4593.4947      4440.4366      3778.6444      661.79218      1229.1444      1204.4719      2274.1944      0             -4046.0185      0              0             -137.74744      99993.537      46.414888      46.414888      46.414888      0.83890266     727.69667     -454.26527      41.43754     
    129000   258000         347.45179      388.27096      4967.1799      4401.4984      3727.4404      674.05806      1234.5899      1222.4172      2268.9613      0             -4051.9104      0              0             -137.8778       99898.998      46.400256      46.400256      46.400256      0.83969655    -413.41533      677.52055      900.70767    
    130000   260000         342.49774     -321.83446      3767.8189      4237.382       3674.2936      563.08838      1216.8091      1179.3497      2237.9328      0             -4071.0031      0              0             -137.67973      100042.72      46.422497      46.422497      46.422497      0.83849026     19.812477     -574.59945     -410.7164     
    131000   262000         348.72563     -133.3471       4203.9601      4398.147       3741.1061      657.04094      1257.6995      1214.2527      2239.0146      0             -4053.9259      0              0             -137.94155      99852.832      46.393107      46.393107      46.393107      0.84008477    -168.38917      115.89268     -347.54481    
    132000   264000         340.38238     -104.49508      4149.8757      4301.4937      3651.6002      649.89353      1230.1708      1233.8841      2286.8234      0             -4100.9849      0              0             -138.44474      99489.904      46.336832      46.336832      46.336832      0.84314931    -297.9446      -72.239529      56.698884    
    133000   266000         336.37632     -540.03003      3419.3998      4210.4505      3608.6234      601.82707      1219.979       1175.8155      2264.0902      0             -4058.0577      0              0             -137.13394      100440.88      46.484002      46.484002      46.484002      0.83516632     101.0254      -888.65563     -832.45987    
    134000   268000         341.16631      165.64031      4548.6492      4307.3817      3660.0101      647.37158      1191.7578      1283.5192      2254.7993      0             -4082.7048      0              0             -137.91091      99875.013      46.396542      46.396542      46.396542      0.8398982      984.23436     -120.29972     -367.01371    
    135000   270000         339.35916     -649.27792      3323.4922      4272.4867      3640.6232      631.86353      1263.1936      1234.7591      2223.7619      0             -4089.8511      0              0             -137.4353       100220.64      46.450001      46.450001      46.450001      0.83700166    -667.01513     -626.83689     -653.98172    
    136000   272000         344.38959     -531.69588      3541.0062      4320.3039      3694.5892      625.71464      1219.6715      1184.2383      2279.8017      0             -4057.9969      0              0             -137.05386      100499.57      46.493054      46.493054      46.493054      0.83467861    -411.20356     -401.08681     -782.79727    
    137000   274000         341.56817      55.291133      4317.2983      4237.0348      3664.3213      572.7135       1223.4685      1228.0454      2207.3427      0             -4086.1431      0              0             -138.37851      99537.521      46.344223      46.344223      46.344223      0.84274596     510.65698     -295.45637     -49.327213    
    138000   276000         338.48077      174.51894      4653.2541      4398.914       3631.1999      767.71419      1286.4339      1306.6005      2256.7053      0             -4082.0255      0              0             -137.83491      99930.084      46.405068      46.405068      46.405068      0.83943534     401.14477     -65.658212      188.07026    
    139000   278000         343.25375      255.67079      4791.5103      4419.653       3682.404       737.24898      1286.315       1245.2529      2305.2524      0             -4099.5713      0              0             -138.11353      99728.492      46.373843      46.373843      46.373843      0.84113218     971.1045      -55.680862     -148.41125    
    140000   280000         337.85395     -252.04528      3832.2053      4196.1074      3624.4753      571.63206      1197.9718      1204.2775      2278.3246      0             -4108.9418      0              0             -139.13148      98998.833      46.260468      46.260468      46.260468      0.84733164    -470.22512     -65.468894     -220.44183    
    141000   282000         340.16762     -98.360775      4178.3199      4321.8133      3649.2962      672.51706      1212.0939      1226.95        2316.4153      0             -4082.9421      0              0             -137.69604      100030.86      46.420663      46.420663      46.420663      0.83858963    -517.48292      233.77655     -11.375954    
    142000   284000         331.1628      -576.23879      3398.5307      4231.071       3552.6932      678.37786      1269.0099      1208.6725      2292.5146      0             -4091.8191      0              0             -139.03643      99066.513      46.271008      46.271008      46.271008      0.84675277    -96.331767     -321.91595     -1310.4687    
    143000   286000         338.24247     -552.10684      3427.6013      4227.0488      3628.6434      598.40543      1228.5933      1221.9067      2256.6518      0             -4108.7463      0              0             -138.72813      99286.671      46.305259      46.305259      46.305259      0.84487517    -450.57264     -762.12488     -443.623      
    144000   288000         339.22543     -627.24449      3362.0405      4280.1856      3639.1885      640.99709      1235.0266      1243.7756      2235.7754      0             -4073.5805      0              0             -137.23248      100368.76      46.472873      46.472873      46.472873      0.83576645    -445.99276     -645.49988     -790.24082    
    145000   290000         337.16927      59.946508      4418.3966      4331.4948      3617.1302      714.36458      1253.8656      1262.3472      2322.2704      0             -4124.1187      0              0             -138.56911      99400.609      46.322965      46.322965      46.322965      0.84390674     209.96171     -73.028111      42.905921    
    146000   292000         344.59007      165.56522      4528.8531      4289.8094      3696.74        593.06941      1228.4328      1254.4056      2235.1334      0             -4124.9025      0              0             -139.1308       98999.315      46.260543      46.260543      46.260543      0.84732752    -465.23009      67.771023      894.15473    
    147000   294000         337.08018      117.14002      4335.6873      4165.0194      3616.1743      548.84505      1188.9811      1205.9649      2225.713       0             -4071.814       0              0             -137.87475      99901.208      46.400598      46.400598      46.400598      0.83967797    -71.081816     -114.30099      536.80286    
    148000   296000         333.78191      427.34189      4812.8346      4191.2767      3580.7908      610.48588      1216.9047      1210.168       2242.2568      0             -4058.8437      0              0             -138.11002      99731.023      46.374235      46.374235      46.374235      0.84111083     370.61087     -0.49818973     911.91298    
    149000   298000         338.17298     -373.01529      3687.2524      4232.7216      3627.8978      604.82377      1240.2252      1173.2631      2273.7797      0             -4082.4442      0              0             -137.36869      100269.24      46.457508      46.457508      46.457508      0.83659599    -1129.4613      433.49324     -423.07781    
    150000   300000         341.9248       306.05327      4678.1356      4234.075       3668.1472      565.92784      1184.2889      1254.7865      2229.2032      0             -4102.3507      0              0             -138.44785      99487.673      46.336486      46.336486      46.336486      0.84316821     1056.2547      162.65485     -300.74971    
    151000   302000         338.21711      301.2154       4718.8707      4277.6715      3628.3713      649.30022      1218.2817      1252.5598      2256.2173      0             -4077.7585      0              0             -137.14307      100434.19      46.48297       46.48297       46.48297       0.83522196     411.72241     -409.37718      901.30097    
    152000   304000         333.64024     -269.84736      3899.8569      4294.731       3579.2709      715.46009      1262.0918      1229.2842      2291.6693      0             -4067.5851      0              0             -137.27482      100337.8       46.468094      46.468094      46.468094      0.83602432    -225.91475     -583.37715     -0.25017266   
    153000   306000         332.61994     -352.06183      3763.3482      4279.0039      3568.3253      710.67861      1192.5985      1257.2069      2309.5068      0             -4048.6336      0              0             -137.14834      100430.34      46.482375      46.482375      46.482375      0.83525403    -210.11502     -382.80859     -463.26189    
    154000   308000         339.53102      292.73813      4783.1379      4352.7512      3642.4668      710.28438      1239.0112      1216.0006      2253.3542      0             -3998.0817      0              0             -136.63182      100810         46.540874      46.540874      46.540874      0.83210835     644.55347     -135.97477      369.63568    
    155000   310000         337.92832      116.93264      4445.7445      4275.6308      3625.2732      650.35764      1228.5396      1230.301       2283.2038      0             -4091.6868      0              0             -138.07906      99753.387      46.377701      46.377701      46.377701      0.84092226    -180.57543      398.67694      132.69642    
    156000   312000         337.24594      598.36467      5108.6151      4230.7013      3617.9527      612.74861      1253.4964      1211.6146      2221.2864      0             -4073.6488      0              0             -136.91324      100602.79      46.508965      46.508965      46.508965      0.83382222     65.545763      1154.1524      575.39588    
    157000   314000         339.14526     -67.921575      4117.1155      4215.6119      3638.3284      577.28346      1185.8686      1237.7283      2247.3689      0             -4093.6823      0              0             -138.522        99434.413      46.328215      46.328215      46.328215      0.84361984    -228.76613     -153.65047      178.65188    
    158000   316000         344.65731      119.91123      4444.8658      4268.7282      3697.4613      571.26686      1216.2645      1159.2098      2240.9237      0             -4045.1311      0              0             -136.75369      100720.16      46.527046      46.527046      46.527046      0.83285054     347.07988     -212.99426      225.64808    
    159000   318000         333.09782     -688.38628      3209.2494      4217.4576      3573.4519      644.00571      1243.8668      1221.5283      2238.7336      0             -4060.123       0              0             -137.15554      100425.06      46.481561      46.481561      46.481561      0.83529789    -433.5554      -718.01973     -913.58369    
    160000   320000         340.65922      176.99451      4474.2243      4215.9976      3654.5701      561.42751      1203.7312      1248.7613      2207.6028      0             -4098.6678      0              0             -137.68606      100038.12      46.421785      46.421785      46.421785      0.83852882     235.88123      377.91578     -82.813465    
    161000   322000         331.48903     -74.779243      4080.7944      4189.5094      3556.1929      633.31654      1242.2043      1202.3921      2232.8139      0             -4044.0938      0              0             -138.17289      99685.644      46.3672        46.3672        46.3672        0.84149372     290.33999     -629.07682      114.3991     
    162000   324000         341.35599      397.73884      4925.0279      4341.9594      3662.045       679.91443      1245.7364      1255.3303      2242.5135      0             -4063.6658      0              0             -137.02816      100518.42      46.49596       46.49596       46.49596       0.83452209     272.85223      332.78919      587.5751     
    163000   326000         338.78889     -362.17189      3758.261       4289.3405      3634.5053      654.83514      1212.9185      1209.4902      2306.9691      0             -4074.5427      0              0             -136.98928      100546.95      46.500358      46.500358      46.500358      0.83428534    -140.01883     -908.91433     -37.582513    
    164000   328000         337.13721     -209.06811      3767.5353      4071.538       3616.7862      454.75172      1179.2066      1182.8641      2170.897       0             -4078.2159      0              0             -138.14712      99704.244      46.370084      46.370084      46.370084      0.84133674    -636.04346     -69.892057      78.731198    
    165000   330000         340.33324      711.31981      5349.5358      4319.3415      3651.073       668.26854      1250.1889      1229.1904      2296.1539      0             -4107.2647      0              0             -138.70022      99306.648      46.308364      46.308364      46.308364      0.84470522     1314.7101      94.951772      724.29759    
    166000   332000         334.51071     -424.40808      3645.7215      4266.3877      3588.6093      677.77843      1202.8344      1218.5029      2321.9936      0             -4065.5525      0              0             -137.35892      100276.37      46.458609      46.458609      46.458609      0.8365365     -727.93706     -562.08128      16.794109    
    167000   334000         338.82002      273.09589      4647.8995      4247.8353      3634.8393      612.99601      1211.7492      1214.4996      2249.4165      0             -4062.6694      0              0             -137.12506      100447.39      46.485005      46.485005      46.485005      0.83511223    -4.9275762      646.60826      177.60699    
    168000   336000         345.04512      1279.6977      6198.5394      4331.8853      3701.6217      630.26358      1213.5276      1189.7483      2264.0045      0             -4037.0168      0              0             -137.713        100018.55      46.418758      46.418758      46.418758      0.83869286     558.61365      1311.9863      1968.4932    
    169000   338000         333.2531      -58.301519      4073.6348      4158.7579      3575.1177      583.64021      1201.3399      1160.0074      2281.0242      0             -4058.7313      0              0             -137.58259      100113.35      46.433419      46.433419      46.433419      0.83789868    -247.33732      330.97164     -258.53888    
    170000   340000         335.74991     -297.90715      3755.9518      4189.5696      3601.9033      587.66629      1214.7917      1191.2401      2264.5856      0             -4082.9511      0              0             -138.0083       99804.535      46.385626      46.385626      46.385626      0.8404913     -83.15904      -309.67487     -500.88755    
    171000   342000         344.06868      518.02138      5063.8481      4313.2122      3691.1466      622.06561      1210.2461      1220.6608      2272.1032      0             -4080.9445      0              0             -138.6276       99358.671      46.316449      46.316449      46.316449      0.84426294     889.98756      382.32398      281.75261    
    172000   344000         339.67725     -85.411305      4176.106       4300.8442      3644.0356      656.80854      1233.2362      1210.1997      2252.7013      0             -4039.3287      0              0             -137.54582      100140.11      46.437556      46.437556      46.437556      0.83767477    -917.8053       630.02224      31.549141    
    173000   346000         346.27515      288.04903      4616.6849      4197.4663      3714.8174      482.64889      1161.3398      1185.3006      2221.3585      0             -4085.35        0              0             -138.02485      99792.57       46.383773      46.383773      46.383773      0.84059208     585.64208      134.69881      143.80618    
    174000   348000         331.79151     -439.10005      3522.2671      4167.2383      3559.4379      607.80037      1213.891       1190.045       2278.8965      0             -4075.0321      0              0             -136.75858      100716.57      46.526491      46.526491      46.526491      0.83288031    -844.21209     -928.69142      455.60336    
    175000   350000         335.03496      121.75424      4420.4556      4244.1992      3594.2334      649.96579      1238.5258      1210.3726      2291.497       0             -4090.4296      0              0             -138.76198      99262.452      46.301493      46.301493      46.301493      0.84508132     424.38379     -656.12977      597.00869    
    176000   352000         343.09848      239.07796      4481.9629      4134.7567      3680.7383      454.0184       1211.3971      1148.3222      2183.474       0             -4089.1749      0              0             -138.31954      99579.961      46.350809      46.350809      46.350809      0.84238679     595.53384     -34.105071      155.80512    
    177000   354000         334.71383     -777.67184      3087.7538      4215.931       3590.7883      625.14271      1257.5774      1210.6588      2240.4886      0             -4083.5821      0              0             -138.46832      99472.962      46.334202      46.334202      46.334202      0.84329291    -1289.017      -621.56314     -422.43538    
    178000   356000         337.56244     -38.13542       4151.4346      4206.6823      3621.3481      585.33422      1254.5395      1172.0627      2251.4497      0             -4092.7177      0              0             -138.65826      99336.701      46.313035      46.313035      46.313035      0.84444966    -469.48535      186.82171      168.25738    
    179000   358000         335.66135      104.22691      4224.0205      4073.5671      3600.9533      472.6138       1228.1219      1191.9097      2202.6719      0             -4150.0896      0              0             -139.15834      98979.722      46.257491      46.257491      46.257491      0.84749524     13.041085     -158.80776      458.44742    
    180000   360000         337.97759     -30.843821      4175.846       4220.1102      3625.8018      594.30846      1304.1684      1192.717       2226.9667      0             -4129.5437      0              0             -139.97382      98403.075      46.167486      46.167486      46.167486      0.85246161    -807.79135      470.73139      244.52849    
    181000   362000         340.38299      492.47143      4923.3898      4209.7645      3651.6067      558.15777      1205.8229      1218.2557      2251.8401      0             -4117.7609      0              0             -138.62519      99360.395      46.316717      46.316717      46.316717      0.84424829     421.66896      986.19161      69.553729    
    182000   364000         332.70339      43.110643      4226.6391      4164.1083      3569.2204      594.88788      1249.8609      1234.2236      2210.2609      0             -4099.4575      0              0             -138.49105      99456.635      46.331666      46.331666      46.331666      0.84343135     818.92578     -1388.4908      698.897      
    183000   366000         333.54764     -273.89182      3728.8598      4125.6357      3578.2775      547.35817      1216.4788      1234.9047      2229.7576      0             -4133.783       0              0             -138.66446      99332.255      46.312344      46.312344      46.312344      0.84448745     42.809169     -16.962998     -847.52163    
    184000   368000         334.36506      54.539955      4240.5363      4161.1409      3587.0467      574.09421      1269.3897      1198.9655      2199.195       0             -4093.456       0              0             -137.99112      99816.959      46.387551      46.387551      46.387551      0.84038669    -358.51989      683.97416     -161.8344     
    185000   370000         331.0845       391.30208      4621.148       4058.2872      3551.8532      506.43406      1230.4836      1248.3386      2181.3231      0             -4153.7112      0              0             -139.65051      98630.887      46.203086      46.203086      46.203086      0.85049264    -8.6562372      431.12131      751.44118    
    186000   372000         334.64976      371.05203      4595.2826      4055.7679      3590.101       465.66688      1215.459       1178.8649      2164.3234      0             -4092.9804      0              0             -138.15382      99699.41       46.369334      46.369334      46.369334      0.84137753     617.97573     -313.92202      809.1024     
    187000   374000         331.3997      -283.96467      3775.1398      4188.4674      3555.2345      633.23291      1227.8181      1260.0415      2194.3384      0             -4048.9651      0              0             -138.00704      99805.441      46.385767      46.385767      46.385767      0.84048367    -133.09744     -306.83376     -411.96282    
    188000   376000         329.85357      352.65799      4614.267       4105.4052      3538.6477      566.75749      1255.0558      1175.3504      2251.8889      0             -4115.5376      0              0             -139.21476      98939.61       46.251242      46.251242      46.251242      0.84783883     203.52996      679.12071      175.32329    
    189000   378000         333.54442     -645.50789      3121.793       4055.4562      3578.2429      477.21324      1181.6357      1199.5365      2219.3579      0             -4123.3168      0              0             -138.88095      99177.417      46.288268      46.288268      46.288268      0.84580589    -515.72467     -387.79082     -1033.0082    
    190000   380000         338.49664      190.81742      4461.4773      4186.3464      3631.3701      554.97632      1240.6058      1202.5866      2248.7053      0             -4136.9213      0              0             -139.31887      98865.671      46.239718      46.239718      46.239718      0.84847291     617.08685      107.82006     -152.45465    
    191000   382000         335.6507      -401.91664      3529.1833      4112.0655      3600.839       511.22653      1217.8506      1176.7591      2231.0232      0             -4114.4065      0              0             -138.51172      99441.791      46.329361      46.329361      46.329361      0.84355724    -275.73415     -245.98514     -684.03062    
    192000   384000         336.91996      371.00198      4702.5795      4161.7843      3614.4556      547.32869      1222.0115      1237.9043      2179.8998      0             -4092.4869      0              0             -137.80811      99949.519      46.408077      46.408077      46.408077      0.83927211     417.39098      55.141236      640.47374    
    193000   386000         333.97723     -384.51763      3493.0799      4048.8355      3582.8862      465.94929      1196.1561      1191.0661      2202.7722      0             -4124.0451      0              0             -138.98368      99104.107      46.27686       46.27686       46.27686       0.84643156    -779.85821     -17.727335     -355.96735    
    194000   388000         340.61876     -146.71028      3995.0073      4208.2802      3654.136       554.14423      1208.8887      1199.6357      2242.4075      0             -4096.7876      0              0             -138.1835       99677.995      46.366014      46.366014      46.366014      0.84155829    -394.23749      403.87206     -449.76542    
    195000   390000         332.41568      363.2293       4639.2357      4107.5678      3566.1339      541.43389      1183.081       1236.8225      2197.0429      0             -4075.5125      0              0             -137.23718      100365.33      46.472343      46.472343      46.472343      0.83579505     223.26574      227.26626      639.15589    
    196000   392000         325.31121      659.78925      5111.3126      4163.4929      3489.9177      673.5752       1240.3008      1222.8166      2344.4619      0             -4134.0042      0              0             -139.83337      98501.908      46.182937      46.182937      46.182937      0.85160628     217.12591      753.6726       1008.5692    
    197000   394000         326.0325       236.23412      4328.0475      3985.2269      3497.6556      487.57133      1176.6863      1206.7981      2229.6648      0             -4125.5779      0              0             -138.42261      99505.808      46.339301      46.339301      46.339301      0.84301454    -400.30206      458.94883      650.05559    
    198000   396000         337.44984      406.42138      4735.86        4146.7542      3620.1401      526.61408      1184.9181      1163.428       2317.6276      0             -4139.3596      0              0             -138.58449      99389.58       46.321252      46.321252      46.321252      0.84400038     479.33853      836.45899     -96.533367    
    199000   398000         337.51491     -205.06534      3843.9538      4141.7237      3620.8381      520.88556      1213.5718      1192.0909      2210.812       0             -4095.5891      0              0             -138.33843      99566.363      46.348699      46.348699      46.348699      0.84250183    -799.77579     -33.020184      217.59997    
    200000   400000         337.68424      302.37877      4695.683       4261.593       3622.6548      638.93825      1249.2665      1219.6625      2321.5262      0             -4151.5169      0              0             -139.92744      98435.688      46.172585      46.172585      46.172585      0.85217918     1313.0071     -728.78138      322.91062    
    201000   402000         332.404        310.14717      4636.8777      4184.8743      3566.0087      618.86561      1265.307       1139.6276      2293.7041      0             -4079.7732      0              0             -137.83435      99930.488      46.405131      46.405131      46.405131      0.83943194     318.43273      214.93451      397.07429    
    202000   404000         337.73959      239.6384       4577.4166      4229.1306      3623.2485      605.88207      1264.1143      1189.3484      2263.8493      0             -4111.4299      0              0             -138.21388      99656.083      46.362616      46.362616      46.362616      0.84174334     753.04215     -245.84602      211.71905    
    203000   406000         325.81269     -382.62809      3524.2396      4081.4149      3495.2975      586.11745      1229.2624      1189.0676      2257.4303      0             -4089.6429      0              0             -137.9483       99847.94       46.39235       46.39235       46.39235       0.84012593    -136.96894     -727.4897      -283.42561    
    204000   408000         328.18135      577.32859      4984.836       4140.9228      3520.7083      620.21454      1204.596       1216.4665      2278.3209      0             -4079.1689      0              0             -137.42212      100230.25      46.451486      46.451486      46.451486      0.83692139     1503.6435      102.53687      125.8054     
    205000   410000         345.00922      515.08387      4892.5224      4149.4067      3701.2366      448.17005      1170.4898      1180.6926      2207.6465      0             -4110.6589      0              0             -139.23643      98924.212      46.248842      46.248842      46.248842      0.8479708      610.0352       190.34088      744.87553    
    206000   412000         334.35527     -9.1184886      4193.133       4206.4771      3586.9418      619.53532      1222.7115      1253.603       2204.476       0             -4061.2551      0              0             -137.26738      100343.24      46.468934      46.468934      46.468934      0.83597902    -208.30808     -83.148966      264.10158    
    207000   414000         336.44201     -134.02789      3903.4893      4096.668       3609.3282      487.33979      1186.564       1215.9692      2215.6081      0             -4130.8015      0              0             -139.36938      98829.843      46.234131      46.234131      46.234131      0.8487805      54.600065      238.0755      -694.75924    
    208000   416000         339.50214     -623.07298      3325.1477      4228.0423      3642.157       585.88532      1229.0364      1240.7247      2206.7671      0             -4090.6429      0              0             -138.62233      99362.447      46.317036      46.317036      46.317036      0.84423085    -333.39182     -1477.9369     -57.890191    
    209000   418000         333.21934      332.75551      4670.5478      4187.6589      3574.7556      612.90332      1253.5614      1207.2195      2224.2028      0             -4072.0803      0              0             -138.42337      99505.265      46.339217      46.339217      46.339217      0.84301915    -95.988129      608.72594      485.52872    
    210000   420000         330.71157      72.086509      4271.4639      4166.1317      3547.8524      618.27929      1266.0535      1206.8649      2221.6635      0             -4076.3026      0              0             -137.47505      100191.67      46.445524      46.445524      46.445524      0.83724371     137.55696      133.49838     -54.795814    
    211000   422000         329.05275      307.99206      4504.7621      4056.0853      3530.0567      526.02869      1179.4394      1190.7568      2243.2603      0             -4087.4278      0              0             -137.89144      99889.118      46.398726      46.398726      46.398726      0.8397796      937.02321     -304.96309      291.91608    
    212000   424000         330.73598      2.6568582      4074.3547      4070.4814      3548.1142      522.36725      1188.2243      1216.554       2201.273       0             -4083.6841      0              0             -137.79193      99961.251      46.409892      46.409892      46.409892      0.83917361     173.29802      625.60483     -790.93227    
    213000   426000         337.30376      270.54928      4608.9096      4216.1974      3618.573       597.62442      1190.2788      1273.78        2220.5226      0             -4086.957       0              0             -138.38957      99529.569      46.342989      46.342989      46.342989      0.84281329     272.43414     -243.72901      782.9427     
    214000   428000         337.87243      378.92747      4658.7755      4107.7042      3624.6736      483.03059      1200.4038      1188.8789      2173.0748      0             -4079.3269      0              0             -138.12735      99718.513      46.372296      46.372296      46.372296      0.84121635    -76.798753      290.44963      923.13152    
    215000   430000         328.60719     -238.74906      3719.9911      4066.937       3525.2767      541.66024      1200.8652      1214.7284      2225.9111      0             -4099.8445      0              0             -138.23286      99642.399      46.360494      46.360494      46.360494      0.84185893     148.69601     -736.34067     -128.60252    
    216000   432000         331.41743      3.4801159      4143.4323      4138.367       3555.4247      582.94223      1243.0369      1272.5335      2148.2571      0             -4080.8853      0              0             -138.01268      99801.368      46.385136      46.385136      46.385136      0.84051797     112.06103      89.107483     -190.72816    
    217000   434000         332.3158       165.49628      4266.0441      4026.7462      3565.0624      461.68383      1204.6191      1184.5977      2192.586       0             -4120.119       0              0             -138.92511      99145.89       46.283363      46.283363      46.283363      0.84607485     561.09415     -436.47471      371.86941    
    218000   436000         334.60574     -15.689886      4016.1807      4039.0499      3589.6288      449.42115      1188.5363      1169.0909      2159.1381      0             -4067.3442      0              0             -137.81565      99944.046      46.40723       46.40723       46.40723       0.83931806     396.02148     -526.83274      83.741597    
    219000   438000         324.41607     -15.97985       3946.3019      3969.6477      3480.3146      489.33307      1228.4086      1137.6077      2234.8496      0             -4111.5329      0              0             -137.49769      100175.17      46.442974      46.442974      46.442974      0.83738163    -79.793238      34.007891     -2.154202     
    220000   440000         329.76415     -249.6268       3738.9855      4102.1635      3537.6885      564.47502      1251.4206      1168.1414      2218.9002      0             -4073.9871      0              0             -138.0712       99759.064      46.378581      46.378581      46.378581      0.84087441    -579.23382      454.8245      -624.4711     
    221000   442000         340.49382     -687.19848      3242.3624      4242.5902      3652.7957      589.79451      1223.4775      1222.601       2252.6849      0             -4108.9689      0              0             -138.01131      99802.359      46.385289      46.385289      46.385289      0.84050963    -672.85128     -843.37597     -545.3682     
    222000   444000         339.44416      101.53201      4352.1031      4204.5358      3641.535       563.00072      1210.415       1216.5313      2223.0929      0             -4087.0385      0              0             -138.21149      99657.81       46.362884      46.362884      46.362884      0.84172875     637.54878     -395.52954      62.576799    
    223000   446000         332.62109     -250.76808      3675.5007      4037.6907      3568.3376      469.35309      1184.3244      1191.4783      2201.7118      0             -4108.1613      0              0             -139.08081      99034.902      46.266086      46.266086      46.266086      0.84702303    -216.99926      166.94326     -702.24824    
    224000   448000         330.27683      329.34888      4542.7408      4064.5506      3543.1885      521.36217      1210.3947      1174.0497      2210.6629      0             -4073.7451      0              0             -138.35248      99556.249      46.34713       46.34713       46.34713       0.84258743    -350.79236      638.12135      700.71766    
    225000   450000         328.94304     -586.23965      3232.4151      4083.6034      3528.8796      554.72381      1218.0704      1191.9151      2247.0718      0             -4102.3334      0              0             -138.35054      99557.645      46.347346      46.347346      46.347346      0.84257561    -69.415052     -1495.9896     -193.31429    
    226000   452000         329.99316      232.83353      4395.916       4058.8234      3540.1453      518.6781       1207.8575      1192.7157      2229.5308      0             -4111.4258      0              0             -138.74829      99272.241      46.303016      46.303016      46.303016      0.84499798    -209.83017      486.04645      422.28432    
    227000   454000         328.27348     -662.75975      3054.6236      4023.578       3521.6967      501.88131      1218.2639      1168.851       2191.8274      0             -4077.061       0              0             -137.39918      100246.99      46.454071      46.454071      46.454071      0.8367817     -216.33502     -1419.2918     -352.65239    
    228000   456000         334.09436      1061.104       5648.0752      4096.181       3584.1427      512.03827      1189.8174      1198.5264      2171.6268      0             -4047.9324      0              0             -137.34954      100283.22      46.459666      46.459666      46.459666      0.83647937     977.03352      765.70219      1440.5764    
    229000   458000         333.92496     -44.603846      3974.2823      4039.3392      3582.3254      457.01384      1163.3998      1176.4869      2210.0852      0             -4092.9581      0              0             -137.72415      100010.45      46.417505      46.417505      46.417505      0.83876077    -358.7244       101.04122      123.87164    
    230000   460000         327.09722      171.683        4342.8212      4091.3567      3509.0778      582.27889      1173.83        1236.0794      2240.7537      0             -4068.3841      0              0             -137.14567      100432.29      46.482677      46.482677      46.482677      0.83523775    -541.9806       737.87628      319.15332    
    231000   462000         333.04343      254.79733      4470.8255      4100.2176      3572.8684      527.34925      1177.7389      1187.4285      2256.7352      0             -4094.5535      0              0             -138.10571      99734.139      46.374718      46.374718      46.374718      0.84108455     611.15837      186.17209     -32.938457    
    232000   464000         332.57756      23.843364      4070.1131      4035.1021      3567.8706      467.2315       1187.3538      1169.4746      2193.4289      0             -4083.0258      0              0             -136.80226      100684.4       46.521538      46.521538      46.521538      0.83314635    -324.75649      311.04977      85.236812    
    233000   466000         325.71449      381.46629      4521.9159      3964.4146      3494.244       470.17057      1173.8994      1180.5914      2199.9879      0             -4084.3081      0              0             -137.449        100210.65      46.448458      46.448458      46.448458      0.8370851      575.15172     -297.20927      866.45643    
    234000   468000         329.48685      86.815301      4251.3039      4124.3613      3534.7136      589.6477       1199.3786      1202.441       2255.1015      0             -4067.2733      0              0             -137.37899      100261.72      46.456347      46.456347      46.456347      0.83665871     220.52676     -402.02957      441.94872    
    235000   470000         326.79615      416.68848      4650.0146      4040.5027      3505.848       534.65472      1188.8745      1163.062       2244.8727      0             -4062.1545      0              0             -137.3285       100298.58      46.462039      46.462039      46.462039      0.83635123     580.78267      1180.6148     -511.33199    
    236000   472000         331.44005      722.12285      5181.0123      4132.6995      3555.6675      577.03201      1216.6791      1209.1275      2223.9019      0             -4072.6765      0              0             -138.37306      99541.442      46.344832      46.344832      46.344832      0.84271276     1567.7676     -142.9028       741.50373    
    237000   474000         331.31524     -6.2211755      4041.1681      4050.2509      3554.3285      495.92243      1207.9058      1165.6154      2192.212       0             -4069.8108      0              0             -137.59005      100107.92      46.43258       46.43258       46.43258       0.8379441     -429.90254      756.88446     -345.64545    
    238000   476000         335.04487      356.77213      4646.5376      4128.1583      3594.3397      533.81854      1214.3667      1232.0929      2185.6282      0             -4098.2693      0              0             -138.25302      99627.869      46.358241      46.358241      46.358241      0.84198171     366.99965      81.222055      622.09469    
    239000   478000         334.76414     -678.65521      3171.4375      4161.9312      3591.3281      570.60307      1233.7368      1201.3212      2218.1863      0             -4082.6412      0              0             -137.63499      100075.23      46.427525      46.427525      46.427525      0.83821782    -967.86231     -905.55266     -162.55066    
    240000   480000         327.46261      309.62983      4432.3269      3983.2311      3512.9977      470.23346      1201.4256      1179.0699      2199.8447      0             -4110.1068      0              0             -138.49536      99453.538      46.331186      46.331186      46.331186      0.84345761    -336.50491      1182.391       83.003413    
    241000   482000         333.13966      34.292791      4110.8648      4060.9202      3573.9007      487.01944      1133.15        1209.7637      2221.2827      0             -4077.177       0              0             -137.9258       99864.231      46.394873      46.394873      46.394873      0.83998888     101.95246     -453.97979      454.9057     
    242000   484000         336.86813     -151.89231      3980.0044      4200.8921      3613.8995      586.99264      1249.5253      1230.4896      2222.3876      0             -4115.4098      0              0             -138.13238      99714.88       46.371733      46.371733      46.371733      0.841247       390.07478     -190.08685     -655.66484    
    243000   486000         328.84612     -247.49241      3674.4708      4035.3504      3527.8399      507.51048      1222.7459      1190.8446      2183.4257      0             -4089.5057      0              0             -137.76245      99982.643      46.413203      46.413203      46.413203      0.83899406    -217.45889     -615.01117      89.992826    
    244000   488000         327.16563     -371.09206      3552.8524      4094.8043      3509.8118      584.9925       1212.4317      1190.6207      2246.5961      0             -4064.6561      0              0             -137.54738      100138.98      46.437381      46.437381      46.437381      0.83768426    -562.83009     -641.19674      90.750651    
    245000   490000         329.66329     -10.837482      3969.9621      3985.6014      3536.6065      448.99486      1201.5169      1216.7096      2169.0988      0             -4138.3305      0              0             -139.20151      98949.028      46.252709      46.252709      46.252709      0.84775813     145.06351     -336.14678      158.57083    
    246000   492000         333.12626      128.38582      4270.1625      4083.8197      3573.757       510.06274      1218.5079      1194.3934      2211.4223      0             -4114.2609      0              0             -138.39991      99522.135      46.341835      46.341835      46.341835      0.84287625     279.24829      700.32345     -594.41429    
    247000   494000         332.14138      528.41663      4791.7329      4030.5834      3563.1912      467.39218      1180.4714      1194.658       2250.1299      0             -4157.8672      0              0             -139.45621      98768.306      46.224533      46.224533      46.224533      0.84930933     97.874808      778.54566      708.82941    
    248000   496000         334.23273      147.36146      4303.651       4088.9176      3585.6272      503.29042      1230.6633      1207.8993      2189.5498      0             -4124.822       0              0             -137.8528       99917.114      46.403061      46.403061      46.403061      0.8395443      379.35996      551.35523     -488.63082    
    249000   498000         334.95361     -141.79431      3848.3393      4052.4635      3593.3607      459.1028       1205.844       1145.0283      2255.1989      0             -4146.9683      0              0             -139.53904      98709.678      46.215385      46.215385      46.215385      0.84981377    -424.50999      4.85832       -5.7312602    
    250000   500000         336.3885       24.957564      4123.0468      4086.8231      3608.7541      478.06902      1188.1797      1235.8467      2163.9784      0             -4109.9358      0              0             -138.40134      99521.099      46.341674      46.341674      46.341674      0.84288502     216.41733     -263.41121      121.86657    
    251000   502000         330.03286     -55.161353      4037.6358      4117.5711      3540.5712      576.99985      1265.7445      1176.3197      2246.2218      0             -4111.2861      0              0             -138.62062      99363.67       46.317226      46.317226      46.317226      0.84422046    -295.72         160.01801     -29.78207     
    252000   504000         334.00452      239.2504       4564.1191      4216.5062      3583.1789      633.32735      1267.0466      1228.1364      2219.41        0             -4081.2657      0              0             -138.25732      99624.77       46.35776       46.35776       46.35776       0.8420079     -344.28257      584.13789      477.89587    
    253000   506000         330.55353     -348.88406      3641.8231      4151.0766      3546.1569      604.91978      1260.5823      1201.7303      2190.2464      0             -4047.6392      0              0             -137.61903      100086.84      46.429321      46.429321      46.429321      0.83812059    -415.41841     -147.03006     -484.20372    
    254000   508000         334.27502     -243.29919      3639.6214      3991.3654      3586.0808      405.28458      1207.4661      1177.0729      2164.9033      0             -4144.1577      0              0             -138.94578      99131.146      46.281068      46.281068      46.281068      0.84620068    -17.026572     -844.68622      131.81522    
    255000   510000         332.91222     -312.91832      3552.8493      4004.5109      3571.4608      433.0501       1236.5113      1181.7551      2162.8451      0             -4148.0614      0              0             -139.17113      98970.625      46.256074      46.256074      46.256074      0.84757314    -5.346903      -464.73853     -468.66952    
    256000   512000         328.13069      37.540137      4005.7823      3951.6577      3520.1648      431.49294      1179.8365      1200.0895      2178.5766      0             -4127.0097      0              0             -139.3263       98860.399      46.238896      46.238896      46.238896      0.84851816     527.66496      91.46127      -506.50582    
    257000   514000         325.06472     -137.05642      3724.8363      3924.3382      3487.2733      437.06484      1231.6449      1159.226       2171.0025      0             -4124.8085      0              0             -138.0015       99809.449      46.386388      46.386388      46.386388      0.84044992    -6.4929289     -644.94859      240.27226    
    258000   516000         332.0036      -342.98625      3426.5967      3925.1054      3561.7132      363.39225      1169.0543      1131.0859      2197.0731      0             -4133.8211      0              0             -138.20867      99659.838      46.363199      46.363199      46.363199      0.84171162    -152.26129     -329.08273     -547.61474    
    259000   518000         328.54635      233.97033      4416.6351      4079.2909      3524.624       554.66689      1248.5772      1174.2111      2275.8856      0             -4144.0071      0              0             -139.32176      98863.626      46.239399      46.239399      46.239399      0.84849046     471.55983      127.80966      102.54151    
    260000   520000         334.21579      543.40293      4881.3376      4092.7541      3585.4454      507.30878      1183.1812      1167.1683      2259.2976      0             -4102.3382      0              0             -138.42217      99506.126      46.33935       46.33935       46.33935       0.84301185     674.92969      96.245042      859.03407    
    261000   522000         333.27338      573.27768      4964.9701      4137.0755      3575.3353      561.74018      1226.9459      1211.608       2230.474       0             -4107.2877      0              0             -139.09815      99022.554      46.264163      46.264163      46.264163      0.84712866     761.59499      96.626383      861.61166    
    262000   524000         330.87939     -246.18312      3621.835       3981.0181      3549.6527      431.36541      1187.5781      1144.2829      2188.8739      0             -4089.3694      0              0             -137.68093      100041.84      46.422361      46.422361      46.422361      0.83849758    -672.48918     -183.36441      117.30424    
    263000   526000         334.42576     -16.271822      4161.4942      4185.1545      3587.6979      597.45661      1238.9941      1202.3482      2244.648       0             -4088.5337      0              0             -138.14881      99703.023      46.369895      46.369895      46.369895      0.84134705     3.5461368      213.0075      -265.3691     
    264000   528000         327.95383     -168.89785      3827.3554      4072.6269      3518.2675      554.35939      1219.0736      1198.3571      2256.4844      0             -4119.5557      0              0             -138.32745      99574.263      46.349925      46.349925      46.349925      0.842435       451.05492     -421.48349     -536.26499    
    265000   530000         335.04781     -53.620274      3857.4914      3935.0312      3594.3713      340.65991      1116.2068      1185.2407      2172.7166      0             -4133.5042      0              0             -138.91073      99156.155      46.28496       46.28496       46.28496       0.84598725     491.89131     -236.44319     -416.30894    
    266000   532000         324.24553      344.01173      4403.8849      3903.9421      3478.4851      425.45698      1184.6729      1180.9177      2175.5251      0             -4115.6587      0              0             -138.22427      99648.596      46.361455      46.361455      46.361455      0.84180657     708.87043      464.15224     -140.98746    
    267000   534000         334.70459     -176.33541      3889.9464      4144.074       3590.6892      553.38484      1193.3718      1214.4511      2259.2623      0             -4113.7004      0              0             -139.38598      98818.071      46.232296      46.232296      46.232296      0.84888161     258.31545     -324.50159     -462.82009    
    268000   536000         328.36394      18.159046      4032.3015      4006.0551      3522.6672      483.38793      1175.0967      1210.8934      2231.5407      0             -4134.1429      0              0             -138.98091      99106.089      46.277169      46.277169      46.277169      0.84641463     96.147032     -664.84617      623.17627    
    269000   538000         329.3093      -669.24621      3081.4173      4058.0197      3532.8088      525.21088      1202.838       1137.7889      2232.1535      0             -4047.5696      0              0             -137.65737      100058.96      46.425009      46.425009      46.425009      0.83835411    -1218.4804      221.94967     -1011.2079    
    270000   540000         333.42037      609.02159      5007.8097      4114.7687      3576.9122      537.85652      1212.1412      1197.4549      2213.6103      0             -4085.3499      0              0             -136.99119      100545.55      46.500142      46.500142      46.500142      0.83429697     613.72108      58.97276       1154.3709    
    271000   542000         322.30776     -135.58794      3666.4923      3861.988       3457.6968      404.29114      1157.3474      1164.0303      2220.8974      0             -4137.984       0              0             -139.3206       98864.445      46.239526      46.239526      46.239526      0.84848343    -289.95263      524.16844     -640.97964    
    272000   544000         328.01916      180.97522      4254.3505      3991.3887      3518.9683      472.42041      1232.418       1166.4093      2179.362       0             -4105.7689      0              0             -138.24764      99631.744      46.358842      46.358842      46.358842      0.84194896     334.16628     -292.34491      501.10428    
    273000   546000         323.83083     -374.62984      3424.1757      3966.8543      3474.0362      492.81802      1215.7504      1177.6096      2239.671       0             -4140.2129      0              0             -138.67273      99326.335      46.311424      46.311424      46.311424      0.84453779    -285.69005     -383.27988     -454.9196     
    274000   548000         324.04172      688.14956      5055.1377      4064.1884      3476.2986      587.88979      1227.0288      1214.5407      2283.6299      0             -4137.3096      0              0             -139.49634      98739.897      46.220101      46.220101      46.220101      0.84955368     1148.046       804.28842      112.1143     
    275000   550000         331.71966     -222.82964      3732.2411      4054.7159      3558.6671      496.04883      1196.7996      1185.1163      2222.0422      0             -4107.9093      0              0             -138.80609      99230.906      46.296588      46.296588      46.296588      0.84534997    -368.97344     -242.93388     -56.581601    
    276000   552000         335.06635      238.9943       4463.824       4117.7997      3594.5701      523.22956      1260.5871      1158.8939      2233.4007      0             -4129.6521      0              0             -138.74338      99275.759      46.303562      46.303562      46.303562      0.84496804     649.38521     -10.963953      78.561635    
    277000   554000         319.43024      406.45917      4413.0369      3822.9951      3426.827       396.16812      1198.7081      1162.1515      2144.6907      0             -4109.3822      0              0             -138.37751      99538.244      46.344335      46.344335      46.344335      0.84273984     662.97479     -70.40014       626.80286    
    278000   556000         332.81846      366.17978      4597.0569      4066.3215      3570.455       495.86654      1179.7786      1194.5265      2232.3543      0             -4110.7929      0              0             -138.59503      99382.021      46.320077      46.320077      46.320077      0.84406458     752.19671      149.53416      196.80847    
    279000   558000         323.07557     -134.12311      3775.5163      3971.8335      3465.9338      505.8997       1244.641       1152.3189      2180.9362      0             -4071.9964      0              0             -137.23868      100364.22      46.472173      46.472173      46.472173      0.83580423    -718.7973       399.69381     -83.265854    
    280000   560000         329.86257     -50.35161       3840.2428      3912.8714      3538.7443      374.1271       1182.6072      1142.6178      2194.8762      0             -4145.9741      0              0             -139.26329      98905.134      46.245869      46.245869      46.245869      0.84813437    -74.358278     -169.69251      92.995961    
    281000   562000         327.26102     -1030.9979      2446.1368      3939.8371      3510.835       429.00211      1238.5648      1158.0249      2169.6415      0             -4137.2291      0              0             -138.65184      99341.3        46.31375       46.31375       46.31375       0.84441057    -1097.7667     -519.23513     -1475.9917    
    282000   564000         328.1189      -309.84614      3569.6314      4020.0523      3520.0384      500.01393      1258.6699      1188.5949      2138.8549      0             -4086.1058      0              0             -138.18437      99677.365      46.365917      46.365917      46.365917      0.84156361    -235.79842     -116.65681     -577.0832     
    283000   566000         325.31187      10.80079       4032.3436      4016.5948      3489.9248      526.67008      1235.6276      1184.6667      2161.4773      0             -4055.1014      0              0             -137.76513      99980.698      46.412902      46.412902      46.412902      0.83901038     7.2851008     -494.34688      519.46415    
    284000   568000         321.84334     -297.18979      3482.8183      3915.0593      3452.7145      462.34477      1216.9052      1197.4364      2153.2791      0             -4105.2759      0              0             -138.11453      99727.772      46.373731      46.373731      46.373731      0.84113825    -553.47152     -483.28469      145.18683    
    285000   570000         329.93651     -130.64162      3854.921       4043.8441      3539.5375      504.30657      1262.5828      1171.1122      2171.3197      0             -4100.708       0              0             -138.90815      99157.995      46.285246      46.285246      46.285246      0.84597156     191.27057     -335.77638     -247.41903    
    286000   572000         331.0107       112.49596      4122.8921      3958.8629      3551.0614      407.80149      1179.5705      1216.1743      2114.4083      0             -4102.3517      0              0             -137.76759      99978.915      46.412626      46.412626      46.412626      0.83902534    -412.5175       854.00236     -103.99697    
    287000   574000         329.27973      171.39658      4233.821       3987.7236      3532.4916      455.232        1224.2945      1178.6405      2204.8301      0             -4152.5331      0              0             -139.90285      98452.991      46.175291      46.175291      46.175291      0.85202941     94.354575     -525.576        945.41115    
    288000   576000         323.63799      652.80575      4795.5528      3857.3559      3471.9674      385.38847      1205.1144      1157.8414      2194.1398      0             -4171.7072      0              0             -139.77238      98544.89       46.189653      46.189653      46.189653      0.85123484     882.28155      504.28253      571.85316    
    289000   578000         323.95665     -840.45488      2663.6158      3876.1405      3475.386       400.75448      1212.6797      1163.4149      2172.1064      0             -4147.4465      0              0             -139.23717      98923.689      46.248761      46.248761      46.248761      0.84797529    -528.44933     -914.77044     -1078.1449    
    290000   580000         336.25224      254.94946      4369.6835      4002.1117      3607.2923      394.81944      1206.3264      1192.5465      2142.9521      0             -4147.0056      0              0             -139.32955      98858.099      46.238537      46.238537      46.238537      0.8485379      26.070988      614.18026      124.59714    
    291000   582000         326.36375      569.48694      4782.2022      3965.8276      3501.2092      464.61837      1217.6439      1203.6271      2203.4162      0             -4160.0688      0              0             -140.12824      98294.637      46.150521      46.150521      46.150521      0.85340204     830.30136      364.03976      514.11971    
    292000   584000         325.0673      -53.268093      3780.7042      3857.2714      3487.301       369.97038      1201.2041      1168.4899      2183.2182      0             -4182.9419      0              0             -139.75143      98559.666      46.191962      46.191962      46.191962      0.85110722     423.06999     -3.263064      -579.61121    
    293000   586000         328.74418     -277.00945      3492.8253      3894.0638      3526.7463      367.31743      1181.0223      1164.7168      2154.0373      0             -4132.4589      0              0             -138.68304      99318.953      46.310277      46.310277      46.310277      0.84460056    -413.39033     -77.154017     -340.48401    
    294000   588000         327.08872      378.58783      4552.8879      4008.561       3508.9866      499.57434      1216.8537      1228.3554      2198.9987      0             -4144.6335      0              0             -139.71345      98586.458      46.196147      46.196147      46.196147      0.85087593    -86.856719      1412.7508     -190.13056    
    295000   590000         328.52171     -315.47436      3450.7734      3909.5963      3524.3597      385.23666      1213.6843      1129.1567      2152.6183      0             -4110.2226      0              0             -138.11803      99725.244      46.373339      46.373339      46.373339      0.84115957    -41.054772      23.92482      -929.29314    
    296000   592000         324.87274     -106.48879      3871.4322      4025.9454      3485.2138      540.73166      1245.5547      1204.328       2173.0328      0             -4082.1839      0              0             -138.44254      99491.484      46.337077      46.337077      46.337077      0.84313591    -24.188257      13.007779     -308.28589    
    297000   594000         327.63523      375.84846      4580.965       4035.4399      3514.8496      520.59032      1248.5646      1166.1079      2208.2463      0             -4102.3286      0              0             -138.39788      99523.592      46.342061      46.342061      46.342061      0.84286391     687.82048     -40.68115       480.40606    
    298000   596000         328.36498     -322.50625      3469.5968      3937.4257      3522.6783      414.74737      1146.4762      1138.1689      2266.9452      0             -4136.8429      0              0             -138.47854      99465.619      46.333061      46.333061      46.333061      0.84335517    -641.12094     -324.66024     -1.7375745    
    299000   598000         328.47088      290.09637      4346.15        3929.0524      3523.8144      405.23801      1173.7435      1181.4601      2197.0241      0             -4146.9896      0              0             -139.71272      98586.973      46.196227      46.196227      46.196227      0.85087148     572.16831      626.31107     -328.19026    
    300000   600000         328.31018      158.14919      4212.8803      3982.9812      3522.0904      460.89075      1204.1453      1173.3888      2186.4755      0             -4103.1189      0              0             -138.18503      99676.889      46.365843      46.365843      46.365843      0.84156764    -170.94291     -177.35467      822.74515    
    301000   602000         323.79625     -28.322223      3885.6298      3926.5935      3473.6652      452.9283       1221.6993      1145.8747      2206.3718      0             -4121.0175      0              0             -138.88638      99173.539      46.287665      46.287665      46.287665      0.84583896    -9.9806296      544.44129     -619.42733    
    302000   604000         331.88978     -191.87579      3671.1386      3949.3765      3560.4921      388.8844       1157.9387      1143.0789      2229.1011      0             -4141.2344      0              0             -138.52725      99430.647      46.327631      46.327631      46.327631      0.84365179     58.223564     -336.14494     -297.706      
    303000   606000         323.79428      912.92134      5128.2315      3816.5298      3473.6442      342.88561      1158.9154      1188.2176      2158.2828      0             -4162.5301      0              0             -139.80723      98520.327      46.185815      46.185815      46.185815      0.85144707     177.32156      1290.5512      1270.8912    
    304000   608000         318.38821     -105.03743      3724.9155      3875.7597      3415.6482      460.11151      1184.3894      1221.7401      2187.3627      0             -4133.3807      0              0             -139.8772       98471.046      46.178113      46.178113      46.178113      0.85187319     75.931939     -51.222197     -339.82203    
    305000   610000         325.6967      -322.53069      3448.7229      3915.2382      3494.0532      421.18498      1244.9732      1169.8879      2166.4076      0             -4160.0837      0              0             -138.87899      99178.819      46.288486      46.288486      46.288486      0.84579393     119.65038     -746.93899     -340.30347    
    306000   612000         321.75649      591.97414      4541.4317      3695.0429      3451.7829      243.26007      1186.9648      1131.7359      2084.385       0             -4159.8256      0              0             -140.49609      98037.279      46.110208      46.110208      46.110208      0.85564231     264.97969      1650.8114     -139.86867    
    307000   614000         322.17143     -130.36243      3663.0563      3852.2776      3456.2343      396.04336      1164.972       1231.6309      2134.6215      0             -4135.181       0              0             -138.3929       99527.171      46.342617      46.342617      46.342617      0.8428336     -433.28032     -128.02327      170.21631    
    308000   616000         328.38506      417.27298      4459.7936      3861.4879      3522.8937      338.59415      1199.9946      1170.1302      2144.0409      0             -4175.5716      0              0             -140.09688      98316.637      46.153964      46.153964      46.153964      0.85321108     811.53449      128.97833      311.30612    
    309000   618000         322.15558      170.58538      4110.8252      3865.4765      3456.0642      409.41229      1188.2539      1187.992       2176.7399      0             -4143.5736      0              0             -139.66559      98620.243      46.201423      46.201423      46.201423      0.85058443    -165.87795      397.42224      280.21186    
    310000   620000         326.25492     -282.09084      3468.1701      3873.6016      3500.0417      373.5599       1218.5983      1188.9032      2136.0034      0             -4169.945       0              0             -139.76641      98549.103      46.190312      46.190312      46.190312      0.85119845     214.10989     -116.24942     -944.13299    
    311000   622000         323.35003      166.90309      4149.3029      3909.1082      3468.8783      440.2299       1206.7974      1207.9037      2178.5459      0             -4153.0171      0              0             -139.58294      98678.636      46.21054       46.21054       46.21054       0.8500811      558.5611      -286.01687      228.16504    
    312000   624000         320.85406     -345.55475      3247.03        3744.8788      3442.1017      302.77713      1128.7878      1211.3293      2112.8038      0             -4150.1437      0              0             -139.42825      98788.115      46.227623      46.227623      46.227623      0.84913903    -209.53361      201.24712     -1028.3778    
    312500   625000         328.54571     -787.8731       2740.8776      3878.3703      3524.6172      353.75309      1188.7341      1177.3443      2137.6118      0             -4149.9371      0              0             -139.13585      98995.722      46.259984      46.259984      46.259984      0.84735827    -859.80113     -652.16047     -851.6577     
Loop time of 163.858 on 1 procs for 312500 steps with 3600 atoms

Performance: 329.553 ns/day, 0.073 hours/ns, 1907.136 timesteps/s, 6.866 Matom-step/s
98.5% CPU use with 1 MPI tasks x 1 OpenMP threads

MPI task timing breakdown:
Section |  min time  |  avg time  |  max time  |%varavg| %total
---------------------------------------------------------------
Pair    | 19.018     | 19.018     | 19.018     |   0.0 | 11.61
Bond    | 112.19     | 112.19     | 112.19     |   0.0 | 68.47
Neigh   | 0.030632   | 0.030632   | 0.030632   |   0.0 |  0.02
Comm    | 11.363     | 11.363     | 11.363     |   0.0 |  6.93
Output  | 1.4428     | 1.4428     | 1.4428     |   0.0 |  0.88
Modify  | 16.908     | 16.908     | 16.908     |   0.0 | 10.32
Other   |            | 2.903      |            |       |  1.77

Nlocal:           3600 ave        3600 max        3600 min
Histogram: 1 0 0 0 0 0 0 0 0 0
Nghost:          13830 ave       13830 max       13830 min
Histogram: 1 0 0 0 0 0 0 0 0 0
Neighs:              0 ave           0 max           0 min
Histogram: 1 0 0 0 0 0 0 0 0 0

Total # of neighbors = 0
Ave neighs/atom = 0
Ave special neighs/atom = 5.9666667
Neighbor list builds = 8942
Dangerous builds = 0

# --- Cleanup ---
unfix npt_fix

undump dump_npt

# --- Write Output ---
write_dump all custom cool_block_09_last.dump id type mol x y z xu yu zu vx vy vz modify sort id
write_data /home/alexzhao/PolyJarvis/data/PE_3/attempts/cooling/attempt-0001/work/cool_block_09/cool_block_09_out.data
System init for write_data ...
Generated 1 of 1 mixed pair_coeff terms from arithmetic mixing rule
write_restart /home/alexzhao/PolyJarvis/data/PE_3/attempts/cooling/attempt-0001/work/cool_block_09/cool_block_09_out.restart
System init for write_restart ...
Generated 1 of 1 mixed pair_coeff terms from arithmetic mixing rule

print "STAGE COMPLETE: NPT T=350.0->325.0K P=1.0->1.0atm steps=312500"
STAGE COMPLETE: NPT T=350.0->325.0K P=1.0->1.0atm steps=312500
quit
