{
  "status": "success",
  "n_points": 9,
  "rates_K_per_ns": [
    160.0,
    400.0,
    40.0,
    40.0,
    160.0,
    400.0,
    25.0,
    50.0,
    100.0
  ],
  "tg_values_K": [
    245.3,
    214.8,
    238.7,
    244.4,
    233.8,
    236.4,
    236.7,
    254.4,
    206.0
  ],
  "rates_span_decades": 1.2041199826559248,
  "loglinear_slope_K": -5.942295934572525,
  "loglinear_intercept_K": 261.7336113633116,
  "loglinear_r_squared": 0.16069266749854436,
  "tg_at_slow_rate_K": 234.5,
  "slow_rate_ref_K_per_ns": 1.6667e-10,
  "slope_gate_pass": true,
  "is_flat_rate_regime": true,
  "regime": "rubbery",
  "rubbery_regime_exemption": true,
  "tg_method": "rubbery_flat_mean",
  "vf_fit_quality": "POOR_POORLY_CONSTRAINED",
  "tg0_K": 204.99999999999997,
  "tg0_K_ci95": 202394229.90797108,
  "vf_A": -999999.9020462121,
  "vf_c": -33903.259195421706,
  "vf_B_ns_per_K": 0.0,
  "vf_r_squared": -4.707009360349623e-05,
  "vf_predicted_tg_K": [
    234.50010246592615,
    234.50089989510815,
    234.49889608409535,
    234.49889608409535,
    234.50010246592615,
    234.50089989510815,
    234.49848709967858,
    234.49909026153477,
    234.49969344805743
  ],
  "vf_residuals_K": [
    10.799897534073864,
    -19.700899895108137,
    4.201103915904639,
    9.901103915904656,
    -0.7001024659261361,
    1.8991001048918577,
    2.2015129003214042,
    19.90090973846523,
    -28.499693448057428
  ],
  "polymer_name": "PEG4",
  "is_dsc_extrapolation": true,
  "d06_markdown": "### Multi-rate Tg analysis\n\n| Rate | Tg_MD |\n|------|-------|\n| 25 K/ns | 236.7 K |\n| 40 K/ns | 238.7 K |\n| 40 K/ns | 244.4 K |\n| 50 K/ns | 254.4 K |\n| 100 K/ns | 206.0 K |\n| 160 K/ns | 233.8 K |\n| 160 K/ns | 245.3 K |\n| 400 K/ns | 214.8 K |\n| 400 K/ns | 236.4 K |\n\n**Log-linear**: Tg = 261.7 + -5.94\u00b7ln(\u0393)  R\u00b2=0.1607\n\u2192 Tg at 1.67e-10 K/ns (DSC-equivalent, 10 K/min) = **234.5 K**  (theoretical DSC-equivalent experimental Tg)\n\n**VF extrapolation** (Tg0 at \u0393\u21920): Tg\u2070 = 205.0 \u00b1 202394229.9 K (95% CI)  R\u00b2=-0.0000  quality=POOR_POORLY_CONSTRAINED\n\u26a0 CI > 100 K: VF extrapolation is underconstrained with < 2 decades of rates. Use log-linear result for validation.\n",
  "d06_markdown_path": "/home/alexzhao/PolyJarvis/data/PEG4/raw/d06_multirate_block.md",
  "plot_path": "/home/alexzhao/PolyJarvis/data/PEG4/raw/tg_multirate.png"
}