units real
atom_style full
boundary p p p

# --- Force Field Styles ---
pair_style lj/cut 14.0
dielectric 1.000000
bond_style harmonic
angle_style harmonic
dihedral_style multi/harmonic
improper_style none
special_bonds lj 0 0 0
pair_modify mix arithmetic tail yes
neighbor 2.0 bin
neigh_modify delay 0 every 1 check yes
neigh_modify one 4000
package gpu 1 neigh yes

read_data /home/alexzhao/PolyJarvis/data/PE_2/attempts/cooling/attempt-0003/work/cool_block_03/cool_block_03_out.data
Reading data file ...
  orthogonal box = (1.3306433 1.3306433 1.3306433) to (49.204098 49.204098 49.204098)
  1 by 1 by 1 MPI processor grid
  reading atoms ...
  3600 atoms
  reading velocities ...
  3600 velocities
  scanning bonds ...
  2 = max bonds/atom
  scanning angles ...
  1 = max angles/atom
  scanning dihedrals ...
  2 = max dihedrals/atom
  orthogonal box = (1.3306433 1.3306433 1.3306433) to (49.204098 49.204098 49.204098)
  1 by 1 by 1 MPI processor grid
  reading bonds ...
  3590 bonds
  reading angles ...
  3580 angles
  reading dihedrals ...
  3570 dihedrals
Finding 1-2 1-3 1-4 neighbors ...
  special bond factors lj:    0        0        0       
  special bond factors coul:  0        0        0       
     2 = max # of 1-2 neighbors
     2 = max # of 1-3 neighbors
     4 = max # of 1-4 neighbors
     6 = max # of special neighbors
  special bonds CPU = 0.001 seconds
  read_data CPU = 0.033 seconds


# --- Thermo Output ---
thermo_style custom step time temp press enthalpy etotal ke pe ebond eangle edihed eimp evdwl ecoul elong etail vol lx ly lz density pxx pyy pzz
thermo_modify flush yes
thermo 1000

# --- Trajectory ---
dump dump_npt all custom 1000 cool_block_04.dump id type mol x y z ix iy iz vx vy vz


# --- Restart Checkpointing ---
restart 10000 npt_1.rst npt_2.rst

# --- Initial Velocities (optional) ---
# Velocities read from data file

# --- SHAKE Constraints ---
# SHAKE disabled (TraPPE-UA united-atom)

# --- NPT Thermostat + Barostat (Nose-Hoover) ---
# T_damp = 100.0 fs  (heat bath coupling)
# P_damp = 1000.0 fs  (pressure bath coupling, ~10x T_damp typical)
# Ramp: T=475.0->450.0K  P=1.0->1.0atm
timestep 2.0
fix npt_fix all npt temp 475.0 450.0 100.0 iso 1.0 1.0 1000.0

run 312500

CITE-CITE-CITE-CITE-CITE-CITE-CITE-CITE-CITE-CITE-CITE-CITE-CITE

Your simulation uses code contributions which should be cited:

- GPU package (short-range, long-range and three-body potentials): doi:10.1016/j.cpc.2010.12.021, doi:10.1016/j.cpc.2011.10.012, doi:10.1016/j.cpc.2013.08.002, doi:10.1016/j.commatsci.2014.10.068, doi:10.1016/j.cpc.2016.10.020, doi:10.3233/APC200086

@Article{Brown11,
 author = {W. M. Brown and P. Wang and S. J. Plimpton and A. N. Tharrington},
 title = {Implementing Molecular Dynamics on Hybrid High Performance Computers---Short Range Forces},
 journal = {Comput.\ Phys.\ Commun.},
 year =    2011,
 volume =  182,
 pages =   {898--911},
 doi =     {10.1016/j.cpc.2010.12.021}
}

@Article{Brown12,
 author = {W. M. Brown and A. Kohlmeyer and S. J. Plimpton and A. N. Tharrington},
 title = {Implementing Molecular Dynamics on Hybrid High Performance Computers - Particle-Particle Particle-Mesh},
 journal = {Comput.\ Phys.\ Commun.},
 year =    2012,
 volume =  183,
 doi =     {10.1016/j.cpc.2011.10.012},
 pages =   {449--459}
}

@Article{Brown13,
 author = {W. M. Brown and Y. Masako},
 title = {Implementing Molecular Dynamics on Hybrid High Performance Computers---Three-Body Potentials},
 journal = {Comput.\ Phys.\ Commun.},
 year =    2013,
 volume =  184,
 pages =   {2785--2793},
 doi =     {10.1016/j.cpc.2013.08.002},
}

@Article{Trung15,
 author = {T. D. Nguyen and S. J. Plimpton},
 title = {Accelerating Dissipative Particle Dynamics Simulations for Soft Matter Systems},
 journal = {Comput.\ Mater.\ Sci.},
 year =    2015,
 doi =     {10.1016/j.commatsci.2014.10.068},
 volume =  100,
 pages =   {173--180}
}

@Article{Trung17,
 author = {T. D. Nguyen},
 title = {{GPU}-Accelerated {T}ersoff Potentials for Massively Parallel
    Molecular Dynamics Simulations},
 journal = {Comput.\ Phys.\ Commun.},
 year =    2017,
 doi =     {10.1016/j.cpc.2016.10.020},
 volume =  212,
 pages =   {113--122}
}

@inproceedings{Nikolskiy19,
 author = {V. Nikolskiy and V. Stegailov},
 title = {{GPU} Acceleration of Four-Site Water Models in {LAMMPS}},
 booktitle = {Proceedings of the International Conference on Parallel
    Computing (ParCo 2019), Prague, Czech Republic},
 doi =     {10.3233/APC200086},
 year =    2019
}

CITE-CITE-CITE-CITE-CITE-CITE-CITE-CITE-CITE-CITE-CITE-CITE-CITE

Generated 1 of 1 mixed pair_coeff terms from arithmetic mixing rule
Per MPI rank memory allocation (min/avg/max) = 14.69 | 14.69 | 14.69 Mbytes
   Step          Time           Temp          Press         Enthalpy        TotEng         KinEng         PotEng         E_bond        E_angle        E_dihed        E_impro         E_vdwl         E_coul         E_long         E_tail         Volume           Lx             Ly             Lz          Density          Pxx            Pyy            Pzz      
         0   0              467.3833       455.38435      8807.1978      8078.5153      5014.0578      3064.4575      1708.5938      1715.2961      3130.1859      0             -3489.6183      0              0             -125.53683      109719.63      47.873455      47.873455      47.873455      0.76453819     374.02376      433.42299      558.7063     
      1000   2000           484.062       -244.45704      7823.7142      8213.9188      5192.9858      3020.933       1710.0738      1760.3601      3127.9935      0             -3577.4943      0              0             -125.84662      109449.54      47.834141      47.834141      47.834141      0.76642483    -1122.8704      123.30789      266.19145    
      2000   4000           477.80233      210.34245      8383.5364      8044.644       5125.8326      2918.8114      1745.9685      1672.9919      2989.3253      0             -3489.4743      0              0             -124.6799       110473.73      47.982883      47.982883      47.982883      0.75931938     315.98882     -299.30564      614.34416    
      3000   6000           484.32848      404.33091      8813.1085      8168.3711      5195.8446      2972.5265      1727.3473      1700.5243      3098.0381      0             -3553.3832      0              0             -125.97531      109337.73      47.817847      47.817847      47.817847      0.76720858    -42.397786      1170.4439      84.946608    
      4000   8000           481.24495      445.9008       8869.9618      8153.0918      5162.7647      2990.3271      1755.6107      1651.2668      3092.3566      0             -3508.9069      0              0             -124.94796      110236.73      47.948545      47.948545      47.948545      0.76095187    -1239.5371      1621.4243      955.81517    
      5000   10000          466.90624      815.60413      9294.7353      7979.896       5008.94        2970.956       1740.0002      1663.2861      3074.8719      0             -3507.2021      0              0             -124.60576      110539.46      47.992398      47.992398      47.992398      0.75886785     569.98861      980.28493      896.53884    
      6000   12000          476.52924     -693.49103      6883.9399      7983.1893      5112.1748      2871.0144      1750.0232      1638.6347      3038.5136      0             -3556.1571      0              0             -126.72899      108687.48      47.722865      47.722865      47.722865      0.7717986     -90.02855      -1201.3085     -789.136      
      7000   14000          481.33648     -488.24025      7308.6436      8087.5502      5163.7466      2923.8036      1742.4178      1663.5339      3041.0779      0             -3523.226       0              0             -125.9156       109389.58      47.825404      47.825404      47.825404      0.76684493    -247.52515     -726.14008     -491.05551    
      8000   16000          471.14165      554.55417      8978.841       8091.6159      5054.3772      3037.2388      1747.3694      1709.8657      3072.5317      0             -3492.5281      0              0             -125.55717      109701.85      47.87087       47.87087       47.87087       0.76466206     535.12095      117.36257      1011.179     
      9000   18000          478.14231     -573.7323       7130.4498      8044.9815      5129.4799      2915.5017      1754.7558      1652.1385      3052.8615      0             -3544.254       0              0             -126.0207       109298.34      47.812104      47.812104      47.812104      0.76748505    -596.78744     -647.82921     -476.58026    
     10000   20000          478.58657      169.98119      8302.8709      8030.7172      5134.2457      2896.4714      1695.1943      1722.8995      2968.104       0             -3489.7264      0              0             -125.46365      109783.62      47.882761      47.882761      47.882761      0.76409251     517.13112      116.86981     -124.05735    
     11000   22000          473.54432      581.45878      8995.0753      8066.6993      5080.1528      2986.5465      1698.5928      1690.3701      3113.59        0             -3516.0064      0              0             -125.81326      109478.55      47.838367      47.838367      47.838367      0.76622171     619.7593       289.95657      834.66048    
     12000   24000          472.13532      29.333393      8136.861       8089.9046      5065.0372      3024.8674      1742.5795      1719.5637      3083.3315      0             -3520.6072      0              0             -125.48702      109763.17      47.879788      47.879788      47.879788      0.76423485    -501.17874      218.24882      370.9301     
     13000   26000          472.42738      61.384485      8282.6606      8183.4492      5068.1704      3115.2788      1752.9843      1722.9446      3109.3369      0             -3469.987       0              0             -124.28781      110822.25      48.033288      48.033288      48.033288      0.75693145     89.437765     -130.84486      225.56055    
     14000   28000          468.61388      375.57987      8685.3553      8077.5459      5027.2595      3050.2864      1735.7584      1692.5576      3110.8409      0             -3488.8705      0              0             -124.127        110965.82      48.054022      48.054022      48.054022      0.75595209     413.79901      754.69098     -41.75039     
     15000   30000          474.24132      134.07181      8435.2473      8218.5078      5087.6303      3130.8775      1739.4028      1716.9212      3147.8917      0             -3473.3382      0              0             -124.25985      110847.18      48.03689       48.03689       48.03689       0.7567612     -649.65749      630.65778      421.21513    
     16000   32000          476.3889      -275.54559      7751.1639      8193.7563      5110.6693      3083.087       1785.6413      1714.0598      3054.4534      0             -3471.0675      0              0             -125.06069      110137.35      47.934133      47.934133      47.934133      0.76163845     103.70145     -1248.8712      318.533      
     17000   34000          471.97813     -455.61554      7396.9264      8133.9854      5063.3509      3070.6345      1769.4042      1741.5679      3070.3843      0             -3510.7219      0              0             -124.17313      110924.59      48.04807       48.04807       48.04807       0.75623308    -345.96191     -716.82399     -304.06071    
     18000   36000          480.49887     -400.75479      7511.4553      8162.1178      5154.7608      3007.357       1690.9927      1716.5954      3083.3938      0             -3483.6248      0              0             -123.72409      111327.18      48.106128      48.106128      48.106128      0.75349835     126.22971     -746.8534      -581.64068    
     19000   38000          468.00842     -456.90513      7282.367       8012.7795      5020.7641      2992.0154      1726.4704      1688.5578      3100.2473      0             -3523.2601      0              0             -125.65771      109614.07      47.858099      47.858099      47.858099      0.76527439    -1108.2289     -650.30554      387.81906    
     20000   40000          468.68595     -349.90002      7446.5916      8010.5566      5028.0325      2982.5241      1748.4445      1679.2977      3038.1628      0             -3483.3809      0              0             -124.63017      110517.82      47.989265      47.989265      47.989265      0.75901648    -126.45599     -611.53094     -311.71315    
     21000   42000          476.02733      972.61544      9715.7947      8148.8139      5106.7905      3042.0234      1724.5836      1703.4481      3100.2549      0             -3486.2632      0              0             -124.68346      110470.58      47.982427      47.982427      47.982427      0.75934104     547.85443      1502.7449      867.24702    
     22000   44000          472.40696     -2.6789114      7995.2272      7999.5891      5067.9514      2931.6378      1691.3969      1669.385       3000.608       0             -3429.7521      0              0             -123.37136      111645.48      48.151931      48.151931      48.151931      0.75135013    -18.263618     -78.544133      88.771017    
     23000   46000          480.46181      595.44448      9062.2907      8112.3696      5154.3632      2958.0064      1669.5178      1756.9074      3064.5354      0             -3532.9542      0              0             -125.91721      109388.17      47.8252        47.8252        47.8252        0.76685478     1060.6757      73.115647      652.5421     
     24000   48000          471.20321     -250.83164      7662.4463      8064.0071      5055.0376      3008.9695      1742.1324      1715.4093      3074.2864      0             -3522.8586      0              0             -125.47649      109772.38      47.881127      47.881127      47.881127      0.76417073    -168.53884      2.6082479     -586.56432    
     25000   50000          467.3285      -648.57123      7068.0208      8119.7094      5013.4699      3106.2395      1758.5286      1729.9189      3077.3146      0             -3459.5226      0              0             -123.88019      111186.9       48.085914      48.085914      48.085914      0.75444898    -531.79148     -826.95499     -586.9672     
     26000   52000          470.20994      1000.67        9613.4535      7999.3619      5044.3819      2954.98        1690.9424      1697.7419      3052.7331      0             -3486.4374      0              0             -124.53576      110601.6       48.001389      48.001389      48.001389      0.75844151     732.03716      1881.8567      388.11618    
     27000   54000          473.3357      -165.76377      7694.8502      7960.9526      5077.9148      2883.0378      1683.4435      1666.6517      3058.7604      0             -3525.8178      0              0             -125.1331       110073.62      47.924886      47.924886      47.924886      0.76207943     102.59035     -839.71032      239.82865    
     28000   56000          459.2973       489.80278      8714.9865      7941.0563      4927.3117      3013.7446      1716.4245      1709.6027      3099.5814      0             -3511.8641      0              0             -127.13082      108343.94      47.672531      47.672531      47.672531      0.77424581     911.23031      127.50983      430.6682     
     29000   58000          479.81303      573.38309      9094.3434      8176.7617      5147.4032      3029.3585      1759.0882      1698.162       3092.2501      0             -3520.1419      0              0             -125.52536      109729.65      47.874913      47.874913      47.874913      0.76446833     650.24202      833.67625      236.23101    
     30000   60000          468.40228      286.30269      8462.2316      8004.8084      5024.9894      2979.819       1713.296       1659.2102      3109.3359      0             -3502.0232      0              0             -125.7299       109551.14      47.848937      47.848937      47.848937      0.76571403     376.88697      352.57719      129.44391    
     31000   62000          462.5261      -206.35157      7554.4498      7886.8518      4961.9501      2924.9017      1683.3547      1665.1986      3072.0119      0             -3495.6634      0              0             -124.70258      110453.64      47.979974      47.979974      47.979974      0.7594575      107.97751      243.17815     -970.21035    
     32000   64000          470.48477      118.69004      8224.8683      8035.6623      5047.3302      2988.3322      1696.3561      1736.5601      3073.1147      0             -3517.6988      0              0             -126.01169      109306.16      47.813244      47.813244      47.813244      0.76743018    -14.235791      379.41295     -9.1070472    
     33000   66000          462.75793     -896.31776      6517.8497      7954.9629      4964.4372      2990.5257      1700.8381      1795.3052      2988.3371      0             -3493.9546      0              0             -125.28595      109939.34      47.905389      47.905389      47.905389      0.76301027    -1499.207      -1259.9073      70.161054    
     34000   68000          463.77344      494.95718      8725.3252      7929.4365      4975.3315      2954.105       1681.8381      1653.5498      3109.3864      0             -3490.6693      0              0             -124.92421      110257.68      47.951583      47.951583      47.951583      0.76080725     96.31576       440.31973      948.23604    
     35000   70000          470.83684     -255.72578      7681.0904      8091.3292      5051.1072      3040.222       1669.5479      1788.4466      3087.8224      0             -3505.5948      0              0             -125.21867      109998.41      47.913967      47.913967      47.913967      0.76260054    -232.91941     -249.43935     -284.81859    
     36000   72000          471.7148       168.79983      8457.3879      8184.4806      5060.5259      3123.9547      1738.5569      1708.2688      3127.4255      0             -3450.2964      0              0             -124.24765      110858.07      48.038463      48.038463      48.038463      0.75668686    -349.52836      111.11286      744.815      
     37000   74000          474.04601     -285.37665      7656.226       8116.6267      5085.535       3031.0918      1738.8671      1692.6443      3040.6731      0             -3441.0928      0              0             -124.51275      110622.04      48.004346      48.004346      48.004346      0.75830136    -602.17928     -170.34297     -83.607704    
     38000   76000          472.37752     -36.209359      7970.8169      8029.0655      5067.6355      2961.4301      1651.8477      1715.1207      3067.4023      0             -3472.9407      0              0             -124.87251      110303.34      47.958201      47.958201      47.958201      0.76049235    -761.4145       455.798        196.98843    
     39000   78000          461.27571     -150.65173      7673.4168      7916.2521      4948.536       2967.7162      1691.1704      1727.6892      3071.5421      0             -3522.6855      0              0             -124.62168      110525.35      47.990355      47.990355      47.990355      0.75896476     225.66049     -398.37875     -279.23692    
     40000   80000          467.67368      255.64952      8404.7432      7993.6766      5017.173       2976.5036      1682.3306      1681.5927      3110.807       0             -3498.2267      0              0             -124.92925      110253.23      47.950938      47.950938      47.950938      0.76083795    -19.121705      220.65817      565.41209    
     41000   82000          474.55853     -33.41174       8168.438       8222.4562      5091.0332      3131.423       1736.8305      1718.0428      3099.2293      0             -3422.6795      0              0             -124.24841      110857.38      48.038364      48.038364      48.038364      0.75669153     265.23362      570.878       -936.34684    
     42000   84000          459.49489     -595.8278       6932.224       7901.8774      4929.4315      2972.4459      1720.2024      1622.3135      3090.1453      0             -3460.2153      0              0             -123.43424      111588.6       48.143754      48.143754      48.143754      0.75173307     198.44893     -1097.5865     -888.34579    
     43000   86000          472.31553      47.024496      8066.9739      7991.401       5066.9705      2924.4306      1702.7853      1657.8628      3085.0829      0             -3521.3004      0              0             -124.99423      110195.92      47.942629      47.942629      47.942629      0.76123364     96.805569     -36.763296      81.031214    
     44000   88000          481.86143      328.99761      8710.6959      8182.2659      5169.3783      3012.8876      1710.413       1674.0864      3124.3509      0             -3495.9627      0              0             -125.06525      110133.35      47.933552      47.933552      47.933552      0.76166617     608.95655      438.44926     -60.412976    
     45000   90000          468.25177     -436.36438      7183.2733      7884.2657      5023.3747      2860.8909      1693.1418      1708.3792      2969.224       0             -3509.8542      0              0             -125.0453       110150.91      47.9361        47.9361        47.9361        0.76154471    -920.25322      241.38754     -630.22746    
     46000   92000          467.88228      239.24647      8499.2046      8110.4544      5019.4108      3091.0435      1749.8005      1679.2551      3113.4003      0             -3451.4123      0              0             -123.62498      111416.43      48.11898       48.11898       48.11898       0.75289474     462.10032      243.7447       11.894401    
     47000   94000          468.65213      714.86052      9075.5375      7940.9447      5027.6697      2913.275       1718.8418      1661.07        3097.1496      0             -3563.7863      0              0             -126.56473      108828.54      47.743501      47.743501      47.743501      0.77079823     185.93623      1040.4863      918.15906    
     48000   96000          479.23064      122.67521      8217.1254      8020.6541      5141.1554      2879.4987      1665.8937      1722.2645      3015.1287      0             -3523.7883      0              0             -125.42642      109816.21      47.887499      47.887499      47.887499      0.76386574     580.04813     -673.08891      461.06642    
     49000   98000          467.97779     -663.89478      6842.0438      7906.1092      5020.4354      2885.6738      1683.3077      1693.2981      3059.3633      0             -3550.2953      0              0             -125.33209      109898.86      47.899509      47.899509      47.899509      0.76329128    -1033.3533     -423.72048     -534.61054    
     50000   100000         469.96681     -613.79552      7149.2067      8134.2773      5041.7736      3092.5037      1735.7009      1689.6405      3157.5548      0             -3490.3924      0              0             -125.16639      110044.35      47.920637      47.920637      47.920637      0.76228213    -268.42059     -530.22132     -1042.7446    
     51000   102000         476.75361      345.79969      8646.1626      8094.4183      5114.5819      2979.8364      1702.246       1692.542       3094.8691      0             -3509.8207      0              0             -125.89781      109405.03      47.827656      47.827656      47.827656      0.76673661     500.5405       458.10834      78.750244    
     52000   104000         467.25687     -268.06981      7579.7547      8011.8173      5012.7015      2999.1158      1724.1823      1706.6158      3033.4447      0             -3465.127       0              0             -124.63286      110515.43      47.988919      47.988919      47.988919      0.75903289     251.41473     -68.425552     -987.1986     
     53000   106000         473.23718     -524.1886       7265.5178      8114.9324      5076.8578      3038.0745      1712.5615      1709.6852      3108.0462      0             -3492.2184      0              0             -123.96505      111110.79      48.074939      48.074939      48.074939      0.75496578    -1067.1428      147.55103     -652.97406    
     54000   108000         467.92882     -255.75639      7592.8487      8008.8415      5019.9101      2988.9314      1680.3965      1648.0468      3084.1445      0             -3423.6564      0              0             -123.50144      111527.88      48.135019      48.135019      48.135019      0.75214238    -757.79134      93.800188     -103.278      
     55000   110000         479.3221       435.26218      8836.9808      8136.0006      5142.1365      2993.864       1701.8372      1707.7038      3052.067       0             -3467.7439      0              0             -124.73161      110427.93      47.976252      47.976252      47.976252      0.75963428     531.002        590.63188      184.15267    
     56000   112000         464.98835     -52.626208      7804.5026      7889.2234      4988.365       2900.8584      1664.2318      1623.9103      3107.7595      0             -3495.0432      0              0             -124.77961      110385.46      47.970099      47.970099      47.970099      0.7599266     -1062.5133      363.91809      540.71659    
     57000   114000         473.16046      257.44873      8388.1722      7974.1232      5076.0348      2898.0883      1651.7686      1671.371       3047.9813      0             -3473.0325      0              0             -124.90228      110277.04      47.95439       47.95439       47.95439       0.76067369     226.20787      551.72951     -5.5911946    
     58000   116000         479.33181     -143.36611      7809.229       8039.0128      5142.2407      2896.7721      1702.5999      1656.4992      3043.6271      0             -3505.9541      0              0             -125.331        109899.81      47.899648      47.899648      47.899648      0.76328467     150.64659      4.8803904     -585.62532    
     59000   118000         476.48734      325.14816      8584.2032      8063.4684      5111.7254      2951.7429      1722.3988      1689.603       3014.0079      0             -3474.2668      0              0             -125.42844      109814.44      47.887241      47.887241      47.887241      0.7638781      797.74248      227.0908      -49.388816    
     60000   120000         480.04451      310.61064      8450.1605      7949.7185      5149.8865      2799.832       1660.1965      1653.5942      2973.0929      0             -3487.0517      0              0             -124.67918      110474.37      47.982976      47.982976      47.982976      0.75931498     333.41377     -99.574415      697.99256    
     61000   122000         468.94054      0.39278892     8133.1757      8132.5345      5030.7638      3101.7707      1729.2518      1745.1391      3051.6273      0             -3424.2475      0              0             -123.05908      111928.79      48.192627      48.192627      48.192627      0.74944834    -158.9476       342.01246     -181.88649    
     62000   124000         470.06467     -683.2577       6990.1066      8091.2134      5042.8234      3048.3899      1706.5211      1677.4317      3122.8407      0             -3458.4036      0              0             -124.64833      110501.71      47.986934      47.986934      47.986934      0.75912709    -485.75624     -797.58161     -766.43525    
     63000   126000         470.18441     -153.09281      7737.1683      7984.8566      5044.108       2940.7487      1677.099       1615.421       3114.1128      0             -3465.8842      0              0             -124.15967      110936.62      48.049806      48.049806      48.049806      0.75615109    -747.97445      324.19538     -35.499342    
     64000   128000         465.32915      160.68897      8234.4417      7977.4333      4992.021       2985.4123      1736.0119      1704.962       3037.985       0             -3493.5466      0              0             -125.59436      109669.37      47.866145      47.866145      47.866145      0.76488853     1384.8889     -463.16745     -439.6546     
     65000   130000         474.33078     -270.5964       7580.2299      8013.9882      5088.59        2925.3983      1772.2431      1642.37        3033.1071      0             -3522.3219      0              0             -125.31571      109913.23      47.901596      47.901596      47.901596      0.76319153     73.581551     -23.034902     -862.33584    
     66000   132000         470.35523      413.06286      8492.3031      7836.7096      5045.9405      2790.7691      1720.7385      1596.2774      3008.572       0             -3534.8189      0              0             -126.5648       108828.48      47.743492      47.743492      47.743492      0.77079867     932.58759      638.37143     -331.77044    
     67000   134000         473.84922      831.0116       9434.989       8113.8559      5083.4238      3030.4321      1784.9824      1726.0015      3073.0436      0             -3553.5954      0              0             -126.35485      109009.31      47.769921      47.769921      47.769921      0.76952003    -273.4099       1776.7567      989.68806    
     68000   136000         462.91782      277.95463      8254.3502      7811.604       4966.1525      2845.4516      1690.2037      1687.7026      3020.6454      0             -3553.1002      0              0             -126.11027      109220.72      47.800783      47.800783      47.800783      0.76803052     75.567571      840.07204     -81.775716    
     69000   138000         460.09083     -432.65474      7045.0898      7736.2921      4935.8247      2800.4674      1660.2144      1609.7896      3064.2686      0             -3533.8051      0              0             -125.73832      109543.81      47.84787       47.84787       47.84787       0.76576528     64.156759     -910.66646     -451.45451    
     70000   140000         466.55781      292.1306       8402.7252      7933.6956      5005.2021      2928.4935      1722.1159      1685.8809      3038.4975      0             -3518.0008      0              0             -125.11465      110089.86      47.927242      47.927242      47.927242      0.76196705     682.55835      557.96823     -364.13477    
     71000   142000         475.20983     -105.09035      7947.6448      8114.8554      5098.0204      3016.835       1728.8844      1729.0015      3093.8542      0             -3534.905       0              0             -126.24972      109100.08      47.783177      47.783177      47.783177      0.76887977    -742.16746      25.961688      400.93473    
     72000   144000         462.05634     -6.4183806      7890.9621      7901.0747      4956.9105      2944.1642      1728.8233      1714.5468      3066.9945      0             -3566.2004      0              0             -127.4956       108033.96      47.627022      47.627022      47.627022      0.77646739    -125.3518       39.675359      66.421303    
     73000   146000         460.7643      -879.22288      6407.2853      7817.6599      4943.0496      2874.6103      1704.3595      1636.3433      3055.2215      0             -3521.3141      0              0             -125.2264       109991.62      47.912982      47.912982      47.912982      0.7626476     -1236.4345     -600.58672     -800.64745    
     74000   148000         465.44737     -50.812058      7837.1782      7918.87        4993.2894      2925.5807      1699.5213      1655.7727      3087.0553      0             -3516.7686      0              0             -124.94517      110239.19      47.948903      47.948903      47.948903      0.76093486    -214.48801     -157.00509      219.05692    
     75000   150000         464.8483       307.15793      8381.4474      7893.1571      4986.8625      2906.2946      1700.7089      1716.7426      3025.8937      0             -3537.0506      0              0             -126.36155      109003.52      47.769076      47.769076      47.769076      0.76956088    -42.178194     -51.461288      1015.1133    
     76000   152000         468.26775     -531.20829      7045.7364      7905.7821      5023.5462      2882.2359      1640.9027      1660.1135      3093.9331      0             -3512.7134      0              0             -124.07227      111014.77      48.061087      48.061087      48.061087      0.75561877    -1634.299       87.324221     -46.650097    
     77000   154000         465.48016      515.04455      8694.5587      7872.8446      4993.641       2879.2035      1645.8849      1684.0387      3092.022       0             -3542.7421      0              0             -125.9086       109395.66      47.82629       47.82629       47.82629       0.76680231     1070.9569      216.40022      257.77654    
     78000   156000         460.15913     -155.11104      7700.5782      7948.3294      4936.5575      3011.772       1671.682       1767.165       3127.6163      0             -3554.6914      0              0             -125.76454      109520.97      47.844544      47.844544      47.844544      0.76592497    -940.3412       448.31839      26.689677    
     79000   158000         469.00098     -480.79299      7022.1998      7788.2562      5031.4122      2756.844       1668.4177      1628.0781      3012.7476      0             -3552.3994      0              0             -126.07494      109251.32      47.805247      47.805247      47.805247      0.76781538    -873.71361     -33.82914      -534.8362     
     80000   160000         467.15097      672.76562      8941.247       7865.6391      5011.5654      2854.0737      1707.9434      1653.6919      3019.5187      0             -3527.0803      0              0             -125.64383      109626.19      47.859861      47.859861      47.859861      0.76518984     1024.2629      9.1184287      984.91554    
     81000   162000         472.7956      -1.7865288      8044.9627      8047.8626      5072.1207      2975.7419      1716.4675      1679.4744      3067.6707      0             -3487.8706      0              0             -123.75272      111301.43      48.102418      48.102418      48.102418      0.75367267    -635.67875      522.40893      107.91023    
     82000   164000         461.47133     -219.1717       7525.3035      7878.4892      4950.6346      2927.8546      1654.4838      1703.7986      3065.7705      0             -3496.1983      0              0             -124.65585      110495.04      47.985969      47.985969      47.985969      0.75917291    -873.29886      464.73378     -248.95004    
     83000   166000         471.13406     -830.22973      6685.0432      8038.9909      5054.2957      2984.6951      1691.4115      1655.3974      3086.7165      0             -3448.8303      0              0             -123.17648      111822.11      48.177312      48.177312      48.177312      0.75016328    -999.73692     -502.16839     -988.78389    
     84000   168000         464.55319     -37.516638      7844.4034      7904.5826      4983.6966      2920.886       1704.6618      1647.5636      3109.0647      0             -3540.404       0              0             -125.23022      109988.26      47.912494      47.912494      47.912494      0.76267088    -214.25448     -259.68272      361.38728    
     85000   170000         461.2283       219.28237      8234.2973      7881.8606      4948.0274      2933.8332      1711.0522      1686.9109      3050.8845      0             -3515.0144      0              0             -124.98387      110205.05      47.943953      47.943953      47.943953      0.76117057     412.97798     -125.70612      370.57524    
     86000   172000         458.91058     -259.32419      7395.5129      7810.0272      4923.163       2886.8642      1675.0745      1669.2115      3039.2137      0             -3496.6355      0              0             -125.67096      109602.52      47.856417      47.856417      47.856417      0.76535505    -912.35937      213.91796     -79.531168    
     87000   174000         470.81852      1339.4468      10205.55       8046.7495      5050.9107      2995.8388      1707.675       1713.2316      3086.7784      0             -3511.8463      0              0             -124.63623      110512.44      47.988487      47.988487      47.988487      0.7590534      321.34629      2041.8244      1655.1699    
     88000   176000         468.76368     -457.67149      7290.8698      8018.8556      5028.8665      2989.9891      1751.2688      1704.2312      3058.2022      0             -3523.7132      0              0             -126.28808      109066.94      47.778338      47.778338      47.778338      0.76911339    -594.34613     -586.55962     -192.10873    
     89000   178000         457.93508      11.172164      7641.6802      7623.7777      4912.6979      2711.0797      1638.7273      1603.6668      2990.1276      0             -3521.4419      0              0             -125.35816      109876         47.896188      47.896188      47.896188      0.76345009    -154.57234      213.051       -24.962165    
     90000   180000         458.8073      -311.92241      7347.9552      7841.1349      4922.0551      2919.0799      1764.4616      1715.2615      3002.0372      0             -3562.6804      0              0             -127.04943      108413.35      47.682709      47.682709      47.682709      0.77375015    -784.17248      127.84286     -279.4376     
     91000   182000         466.48781      68.125933      7883.8815      7776.1596      5004.4511      2771.7085      1673.8636      1654.7215      3040.3934      0             -3597.27        0              0             -127.03981      108421.56      47.683913      47.683913      47.683913      0.77369153     615.37032     -423.55023      12.55771     
     92000   184000         446.36766     -308.21082      7134.7236      7623.6028      4788.6034      2834.9994      1708.1903      1701.724       2968.4823      0             -3543.3971      0              0             -126.64198      108762.15      47.733791      47.733791      47.733791      0.77126872    -1069.3215      629.488       -484.79898    
     93000   186000         462.62168      405.89696      8348.7697      7703.1838      4962.9755      2740.2082      1699.5613      1610.9778      2987.0827      0             -3557.4136      0              0             -126.29702      109059.22      47.777211      47.777211      47.777211      0.76916784     615.61742      378.38784      223.68561    
     94000   188000         464.27449     -608.56719      6845.9531      7819.9919      4980.7067      2839.2852      1720.9283      1656.9017      3011.1755      0             -3549.7204      0              0             -125.50576      109746.79      47.877406      47.877406      47.877406      0.76434894    -92.222991     -1374.138      -359.34054    
     95000   190000         469.37139     -500.09369      7115.2841      7916.8517      5035.3859      2881.4658      1728.5365      1652.0652      3000.2167      0             -3499.3525      0              0             -125.3264       109903.85      47.900234      47.900234      47.900234      0.76325663    -477.48431     -540.31862     -482.47814    
     96000   192000         468.02782     -719.00069      6666.255       7801.4724      5020.9722      2780.5002      1699.154       1647.9159      3019.0048      0             -3585.5745      0              0             -127.22769      108261.45      47.660429      47.660429      47.660429      0.77483575    -378.56594     -403.09778     -1375.3383    
     97000   194000         464.16771     -75.482094      7724.5922      7846.1846      4979.5612      2866.6234      1685.613       1672.0629      3026.913       0             -3517.9655      0              0             -124.70067      110455.33      47.980219      47.980219      47.980219      0.75944585    -239.03879     -515.74412      528.33664    
     98000   196000         467.47013     -174.57039      7687.5643      7971.0113      5014.9893      2956.0219      1741.2493      1645.8723      3032.7571      0             -3463.8568      0              0             -123.7172       111333.38      48.107021      48.107021      48.107021      0.75345638    -334.07414      345.70991     -535.34695    
     99000   198000         468.12357      182.29102      8161.4649      7866.3011      5021.9994      2844.3018      1755.4235      1624.7338      2944.8378      0             -3480.6935      0              0             -124.06054      111025.26      48.062601      48.062601      48.062601      0.75554736     47.359297      533.09668     -33.582904    
    100000   200000         476.00823      664.19651      8819.2283      7760.727       5106.5855      2654.1415      1628.4445      1594.3865      2966.9317      0             -3535.6212      0              0             -126.04818      109274.52      47.80863       47.80863       47.80863       0.76765237    -5.473071       1072.7372      925.32541    
    101000   202000         469.03988      371.38687      8396.8817      7807.1816      5031.8295      2775.3521      1699.5983      1622.0197      2970.4113      0             -3516.6772      0              0             -126.51053      108875.16      47.750318      47.750318      47.750318      0.77046818    -104.82151      247.73301      971.24911    
    102000   204000         461.5852      -443.52348      7164.4173      7869.032       4951.8561      2917.1758      1708.2742      1703.2101      3103.6966      0             -3598.0051      0              0             -126.44344      108932.93      47.758762      47.758762      47.758762      0.77005958    -72.601399     -866.49472     -391.47433    
    103000   206000         469.10203      258.60598      8179.7663      7773.8826      5032.4962      2741.3864      1706.9135      1678.4067      2970.8607      0             -3614.7944      0              0             -127.98774      107618.55      47.565899      47.565899      47.565899      0.77946457     237.98226      389.63599      148.1997     
    104000   208000         481.1597      -353.90958      7759.5196      8325.6825      5161.8501      3163.8324      1831.7936      1694.1713      3165.5535      0             -3527.6861      0              0             -125.56895      109691.56      47.869373      47.869373      47.869373      0.76473381     325.41703     -655.15238     -731.99339    
    105000   210000         474.33646      303.79774      8589.6351      8105.9159      5088.6509      3017.265       1765.6352      1705.3625      3015.4611      0             -3469.1937      0              0             -126.16027      109177.43      47.794467      47.794467      47.794467      0.76833504     2.7591296      473.04073      435.59336    
    106000   212000         464.93368      800.75098      9080.8521      7809.3497      4987.7785      2821.5712      1694.3857      1659.9974      3029.2057      0             -3562.0175      0              0             -126.50616      108878.92      47.750868      47.750868      47.750868      0.77044152     762.31036      1083.461       556.48162    
    107000   214000         460.53642     -77.805894      7688.8015      7812.385       4940.605       2871.7801      1725.0895      1649.9127      3040.6318      0             -3543.854       0              0             -126.46873      108911.15      47.755578      47.755578      47.755578      0.77021358    -514.90671      734.53517     -453.04614    
    108000   216000         462.29225     -1078.7624      6204.7453      7907.7447      4959.4413      2948.3034      1757.3414      1684.6912      3078.0827      0             -3571.8119      0              0             -127.24557      108246.23      47.658196      47.658196      47.658196      0.77494469    -1050.8069     -1847.8844     -337.59607    
    109000   218000         474.03144     -1173.5828      6142.8762      8018.1895      5085.3786      2932.8109      1743.9566      1698.5331      3026.9056      0             -3536.5845      0              0             -125.71042      109568.12      47.85141       47.85141       47.85141       0.76559535    -1338.493      -1161.7317     -1020.5237    
    110000   220000         452.84754      572.67264      8788.8121      7865.575       4858.1191      3007.4559      1714.5576      1739.3551      3030.9043      0             -3477.3611      0              0             -124.60187      110542.91      47.992897      47.992897      47.992897      0.75884416     765.31276      704.08907      248.6161     
    111000   222000         469.97051     -248.03034      7506.9023      7909.6438      5041.8132      2867.8306      1651.8452      1673.8268      3014.3519      0             -3472.1933      0              0             -123.71142      111338.58      48.10777       48.10777       48.10777       0.75342115    -314.54698     -539.94589      110.40185    
    112000   224000         469.28924     -570.46471      7069.786       7987.7895      5034.5047      2953.2849      1719.1872      1637.8053      3080.8536      0             -3484.5613      0              0             -124.82909      110341.7       47.963761      47.963761      47.963761      0.76022792    -661.0912      -133.62567     -916.67726    
    113000   226000         470.82269      722.8858       9127.8626      7959.2495      5050.9554      2908.2941      1683.5497      1699.533       3018.9519      0             -3493.7406      0              0             -124.2597       110847.31      48.036909      48.036909      48.036909      0.75676028     408.96922      845.91855      913.76962    
    114000   228000         461.17871      523.62817      8751.527       7912.7031      4947.4954      2965.2077      1733.9982      1644.756       3082.5495      0             -3496.096       0              0             -125.39598      109842.87      47.891373      47.891373      47.891373      0.76368037     643.35715      439.62559      487.90179    
    115000   230000         463.14411      393.72653      8342.757       7717.9034      4968.5801      2749.3233      1661.8619      1649.4681      3036.2448      0             -3598.2516      0              0             -126.57495      108819.75      47.742216      47.742216      47.742216      0.77086048     1143.9196      586.37028     -549.11031    
    116000   232000         455.7206       230.01572      8047.0743      7682.1483      4888.9411      2793.2071      1697.489       1676.0044      2988.1993      0             -3568.4854      0              0             -126.61466      108785.61      47.737223      47.737223      47.737223      0.77110236    -488.26709      503.66833      674.64593    
    117000   234000         470.6969       511.94319      8697.1259      7877.6604      5049.6059      2828.0545      1691.2252      1651.7991      3048.782       0             -3563.7518      0              0             -125.49386      109757.2       47.878919      47.878919      47.878919      0.76427648     864.89688      743.8838      -72.951098    
    118000   236000         458.27889     -416.27202      7110.4181      7765.3675      4916.3863      2848.9812      1688.5842      1701.3834      3042.8358      0             -3583.8222      0              0             -127.67352      107883.4       47.604888      47.604888      47.604888      0.77755095    -921.67095     -350.34402      23.19892     
    119000   238000         462.67709     -161.91776      7492.7012      7748.3156      4963.57        2784.7456      1665.126       1666.274       3027.7039      0             -3574.3582      0              0             -127.24497      108246.75      47.658272      47.658272      47.658272      0.77494098    -807.00684      580.25722     -259.00366    
    120000   240000         460.7283       352.35781      8250.9211      7697.7061      4942.6634      2755.0427      1692.5796      1654.6882      3036.9967      0             -3629.2217      0              0             -127.94441      107654.99      47.571267      47.571267      47.571267      0.77920072     647.26014      197.57077      212.24251    
    121000   242000         458.21999      555.89689      8659.7019      7769.0379      4915.7544      2853.2835      1658.9421      1669.5025      3046.645       0             -3521.8061      0              0             -125.37522      109861.05      47.894016      47.894016      47.894016      0.76355397     26.952256      445.76147      1194.9769    
    122000   244000         461.93037      1066.3648      9376.1373      7663.7487      4955.5591      2708.1895      1652.8481      1602.4175      2972.8595      0             -3519.9356      0              0             -125.09353      110108.45      47.929939      47.929939      47.929939      0.76183841     1415.8273      388.68799      1394.5792    
    123000   246000         463.93275     -166.74696      7533.6391      7799.0263      4977.0405      2821.9858      1652.4923      1666.6487      3050.3379      0             -3547.4931      0              0             -126.21449      109130.53      47.787622      47.787622      47.787622      0.76866525     244.02543     -328.27955     -415.98676    
    124000   248000         466.72612      603.6448       8771.2271      7814.9745      5007.0076      2807.9668      1735.4739      1689.1357      2961.0646      0             -3577.7074      0              0             -126.80611      108621.38      47.713188      47.713188      47.713188      0.77226827     658.74889      638.07829      514.10723    
    125000   250000         474.02987      699.68529      9022.8933      7906.6195      5085.3618      2821.2576      1670.2181      1672.9193      3020.7923      0             -3542.6721      0              0             -125.91091      109393.65      47.825998      47.825998      47.825998      0.76681638     1411.7353     -113.99542      801.31598    
    126000   252000         470.7304       3.6866175      7990.4128      7984.5049      5049.9653      2934.5396      1696.3029      1677.4249      3053.9438      0             -3493.1321      0              0             -125.35034      109882.86      47.897184      47.897184      47.897184      0.76340246     273.88547      58.311957     -321.13757    
    127000   254000         468.6092      -351.80778      7495.1129      8059.0386      5027.2092      3031.8294      1774.1652      1666.434       3124.3539      0             -3533.1237      0              0             -125.31843      109910.84      47.901249      47.901249      47.901249      0.7632081     -337.23083      389.57403     -1107.7666    
    128000   256000         459.60142      103.38514      7970.6802      7805.2094      4930.5743      2874.6351      1679.9888      1658.7566      3068.1997      0             -3532.3099      0              0             -125.50704      109745.66      47.877242      47.877242      47.877242      0.76435679    -355.49063      199.51434      466.13172    
    129000   258000         469.10867      160.99777      8147.5131      7889.8255      5032.5675      2857.258       1713.4207      1612.5063      3039.0595      0             -3507.7285      0              0             -125.50407      109748.27      47.877621      47.877621      47.877621      0.76433866     8.4745851      452.68655      21.832182    
    130000   260000         459.80312      178.50461      8031.4343      7748.0861      4932.7382      2815.348       1658.3071      1677.5056      3063.3954      0             -3583.8601      0              0             -126.54947      108841.66      47.74542       47.74542       47.74542       0.77070532     84.598646      124.92133      325.99387    
    131000   262000         462.46638      376.51445      8463.6379      7867.1821      4961.3095      2905.8726      1698.7079      1717.4648      3047.4975      0             -3557.7975      0              0             -126.80453      108622.73      47.713386      47.713386      47.713386      0.77225868    -221.12807      754.89571      595.77572    
    132000   264000         462.10756      74.666308      7878.7254      7759.5325      4957.46        2802.0725      1651.9376      1641.1614      3032.9691      0             -3523.9956      0              0             -125.83621      109458.59      47.83546       47.83546       47.83546       0.76636144     405.13803     -25.981635     -155.15747    
    133000   266000         466.621        678.65085      9064.2194      7989.1584      5005.88        2983.2785      1719.778       1683.0561      3124.9368      0             -3544.4924      0              0             -126.80742      108620.25      47.713023      47.713023      47.713023      0.77227629     830.88128      731.58308      473.48818    
    134000   268000         466.8374      -214.17949      7508.5761      7849.5235      5008.2014      2841.322       1663.0123      1620.7169      3056.3532      0             -3498.7604      0              0             -126.18912      109152.47      47.790824      47.790824      47.790824      0.76851075    -192.12703     -573.61777      123.20632    
    135000   270000         472.07366     -17.877375      8003.8849      8032.7581      5064.3757      2968.3825      1695.2774      1709.3317      3013.275       0             -3449.5016      0              0             -124.37678      110742.97      48.021831      48.021831      48.021831      0.75747332    -1081.8746      664.4897       363.75279    
    136000   272000         468.7051      -78.483297      7829.2434      7955.412       5028.238       2927.174       1733.2505      1653.8381      3042.0803      0             -3501.9948      0              0             -124.95603      110229.61      47.947513      47.947513      47.947513      0.76100103     121.94923      175.68176     -533.08088    
    137000   274000         462.29903      557.53614      8635.882       7756.4643      4959.5141      2796.9502      1738.3706      1611.4499      3032.5131      0             -3585.3835      0              0             -127.353        108154.92      47.644791      47.644791      47.644791      0.77559895     477.38153      747.40295      447.82393    
    138000   276000         462.84436     -362.93758      7214.9312      7792.7891      4965.3644      2827.4247      1729.4686      1624.2418      3023.0806      0             -3549.3663      0              0             -126.16598      109172.49      47.793746      47.793746      47.793746      0.7683698      4.7827555     -690.43815     -403.15735    
    139000   278000         462.63503      222.61545      8145.2209      7789.2882      4963.1187      2826.1694      1679.8904      1634.7143      3048.625       0             -3537.0603      0              0             -125.63734      109631.85      47.860686      47.860686      47.860686      0.76515029     337.44985      7.2230731      323.17343    
    140000   280000         462.24049     -64.508213      7665.18        7766.4964      4958.8861      2807.6103      1682.0138      1680.1839      3019.3036      0             -3573.891       0              0             -127.89883      107693.35      47.576917      47.576917      47.576917      0.77892314    -850.75949     -768.02609      1425.2609    
    141000   282000         458.06371     -456.28696      6875.0987      7595.5094      4914.0779      2681.4315      1656.4798      1582.4531      3033.4884      0             -3590.9898      0              0             -127.22991      108259.56      47.660151      47.660151      47.660151      0.77484932     818.38876     -701.13209     -1486.1176    
    142000   284000         465.09009      170.27122      8200.2804      7926.5475      4989.4565      2937.091       1723.6479      1725.3584      2975.8306      0             -3487.7459      0              0             -124.95267      110232.57      47.947943      47.947943      47.947943      0.76098053     878.43641     -83.623491     -283.99925    
    143000   286000         452.35774      175.80691      7954.7336      7673.8114      4852.8646      2820.9468      1730.2388      1562.633       3047.8139      0             -3519.7389      0              0             -125.71329      109565.62      47.851045      47.851045      47.851045      0.76561285     298.78954      243.29891     -14.667726    
    144000   288000         462.6301       137.27617      8006.1752      7791.5601      4963.0659      2828.4942      1728.189       1701.7979      3044.6207      0             -3646.1134      0              0             -128.48908      107198.64      47.503954      47.503954      47.503954      0.78251781    -335.82364      82.887442      664.76472    
    145000   290000         452.37319     -413.71683      6931.9001      7578.7689      4853.0304      2725.7385      1680.4519      1655.6335      3019.1844      0             -3629.5313      0              0             -128.47492      107210.45      47.505699      47.505699      47.505699      0.78243158    -609.55929     -533.38014     -98.211061    
    146000   292000         461.14482     -782.84388      6509.8255      7762.4802      4947.1318      2815.3484      1731.7508      1646.5313      2989.2139      0             -3552.1475      0              0             -125.53799      109718.61      47.873308      47.873308      47.873308      0.76454525    -725.60437     -1068.3954     -554.53185    
    147000   294000         460.1008      -592.25412      6670.2254      7612.3737      4935.9317      2676.442       1653.3468      1639.0113      2951.3069      0             -3567.2229      0              0             -126.27582      109077.52      47.779884      47.779884      47.779884      0.76903876    -381.54207     -492.46864     -902.75166    
    148000   296000         458.26518     -94.463002      7562.1186      7713.1299      4916.2392      2796.8907      1684.7543      1705.6626      2932.0729      0             -3525.5991      0              0             -125.65611      109615.48      47.858302      47.858302      47.858302      0.76526461    -150.24154      116.44816     -249.59562    
    149000   298000         464.56993      313.16561      8312.5022      7818.5093      4983.8762      2834.6331      1688.5126      1704.1914      3036.6982      0             -3594.769       0              0             -127.34582      108161.02      47.645687      47.645687      47.645687      0.77555523     699.49448     -137.53035      377.53269    
    150000   300000         459.93282      581.34064      8675.5106      7753.0437      4934.1296      2818.914       1729.1765      1700.8833      2932.4867      0             -3543.6325      0              0             -126.59345      108803.85      47.739891      47.739891      47.739891      0.77097313     889.93017      747.97051      106.12124    
    151000   302000         459.40932      260.22942      8101.9323      7688.226       4928.5135      2759.7125      1661.1012      1663.6476      2994.1324      0             -3559.1687      0              0             -126.35592      109008.38      47.769786      47.769786      47.769786      0.76952654     402.02903     -4.9900528      383.64928    
    152000   304000         468.8112       580.0383       8968.7929      8036.9877      5029.3762      3007.6115      1756.9282      1740.9336      3044.7224      0             -3534.9726      0              0             -125.04403      110152.04      47.936263      47.936263      47.936263      0.76153693     872.30814      548.27603      319.53072    
    153000   306000         462.99607      1075.4718      9593.3599      7865.6156      4966.9919      2898.6237      1678.9771      1717.6405      3009.4184      0             -3507.4122      0              0             -125.04056      110155.09      47.936706      47.936706      47.936706      0.76151583     1329.9821      738.10047      1158.3328    
    154000   308000         467.12667     -579.84761      6839.8962      7772.7151      5011.3047      2761.4104      1725.8304      1607.1435      2962.9108      0             -3534.4743      0              0             -124.86706      110308.15      47.958898      47.958898      47.958898      0.76045918    -1113.2311     -219.75835     -406.55337    
    155000   310000         463.50468      237.73613      8191.5637      7813.2453      4972.4482      2840.7971      1753.2194      1652.3468      2993.3696      0             -3558.1387      0              0             -126.23188      109115.49      47.785427      47.785427      47.785427      0.76877115     532.28323     -30.965241      211.8904     
    156000   312000         471.83865      3.8239391      7712.7384      7706.6732      5061.8545      2644.8186      1641.4731      1598.3321      2989.3277      0             -3584.3142      0              0             -126.6477       108757.24      47.733072      47.733072      47.733072      0.77130356    -325.12703     -69.912074      406.51092    
    157000   314000         461.65105      45.122412      7716.2651      7645.0752      4952.5626      2692.5126      1650.4634      1666.6907      2966.3158      0             -3590.9573      0              0             -127.32269      108180.67      47.648572      47.648572      47.648572      0.77541434    -661.72789      1274.7887     -477.69358    
    158000   316000         461.64018      373.2218       8280.7788      7686.7507      4952.446       2734.3047      1653.4945      1601.5692      2985.6381      0             -3506.3972      0              0             -126.20931      109135.01      47.788275      47.788275      47.788275      0.7686337      152.02576      89.780915      877.85874    
    159000   318000         458.36778      373.70128      8407.5486      7816.4878      4917.34        2899.1478      1731.4023      1672.869       3073.32        0             -3578.4435      0              0             -127.00587      108450.53      47.68816       47.68816       47.68816       0.77348484     801.37222      506.98367     -187.25204    
    160000   320000         472.55649      39.625435      7924.7118      7862.5773      5069.5555      2793.0218      1716.3477      1673.9466      3030.2722      0             -3627.5446      0              0             -128.10697      107518.38      47.551137      47.551137      47.551137      0.78019071    -3.1345473     -255.09245      377.1033     
    161000   322000         464.60344     -413.72402      7093.1162      7741.4972      4984.2356      2757.2615      1678.7472      1643.2437      3024.7715      0             -3589.5009      0              0             -128.1775       107459.22      47.542414      47.542414      47.542414      0.78062026    -443.46975     -511.27639     -286.42591    
    162000   324000         462.17189      36.642546      7898.58        7840.5513      4958.1502      2882.4011      1754.5573      1657.1184      3040.4502      0             -3569.7248      0              0             -126.84509      108587.99      47.7083        47.7083        47.7083        0.77250569     295.20344     -32.522178     -152.75363    
    163000   326000         461.76826      308.51457      8207.636       7719.9544      4953.82        2766.1344      1733.7666      1610.7578      2996.3061      0             -3574.6962      0              0             -127.0781       108388.89      47.679122      47.679122      47.679122      0.77392476     545.63202      120.02433      259.88736    
    164000   328000         452.01592     -174.42435      7274.2567      7549.1993      4849.1976      2700.0017      1637.5623      1642.7049      3032.1485      0             -3612.4141      0              0             -127.43727      108083.41      47.634288      47.634288      47.634288      0.77611213    -724.95397     -467.89936      669.58029    
    165000   330000         464.52114     -546.41316      6748.0506      7609.6119      4983.3527      2626.2591      1575.4299      1635.4218      3007.4056      0             -3591.9981      0              0             -127.3991       108115.79      47.639044      47.639044      47.639044      0.77587968    -785.97919     -716.66762     -136.59266    
    166000   332000         467.46783     -135.75167      7547.8177      7761.3511      5014.9647      2746.3864      1630.7523      1694.066       3036.9693      0             -3615.4012      0              0             -127.70583      107856.11      47.600873      47.600873      47.600873      0.7777477     -150.26241      125.82742     -382.82003    
    167000   334000         461.11008     -390.56035      7013.18        7634.3598      4946.7592      2687.6006      1588.2211      1628.1777      3051.6269      0             -3580.4251      0              0             -126.29967      109056.93      47.776877      47.776877      47.776877      0.76918399    -228.44391     -399.52588     -543.71125    
    168000   336000         461.22494     -190.83493      7404.8766      7709.699       4947.9914      2761.7076      1619.9145      1623.1298      3004.7105      0             -3486.0473      0              0             -125.75997      109524.94      47.845124      47.845124      47.845124      0.76589715    -602.00497      136.30785     -106.80765    
    169000   338000         472.19572     -180.61185      7570.5251      7857.5129      5065.6852      2791.8277      1680.5308      1635.6226      3023.5319      0             -3547.8576      0              0             -126.41952      108953.54      47.761774      47.761774      47.761774      0.7699139      436.52879     -159.20235     -819.16199    
    170000   340000         456.60691      210.57232      8096.0253      7758.6282      4898.4494      2860.1787      1681.1707      1642.0696      3032.2953      0             -3495.3568      0              0             -125.36932      109866.22      47.894767      47.894767      47.894767      0.76351805     340.84867      360.13644     -69.268162    
    171000   342000         458.30595     -373.60741      6980.6444      7577.4556      4916.6767      2660.7789      1620.7796      1623.886       2968.002       0             -3551.8886      0              0             -125.75056      109533.15      47.846318      47.846318      47.846318      0.76583981    -101.94655     -702.65514     -316.22055    
    172000   344000         452.50123      468.74973      8357.8217      7620.0793      4854.4039      2765.6754      1623.2437      1673.228       3027.828       0             -3558.6243      0              0             -127.63437      107916.5       47.609755      47.609755      47.609755      0.77731252     1141.1626     -499.40815      764.49475    
    173000   346000         459.8539      -93.932346      7581.4659      7731.6408      4933.2829      2798.3579      1611.7484      1729.3467      2991.1369      0             -3533.8741      0              0             -125.64616      109624.15      47.859565      47.859565      47.859565      0.76520403     104.85047     -343.19921     -43.4483      
    174000   348000         458.1101      -71.666417      7778.8968      7894.4096      4914.5755      2979.8341      1688.5267      1729.0213      3034.0358      0             -3471.7497      0              0             -124.62838      110519.4       47.989494      47.989494      47.989494      0.75900561     997.87013     -729.08194     -483.78744    
    175000   350000         466.425        965.9842       9330.7738      7779.1745      5003.7772      2775.3972      1652.8024      1617.0407      3021.3639      0             -3515.8098      0              0             -125.06097      110137.11      47.934098      47.934098      47.934098      0.76164014     1364.0288      199.22577      1334.6981    
    176000   352000         454.32339     -172.20137      7306.1221      7582.7993      4873.9519      2708.8474      1638.0003      1630.5279      2947.9811      0             -3507.662       0              0             -125.02433      110169.39      47.938781      47.938781      47.938781      0.76141697    -753.12033      264.22955     -27.713336    
    177000   354000         466.25803      606.33213      8676.3519      7705.5793      5001.986       2703.5932      1641.6076      1660.0919      2960.737       0             -3558.8433      0              0             -125.46553      109781.98      47.882522      47.882522      47.882522      0.76410397     266.39458      361.20431      1191.3975    
    178000   356000         456.56454     -11.498114      7606.6424      7624.9696      4897.9948      2726.9748      1672.7455      1624.8454      2959.2023      0             -3529.8184      0              0             -126.02669      109293.15      47.811347      47.811347      47.811347      0.76752153     188.06044      368.6558      -591.21058    
    179000   358000         450.76654      18.405534      7669.8714      7640.6052      4835.7943      2804.8109      1716.0198      1672.3232      2968.5476      0             -3552.0797      0              0             -126.33217      109028.87      47.772779      47.772779      47.772779      0.76938195    -75.357745     -115.73979      246.31414    
    180000   360000         452.58157      178.95639      7871.146       7587.8282      4855.2659      2732.5623      1659.0136      1660.3528      3002.754       0             -3589.5581      0              0             -126.88336      108555.24      47.703503      47.703503      47.703503      0.77273875    -225.88668      1157.4645     -394.7086     
    181000   362000         457.89201     -222.40908      7390.7158      7744.2503      4912.2358      2832.0145      1679.6006      1631.8429      3082.5687      0             -3561.9977      0              0             -126.37235      108994.21      47.767715      47.767715      47.767715      0.76962663    -380.77725      128.49858     -414.94857    
    182000   364000         463.17962      518.45792      8767.7973      7933.8173      4968.961       2964.8563      1732.5627      1656.0577      3092.1566      0             -3515.9207      0              0             -124.87896      110297.64      47.957375      47.957375      47.957375      0.76053165     1180.2847     -154.84956      529.93865    
    183000   366000         458.73105      190.03598      7984.889       7684.7655      4921.2371      2763.5284      1674.5229      1660.4304      3024.593       0             -3596.018       0              0             -127.19415      108289.99      47.664617      47.664617      47.664617      0.77463153    -425.63518      17.581675      978.16143    
    184000   368000         449.76579      578.99556      8454.9336      7535.8559      4825.0583      2710.7976      1719.641       1636.8183      2930.2908      0             -3575.9526      0              0             -126.54773      108843.15      47.745638      47.745638      47.745638      0.77069472     430.26544      754.05126      552.66997    
    185000   370000         454.93283     -439.27532      6885.5523      7588.5303      4880.49        2708.0404      1662.4598      1636.6226      2966.4587      0             -3557.5006      0              0             -125.5239       109730.93      47.875099      47.875099      47.875099      0.76445943     168.27483     -666.09217     -820.00861    
    186000   372000         450.57953      646.62863      8330.6154      7302.5352      4833.7881      2468.747       1547.8437      1619.9646      2860.6407      0             -3559.7019      0              0             -126.34536      109017.49      47.771117      47.771117      47.771117      0.76946223    -4.7537588      1205.6308      739.00888    
    187000   374000         465.68096      34.423857      7873.3721      7819.1928      4995.7952      2823.3976      1723.9263      1620.1456      3055.0713      0             -3575.7456      0              0             -127.63134      107919.06      47.610131      47.610131      47.610131      0.77729408     456.01076      475.14304     -827.88223    
    188000   376000         456.58843     -157.59765      7336.854       7587.7923      4898.2512      2689.5411      1671.2687      1681.8355      2902.0204      0             -3565.5835      0              0             -126.15781      109179.56      47.794778      47.794778      47.794778      0.76832003    -377.50046     -540.15309      444.8606     
    189000   378000         461.35732     -369.75128      7140.9951      7733.1296      4949.4115      2783.7182      1697.5375      1667.1701      2947.1629      0             -3528.1524      0              0             -125.43555      109808.22      47.886337      47.886337      47.886337      0.76392136    -1040.4118      333.5141      -402.35611    
    190000   380000         449.93865     -781.08186      6251.4666      7503.9735      4826.9128      2677.0607      1705.8704      1621.8098      2894.0721      0             -3544.6916      0              0             -125.2702       109953.15      47.907396      47.907396      47.907396      0.7629144     -880.91226      43.222404     -1505.5557    
    191000   382000         470.23652     -3.6426522      7740.227       7746.0411      5044.667       2701.3741      1657.3768      1673.63        2940.7437      0             -3570.3764      0              0             -125.85315      109443.86      47.833313      47.833313      47.833313      0.76646463    -701.03293      833.02618     -142.92121    
    192000   384000         463.1656       869.32943      9042.9887      7660.9452      4968.8106      2692.1346      1678.7425      1611.4633      2978.5231      0             -3576.5943      0              0             -126.35547      109008.76      47.769842      47.769842      47.769842      0.76952384     941.54277      2034.0755     -367.63002    
    193000   386000         462.13288      736.80963      8723.3519      7558.6436      4957.7316      2600.9119      1702.1985      1614.23        2909.0732      0             -3624.5898      0              0             -127.07774      108389.2       47.679168      47.679168      47.679168      0.77392255     210.39031      934.88933      1065.1493    
    194000   388000         468.03059     -123.36912      7589.4591      7785.1528      5021.0019      2764.1509      1757.1286      1581.6162      2998.8155      0             -3573.4094      0              0             -126.63705      108766.39      47.734411      47.734411      47.734411      0.77123868     235.50759     -824.74886      219.13392    
    195000   390000         456.27856      101.77061      7783.3945      7621.3392      4894.9269      2726.4124      1701.1766      1644.5584      2908.7763      0             -3528.099       0              0             -126.15094      109185.5       47.795645      47.795645      47.795645      0.76827822    -356.78126      141.00259      521.09049    
    196000   392000         462.4326       629.70478      8611.6782      7622.7245      4960.947       2661.7775      1626.3425      1622.4094      3041.4303      0             -3628.4047      0              0             -127.90644      107686.95      47.575974      47.575974      47.575974      0.77896947     1566.7729     -158.38607      480.72753    
    197000   394000         466.59522      113.5234       7943.2212      7765.0011      5005.6034      2759.3978      1668.1108      1631.6581      3047.3202      0             -3587.6913      0              0             -127.95583      107645.38      47.569852      47.569852      47.569852      0.77927025     795.37257     -529.0743       74.271938    
    198000   396000         459.97933      587.72449      8609.2979      7673.6895      4934.6285      2739.0609      1663.6655      1628.7911      3015.3185      0             -3568.7142      0              0             -126.18596      109155.2       47.791223      47.791223      47.791223      0.76849148     232.53169      664.12599      866.51581    
    199000   398000         452.93679     -1063.8895      5784.7658      7479.9441      4859.0766      2620.8675      1619.9263      1578.6412      2977.6789      0             -3555.3789      0              0             -126.07021      109255.42      47.805845      47.805845      47.805845      0.76778653    -1424.0181     -104.00024     -1663.6501    
    200000   400000         454.66355     -584.26859      6649.7839      7580.6338      4877.6012      2703.0326      1630.7001      1644.2025      3007.6253      0             -3579.4952      0              0             -126.08524      109242.4       47.803945      47.803945      47.803945      0.7678781     -1124.6803     -61.156742     -566.96878    
    201000   402000         452.51276     -262.91263      7084.3536      7505.8817      4854.5276      2651.3541      1651.4093      1614.345       2944.3759      0             -3558.7761      0              0             -125.28997      109935.81      47.904876      47.904876      47.904876      0.76303477     85.29983      -261.51847     -612.51925    
    202000   404000         452.46761     -11.466235      7636.7158      7654.8089      4854.0433      2800.7656      1636.8883      1691.8465      3080.3141      0             -3608.2832      0              0             -127.30318      108197.25      47.651006      47.651006      47.651006      0.77529553     17.432404      433.35597     -485.18708    
    203000   406000         457.37673     -307.85883      7092.078       7586.8684      4906.708       2680.1604      1613.4687      1660.9197      2929.3365      0             -3523.5645      0              0             -124.9861       110203.08      47.943667      47.943667      47.943667      0.76118419     27.112603     -737.37794     -213.31117    
    204000   408000         447.31537     -390.12915      6896.4852      7514.1365      4798.7704      2715.3661      1685.2225      1607.2063      3004.694       0             -3581.7568      0              0             -126.88095      108557.3       47.703805      47.703805      47.703805      0.77272408    -758.63942     -552.98002      141.23199    
    205000   410000         451.56045     -131.90903      7364.8612      7575.9356      4844.3114      2731.6242      1619.6757      1624.8392      3003.8559      0             -3516.7466      0              0             -125.53659      109719.84      47.873486      47.873486      47.873486      0.76453671     168.88586     -846.62119      282.00825    
    206000   412000         467.69167     -761.08214      6644.2079      7851.1817      5017.366       2833.8157      1690.8897      1639.3049      3074.1588      0             -3570.5378      0              0             -126.66746      108740.27      47.73059       47.73059       47.73059       0.77142389    -1727.7761     -401.57225     -153.89811    
    207000   414000         468.87361      525.05995      8629.8185      7803.0882      5030.0458      2773.0424      1658.4784      1665.8089      3055.4218      0             -3606.6668      0              0             -127.57819      107964.02      47.616742      47.616742      47.616742      0.77697039    -153.6105       852.14831      876.64204    
    208000   416000         458.77699     -797.82475      6404.0705      7661.7249      4921.7299      2739.995       1674.7576      1650.9151      3006.9919      0             -3592.6696      0              0             -127.43173      108088.11      47.634978      47.634978      47.634978      0.77607839     223.6562      -941.87772     -1675.2527    
    209000   418000         455.41092      379.20667      8118.5088      7525.8765      4885.6189      2640.2575      1677.6649      1657.9543      2910.2965      0             -3605.6582      0              0             -128.53517      107160.19      47.498274      47.498274      47.498274      0.78279855     506.06224      54.263683      577.29408    
    210000   420000         471.5535       133.38463      7934.9689      7723.2348      5058.7955      2664.4393      1666.4681      1632.5462      2934.8773      0             -3569.4523      0              0             -126.54538      108845.17      47.745934      47.745934      47.745934      0.77068041     420.36739     -223.48261      203.26911    
    211000   422000         452.10189      169.25458      7786.7261      7522.6933      4850.1199      2672.5734      1691.8203      1661.1085      2973.7836      0             -3654.1389      0              0             -128.76977      106964.96      47.469412      47.469412      47.469412      0.7842273      242.86287     -119.67708      384.57794    
    212000   424000         463.05225     -120.93128      7546.5535      7737.7855      4967.5946      2770.1908      1678.7349      1753.6657      2947.7505      0             -3609.9603      0              0             -127.03098      108429.09      47.685017      47.685017      47.685017      0.77363779    -47.001174      83.039193     -398.83187    
    213000   426000         461.45832     -1168.0573      5829.6073      7709.7199      4950.4951      2759.2248      1722.9067      1622.0565      2966.6203      0             -3552.3586      0              0             -124.79915      110368.17      47.967595      47.967595      47.967595      0.76004563    -1594.3986     -1093.2392     -816.53395    
    214000   428000         461.65105     -290.81201      7115.6466      7576.4462      4952.5627      2623.8836      1611.8861      1664.9141      2968.6887      0             -3621.6053      0              0             -126.77441      108648.54      47.717165      47.717165      47.717165      0.77207522    -9.4665463     -10.317765     -852.65171    
    215000   430000         467.50996     -543.81798      6900.1258      7769.9237      5015.4166      2754.5071      1730.7697      1593.9841      2969.073       0             -3539.3198      0              0             -125.59333      109670.27      47.866275      47.866275      47.866275      0.76488229    -1204.6502      191.94116     -618.74491    
    216000   432000         454.99546      471.07049      8534.6479      7785.2288      4881.1619      2904.0669      1657.7205      1708.503       3064.1043      0             -3526.2609      0              0             -126.26776      109084.49      47.7809        47.7809        47.7809        0.76898968    -77.274769      1221.7041      268.78218    
    217000   434000         449.66729     -41.8204        7532.625       7599.8174      4824.0017      2775.8158      1650.3657      1652.0191      2999.962       0             -3526.5311      0              0             -125.02565      110168.23      47.938612      47.938612      47.938612      0.76142501    -375.12271      300.61009     -50.948584    
    218000   436000         458.1081       118.73663      7817.3936      7630.1556      4914.5541      2715.6015      1628.6911      1690.7747      2979.9837      0             -3583.848       0              0             -127.38608      108126.84      47.640667      47.640667      47.640667      0.77580041     3.3662974      269.36962      83.473956    
    219000   438000         459.83039      1275.157       9498.0083      7502.018       4933.0307      2568.9873      1619.617       1639.0861      2931.2468      0             -3620.9626      0              0             -128.33248      107329.45      47.523268      47.523268      47.523268      0.78156412     1306.2902      1085.4877      1433.6932    
    220000   440000         459.88643      358.44394      8156.1449      7594.2692      4933.6319      2660.6373      1614.6376      1656.4132      2980.0269      0             -3590.4404      0              0             -128.14815      107483.83      47.546043      47.546043      47.546043      0.78044149     272.38034      809.13787     -6.1863997    
    221000   442000         457.11694      322.3506       7952.8187      7444.1187      4903.9209      2540.1977      1579.2309      1652.7807      2926.6319      0             -3618.4458      0              0             -127.29112      108207.5       47.652511      47.652511      47.652511      0.77522208     665.9858      -673.09085      974.15686    
    222000   444000         457.59282     -278.61756      7220.6644      7664.5543      4909.0262      2755.5281      1604.0524      1728.7727      2957.2167      0             -3534.5138      0              0             -126.08535      109242.31      47.803932      47.803932      47.803932      0.76787873     599.00357     -1026.2587     -408.59753    
    223000   446000         453.64194     -654.69091      6524.7807      7558.2932      4866.6414      2691.6518      1678.1495      1611.6258      2974.1074      0             -3572.2309      0              0             -127.24828      108243.93      47.657857      47.657857      47.657857      0.7749612     -537.6277       546.10872     -1972.5537    
    224000   448000         449.41486      19.86396       7568.3802      7537.0697      4821.2936      2715.7761      1578.7322      1688.5502      3015.1849      0             -3566.6912      0              0             -127.44049      108080.67      47.633886      47.633886      47.633886      0.77613177     20.776296     -353.74455      392.56014    
    225000   450000         448.44519     -130.52971      7268.5749      7475.978       4810.891       2665.087       1619.348       1614.1745      2962.253       0             -3530.6885      0              0             -126.42285      108950.67      47.761355      47.761355      47.761355      0.76993415     90.195334      305.51438     -787.29885    
    226000   452000         456.33769      291.99972      8187.071       7723.898       4895.5612      2828.3368      1705.3667      1628.8789      3049.725       0             -3555.6337      0              0             -126.63991      108763.93      47.734051      47.734051      47.734051      0.7712561      111.47003     -4.0901204      768.61927    
    227000   454000         456.56494      828.73558      8783.6465      7490.4455      4897.9991      2592.4464      1642.9552      1629.1684      2958.1862      0             -3637.8634      0              0             -128.73046      106997.63      47.474243      47.474243      47.474243      0.78398788     1303.2031      570.40755      612.5961     
    228000   456000         448.88752     -713.00038      6563.4268      7703.5485      4815.6363      2887.9122      1702.5495      1696.1275      3014.057       0             -3524.8219      0              0             -125.62322      109644.18      47.862479      47.862479      47.862479      0.7650643     -1256.4898     -1101.5549      219.04351    
    229000   458000         449.43175      34.367313      7659.5465      7604.9177      4821.4748      2783.443       1723.024       1645.8042      2982.9008      0             -3568.286       0              0             -126.37338      108993.32      47.767586      47.767586      47.767586      0.76963288     217.8759      -131.47691      16.702949    
    230000   460000         462.92272     -280.75578      7264.0705      7705.7325      4966.205       2739.5275      1640.5534      1713.9303      3021.3294      0             -3636.2856      0              0             -127.69387      107866.22      47.60236       47.60236       47.60236       0.77767486    -669.37899      150.30333     -323.19169    
    231000   462000         458.52547      149.17277      7780.5406      7546.2034      4919.0316      2627.1719      1676.598       1646.6252      2934.542       0             -3630.5933      0              0             -127.87325      107714.9       47.58009       47.58009       47.58009       0.77876732    -11.384103     -121.20333      580.10573    
    232000   464000         460.23731     -554.36587      6782.7504      7664.8621      4937.3961      2727.466       1704.2898      1619.0967      2975.121       0             -3571.0415      0              0             -126.24212      109106.65      47.784136      47.784136      47.784136      0.76883349    -474.04236     -651.45497     -537.60027    
    233000   466000         448.20131      496.26611      8254.1278      7472.3376      4808.2747      2664.0628      1634.5859      1619.5212      2985.0448      0             -3575.0891      0              0             -127.51338      108018.89      47.624808      47.624808      47.624808      0.77657566     632.00036     -62.200912      918.9989     
    234000   468000         446.10765     -5.2470988      7476.4866      7484.8848      4785.814       2699.0708      1656.8772      1594.7976      3007.5666      0             -3560.1706      0              0             -125.50684      109745.84      47.877268      47.877268      47.877268      0.76435556    -72.786603      259.78315     -202.73784    
    235000   470000         454.00355     -404.3347       6898.5154      7542.1221      4870.5207      2671.6014      1627.6549      1644.3854      2937.4733      0             -3537.9122      0              0             -126.19781      109144.96      47.789728      47.789728      47.789728      0.76856363    -1642.7302      450.06734     -20.341213    
    236000   472000         445.34264      72.788742      7666.2589      7550.5768      4777.6071      2772.9697      1661.1207      1693.2573      2962.6814      0             -3544.0897      0              0             -126.39487      108974.79      47.764878      47.764878      47.764878      0.76976378     324.63795     -534.30734      428.03562    
    237000   474000         458.45541     -1093.6003      5887.1891      7625.117       4918.28        2706.8369      1608.3885      1611.2156      3045.0132      0             -3557.7804      0              0             -126.40324      108967.57      47.763823      47.763823      47.763823      0.76981478    -1482.9685     -784.89209     -1012.9401    
    238000   476000         457.58089     -264.9289       7202.2223      7622.5044      4908.8982      2713.6062      1632.7096      1628.6791      3027.5177      0             -3575.3002      0              0             -126.62508      108776.66      47.735914      47.735914      47.735914      0.77116581    -696.03404      313.59008     -412.34274    
    239000   478000         449.13209      513.43408      8361.1153      7545.3656      4818.26        2727.1055      1640.0631      1676.5289      2994.0384      0             -3583.5248      0              0             -126.43261      108942.26      47.760125      47.760125      47.760125      0.76999362     1782.7506     -367.71796      125.26961    
    240000   480000         467.67464      108.94638      8105.4558      7929.5516      5017.1833      2912.3683      1674.626       1684.2716      3059.8748      0             -3506.4041      0              0             -124.41367      110710.14      48.017085      48.017085      48.017085      0.75769796     349.29792      262.22419     -284.68296    
    241000   482000         452.44783      178.061        7939.8473      7653.3873      4853.8311      2799.5562      1635.6988      1726.5582      2967.2533      0             -3529.9541      0              0             -124.8637       110311.12      47.959329      47.959329      47.959329      0.7604387      336.38981      3.6258018      194.16737    
    242000   484000         457.50013     -470.02669      6776.3748      7527.475       4908.0319      2619.4431      1643.834       1559.9183      2961.0501      0             -3545.3592      0              0             -125.706        109571.97      47.85197       47.85197       47.85197       0.76556848    -1066.0449     -535.27647      191.24133    
    243000   486000         470.6013       213.2184       8136.8734      7794.1162      5048.5804      2745.5358      1632.5107      1648.5466      2996.3971      0             -3531.9187      0              0             -124.95953      110226.52      47.947065      47.947065      47.947065      0.76102237     628.26708      117.01054     -105.6224     
    244000   488000         459.55064     -499.97935      7032.2845      7832.3532      4930.0295      2902.3237      1714.1696      1691.1811      3039.0882      0             -3542.1152      0              0             -125.53249      109723.42      47.874006      47.874006      47.874006      0.76451178    -158.90134     -107.73727     -1233.2994    
    245000   490000         451.73882      234.32294      7899.6118      7529.23        4846.2249      2683.0051      1628.2422      1627.2853      3023.3606      0             -3595.8829      0              0             -127.08567      108382.43      47.678175      47.678175      47.678175      0.77397087     20.490198      680.12616      2.3524762    
    246000   492000         455.22509     -134.03372      7378.8404      7592.9859      4883.6254      2709.3605      1628.1362      1635.8249      2989.0727      0             -3543.6732      0              0             -125.72932      109551.65      47.849011      47.849011      47.849011      0.76571048     261.55734     -733.1575       69.49898     
    247000   494000         457.60737     -666.50923      6629.2282      7684.3927      4909.1823      2775.2104      1680.3654      1652.717       3015.7488      0             -3573.6208      0              0             -126.88707      108552.07      47.703038      47.703038      47.703038      0.77276134    -299.77451     -925.63394     -774.11923    
    248000   496000         455.75188      409.19676      8199.1258      7547.4066      4889.2767      2658.1299      1601.9903      1619.9896      2992.5328      0             -3556.3828      0              0             -126.12553      109207.5       47.798854      47.798854      47.798854      0.76812348     56.199411      135.85074      1035.5401    
    249000   498000         468.94567      1025.9448      9198.4803      7586.69        5030.8188      2555.8712      1584.7882      1602.6146      2966.3819      0             -3597.9135      0              0             -127.86357      107723.05      47.58129       47.58129       47.58129       0.77870839     880.06537      360.00909      1837.76      
    250000   500000         449.17355      242.99545      7901.1127      7515.5074      4818.7048      2696.8026      1674.9787      1656.4554      2938.2269      0             -3572.8584      0              0             -126.58626      108810.03      47.740794      47.740794      47.740794      0.77092936    -747.06497      370.03967      1106.0117    
    251000   502000         445.47887      231.29381      7787.1371      7416.2008      4779.0685      2637.1322      1591.8014      1615.4007      3002.4916      0             -3572.5615      0              0             -125.25526      109966.27      47.9093        47.9093        47.9093        0.76282341     451.53546     -148.41256      390.75851    
    252000   504000         452.234       -504.6185       6827.1453      7644.6161      4851.5372      2793.0789      1688.6016      1678.5951      2928.5342      0             -3502.652       0              0             -124.00017      111079.31      48.070399      48.070399      48.070399      0.7551797     -419.52576      148.63025     -1242.96      
    253000   506000         461.88156     -929.18083      6169.3444      7641.2003      4955.0356      2686.1647      1650.5067      1689.0649      2886.312       0             -3539.7189      0              0             -126.81375      108614.83      47.71223       47.71223       47.71223       0.77231479    -870.50624     -605.75272     -1311.2835    
    254000   508000         442.09798     -266.25979      6769.7898      7189.2134      4742.7986      2446.4148      1561.1006      1640.0254      2858.2523      0             -3612.9635      0              0             -127.52171      108011.84      47.623771      47.623771      47.623771      0.77662639     90.672699     -478.14314     -411.30892    
    255000   510000         454.601        935.53943      9055.6719      7565.8666      4876.9301      2688.9365      1654.7705      1680.6355      2901.7904      0             -3548.2599      0              0             -126.14323      109192.18      47.796619      47.796619      47.796619      0.76823124     307.58257      1328.3         1170.7358    
    256000   512000         452.5093       110.90268      7792.7668      7616.0112      4854.4905      2761.5207      1643.3606      1601.8798      3042.8587      0             -3526.5784      0              0             -126.03757      109283.71      47.809971      47.809971      47.809971      0.76758779    -349.18599      457.55165      224.34236    
    257000   514000         445.07971     -163.03764      7186.8695      7443.3911      4774.7864      2668.6048      1640.0736      1628.9743      2977.2511      0             -3577.6942      0              0             -127.67189      107884.78      47.60509       47.60509       47.60509       0.77754103    -186.11169     -897.03004      594.02882    
    258000   516000         445.53005      283.92853      7931.048       7479.0035      4779.6176      2699.3859      1666.31        1610.7989      2979.6798      0             -3557.4029      0              0             -126.17092      109168.22      47.793122      47.793122      47.793122      0.76839987    -376.80218      958.41671      270.17105    
    259000   518000         455.2517      -33.328753      7487.0544      7540.0193      4883.9108      2656.1085      1649.7149      1615.9411      2983.7197      0             -3593.2672      0              0             -126.4043       108966.66      47.763691      47.763691      47.763691      0.76982119    -715.21668      10.944039      604.28638    
    260000   520000         452.39562      109.07298      7774.2511      7601.2435      4853.271       2747.9725      1653.5312      1611.074       3025.3004      0             -3541.9331      0              0             -126.64361      108760.75      47.733586      47.733586      47.733586      0.77127866     146.89114     -12.168958      192.49676    
    261000   522000         452.0095       908.49402      8917.7827      7487.9287      4849.1287      2638.8001      1612.6457      1629.4971      2962.8351      0             -3566.1778      0              0             -127.63264      107917.96      47.60997       47.60997       47.60997       0.77730198     1046.8526      748.12774      930.50177    
    262000   524000         454.89083      59.659097      7661.7089      7566.5031      4880.0394      2686.4637      1663.9881      1632.6553      2951.8602      0             -3562.0399      0              0             -125.87643      109423.61      47.830364      47.830364      47.830364      0.76660641    -372.9101       149.57464      402.31275    
    263000   526000         452.54597      181.11713      7835.3849      7547.2152      4854.884       2692.3313      1722.2768      1576.7347      2962.4517      0             -3569.1318      0              0             -126.25329      109096.99      47.782726      47.782726      47.782726      0.76890152    -43.025735      469.68443      116.6927     
    264000   528000         456.36981     -201.26744      7275.4677      7596.7028      4895.9058      2700.797       1626.3451      1609.0112      3027.538       0             -3562.0973      0              0             -125.85828      109439.39      47.832663      47.832663      47.832663      0.76649589    -327.19938     -616.84443      340.24149    
    265000   530000         461.79276      811.56779      8959.405       7659.4267      4954.0829      2705.3438      1590.8161      1681.6994      2979.3287      0             -3546.5003      0              0             -125.40651      109833.65      47.890033      47.890033      47.890033      0.76374451     1060.7886      297.60773      1076.307     
    266000   532000         457.53067     -154.67262      7303.5733      7547.9322      4908.3595      2639.5728      1605.7511      1619.4509      3005.6629      0             -3591.2921      0              0             -127.15008      108327.53      47.670124      47.670124      47.670124      0.77436311     289.33055     -559.21811     -194.13029    
    267000   534000         454.71757     -96.712114      7286.9193      7439.328       4878.1807      2561.1473      1558.1031      1638.9527      2971.6541      0             -3607.5627      0              0             -127.46842      108056.99      47.630406      47.630406      47.630406      0.77630188    -605.23505      274.48103      40.617678    
    268000   536000         453.48187      928.54808      9035.5822      7597.4251      4864.9242      2732.501       1646.7921      1684.7064      3038.7177      0             -3637.7152      0              0             -129.69686      106200.37      47.356036      47.356036      47.356036      0.78987338     1272.3718      897.83449      615.43797    
    269000   538000         447.8035       848.37892      8709.4706      7386.6406      4804.007       2582.6336      1650.9737      1595.6906      2935.2294      0             -3599.2602      0              0             -128.83006      106914.91      47.462006      47.462006      47.462006      0.78459446     1732.7217     -895.05279      1707.4678    
    270000   540000         449.34764     -86.874681      7382.4469      7520.382       4820.5724      2699.8096      1636.1494      1672.8813      2945.8622      0             -3555.0832      0              0             -126.51722      108869.4       47.749476      47.749476      47.749476      0.77050894     406.96533     -741.35419      73.764819    
    271000   542000         454.74462      117.87169      7835.5652      7648.078       4878.4709      2769.6072      1663.5674      1688.0334      2994.7518      0             -3576.7454      0              0             -126.29011      109065.18      47.778082      47.778082      47.778082      0.76912576     365.24724     -440.97223      429.34007    
    272000   544000         452.76243     -336.23318      6963.7735      7499.514       4857.2061      2642.3079      1564.6804      1579.2521      3016.7999      0             -3518.4245      0              0             -126.07165      109254.17      47.805662      47.805662      47.805662      0.76779535    -229.92818     -336.92158     -441.84978    
    273000   546000         459.59149      512.39685      8387.2773      7571.8193      4930.4678      2641.3514      1645.2687      1626.666       2925.7593      0             -3556.3426      0              0             -126.22233      109123.75      47.786632      47.786632      47.786632      0.76871299     58.722601      787.9504       690.51754    
    274000   548000         460.00125      66.85268       7703.0062      7595.5675      4934.8637      2660.7038      1620.4558      1610.4999      2907.6243      0             -3477.8761      0              0             -124.99404      110196.09      47.942653      47.942653      47.942653      0.7612325     -172.86736     -104.10025      477.52565    
    275000   550000         459.17277      62.022628      7732.6386      7633.29        4925.9758      2707.3142      1580.2248      1655.7266      3003.3285      0             -3531.9657      0              0             -125.40646      109833.69      47.890039      47.890039      47.890039      0.76374419     771.75768     -315.37859     -270.3112     
    276000   552000         453.44569     -21.167891      7623.293       7656.7245      4864.536       2792.1885      1641.3359      1713.0049      3021.5249      0             -3583.6772      0              0             -127.18998      108293.54      47.665138      47.665138      47.665138      0.77460614    -625.92414     -561.22256      1123.643     
    277000   554000         453.26142      267.35963      8080.5887      7658.274       4862.5592      2795.7148      1680.6768      1707.9072      2992.7584      0             -3585.6276      0              0             -127.17184      108308.99      47.667404      47.667404      47.667404      0.77449566     895.61474      247.18552     -340.72137    
    278000   556000         459.51936      356.21557      8079.6388      7519.812       4929.694       2590.118       1558.7228      1708.3516      2943.9662      0             -3620.9225      0              0             -127.81759      107761.8       47.586995      47.586995      47.586995      0.77842835     987.39432     -198.87668      280.12906    
    279000   558000         451.2182      -465.25821      6863.8977      7608.0557      4840.6396      2767.416       1632.9535      1653.9424      3029.5462      0             -3549.0261      0              0             -125.59151      109671.85      47.866506      47.866506      47.866506      0.7648712     -808.94528     -366.68847     -220.14087    
    280000   560000         460.08005      84.625982      7726.0856      7592.7257      4935.7091      2657.0166      1625.4177      1604.871       3013.0091      0             -3586.2812      0              0             -127.47052      108055.21      47.630145      47.630145      47.630145      0.77631466     463.48211     -187.07394     -22.530216    
    281000   562000         448.59808      837.59109      8710.7691      7386.1057      4812.5313      2573.5745      1633.6896      1568.9689      2975.0561      0             -3604.1401      0              0             -127.01584      108442.02      47.686912      47.686912      47.686912      0.77354558     417.58299      1029.8914      1065.2989    
    282000   564000         460.53412      260.17586      8223.6279      7801.7355      4940.5802      2861.1553      1677.1966      1685.446       2975.6279      0             -3477.1151      0              0             -123.87872      111188.22      48.086104      48.086104      48.086104      0.75444005    -401.04193     -154.22975      1335.7993    
    283000   566000         456.19401      703.61003      8819.3623      7693.3516      4894.0199      2799.3317      1669.5105      1711.2463      2947.4377      0             -3528.8627      0              0             -125.52229      109732.33      47.875303      47.875303      47.875303      0.76444965     473.5523       431.29569      1205.9821    
    284000   568000         449.2898      -401.69292      6909.6954      7543.1901      4819.952       2723.2381      1630.8068      1629.4778      3048.9935      0             -3586.0399      0              0             -127.37451      108136.66      47.642109      47.642109      47.642109      0.77572996     162.18921     -751.52956     -615.7384     
    285000   570000         450.65467      943.86057      9026.0897      7535.4314      4834.5941      2700.8373      1657.197       1612.6149      3023.9467      0             -3592.9213      0              0             -127.19239      108291.5       47.664838      47.664838      47.664838      0.77462077     755.95656      1241.1668      834.45833    
    286000   572000         456.07541      583.00493      8389.3396      7467.3602      4892.7475      2574.6127      1639.9967      1612.5001      2882.5405      0             -3560.4246      0              0             -127.023        108435.9       47.686015      47.686015      47.686015      0.7735892      181.57268      885.13638      682.30575    
    287000   574000         447.82583      391.5223       8081.7926      7464.7341      4804.2466      2660.4875      1616.7481      1612.0088      3006.2845      0             -3574.5539      0              0             -127.45635      108067.22      47.63191       47.63191       47.63191       0.77622837     485.98618     -183.80098      872.38169    
    288000   576000         447.08936      911.68999      9036.0116      7588.5826      4796.3458      2792.2368      1651.3145      1710.7677      3009.8445      0             -3579.6899      0              0             -126.52644      108861.47      47.748317      47.748317      47.748317      0.77056504     1399.3259      1123.4987      212.24532    
    289000   578000         456.17854      434.58394      8126.9619      7439.413       4893.8539      2545.5592      1601.4365      1588.9313      2916.1565      0             -3560.9652      0              0             -126.9701       108481.08      47.692637      47.692637      47.692637      0.77326701    -383.82796      1518.4201      169.15968    
    290000   580000         454.53983      852.56394      8930.472       7594.2829      4876.2739      2718.009       1681.5671      1605.5544      3024.4752      0             -3593.5877      0              0             -128.17119      107464.51      47.543194      47.543194      47.543194      0.78058183     682.38015      915.47009      959.84159    
    291000   582000         453.00953      144.08853      7625.2023      7396.7463      4859.857       2536.8893      1566.3779      1533.2459      3006.1701      0             -3568.9045      0              0             -126.69463      108716.95      47.727178      47.727178      47.727178      0.77158937     478.19235     -160.1891       114.26233    
    292000   584000         460.10942     -139.37267      7415.1557      7636.8534      4936.0241      2700.8294      1611.6207      1657.2778      3006.0412      0             -3574.1103      0              0             -126.28381      109070.62      47.778876      47.778876      47.778876      0.76908742    -108.60173     -341.45338      31.93709     
    293000   586000         446.52104     -755.63993      6163.6445      7362.7988      4790.2489      2572.55        1584.4678      1599.2271      2935.4855      0             -3546.6305      0              0             -126.58177      108813.88      47.741358      47.741358      47.741358      0.77090204    -1152.9005     -673.95443     -440.06483    
    294000   588000         458.33662     -126.02437      7334.7729      7535.9329      4917.0057      2618.9273      1562.3498      1669.9127      2955.4857      0             -3568.821       0              0             -125.84738      109448.87      47.834043      47.834043      47.834043      0.76642951    -33.894324     -248.319       -95.859795    
    295000   590000         454.4001      -87.141752      7436.1542      7574.1726      4874.7749      2699.3976      1654.3876      1595.6292      3023.307       0             -3573.9262      0              0             -126.82963      108601.23      47.710237      47.710237      47.710237      0.77241156    -125.80091     -59.927984     -75.69636     
    296000   592000         466.51655      373.041        8263.7539      7671.4737      5004.7594      2666.7143      1666.2257      1563.0798      3031.5926      0             -3594.1838      0              0             -126.52046      108866.61      47.749069      47.749069      47.749069      0.77052864     221.15412      515.60566      382.36321    
    297000   594000         444.92066      66.859974      7503.0916      7396.92        4773.0801      2623.8399      1594.3914      1655.7422      2928.7766      0             -3555.0703      0              0             -126.49951      108884.64      47.751704      47.751704      47.751704      0.77040105     665.89611     -906.08578      440.76959    
    298000   596000         452.4516      -152.83672      7390.7431      7633.7805      4853.8715      2779.909       1676.5427      1652.3038      3015.341       0             -3564.2785      0              0             -126.32404      109035.88      47.773803      47.773803      47.773803      0.76933244    -237.59684     -74.871596     -146.04173    
    299000   598000         440.55117     -8.0671377      7274.7356      7287.5946      4726.2044      2561.3902      1631.7532      1553.4388      2923.0325      0             -3546.8343      0              0             -126.02044      109298.57      47.812137      47.812137      47.812137      0.76748346     18.328957      368.29688     -410.82725    
    300000   600000         446.88933     -81.923388      7221.7454      7349.8672      4794.1998      2555.6674      1642.6471      1562.8961      2948.6087      0             -3598.4844      0              0             -128.44468      107235.69      47.509426      47.509426      47.509426      0.78224744    -45.06404      -165.66599     -35.040138    
    301000   602000         451.97677      402.08192      8150.9133      7512.3544      4848.7776      2663.5768      1599.0221      1584.6562      3025.9141      0             -3546.0155      0              0             -126.48673      108895.64      47.753312      47.753312      47.753312      0.77032323     127.53286      832.24912      246.46379    
    302000   604000         453.90859      214.29706      7879.4137      7545.3287      4869.5021      2675.8267      1651.4256      1671.1834      2973.8062      0             -3620.5885      0              0             -128.85185      106896.83      47.45933       47.45933       47.45933       0.78472715     153.86449      731.89252     -242.86584    
    303000   606000         466.38445      503.10805      8445.6429      7657.547       5003.3423      2654.2047      1719.8115      1613.3267      2962.1219      0             -3641.0552      0              0             -128.23707      107409.3       47.53505       47.53505       47.53505       0.78098307     334.10318      288.92951      886.29145    
    304000   608000         447.9257      -288.10165      6896.1557      7350.0887      4805.3179      2544.7708      1580.7876      1648.8335      2937.0022      0             -3621.8526      0              0             -127.4927       108036.41      47.627383      47.627383      47.627383      0.77644972    -318.31453     -190.16759     -355.82283    
    305000   610000         453.25105      213.9774       7639.2908      7297.4143      4862.448       2434.9663      1616.6367      1513.0815      2860.0147      0             -3554.7666      0              0             -125.72741      109553.31      47.849254      47.849254      47.849254      0.76569883    -55.107829      836.13163     -139.09161    
    306000   612000         451.32569     -277.82826      7107.1382      7549.6488      4841.7929      2707.8559      1671.14        1636.1737      2939.1286      0             -3538.5864      0              0             -126.12004      109212.26      47.799549      47.799549      47.799549      0.76809       -589.67108      290.31838     -534.13208    
    307000   614000         454.99045      564.62925      8333.2474      7445.3155      4881.1082      2564.2073      1615.0089      1638.8581      2929.4157      0             -3619.0754      0              0             -127.73651      107830.2       47.597061      47.597061      47.597061      0.77793459    -1.9283218      1095.9629      599.8532     
    308000   616000         449.28147     -509.11866      6580.8339      7395.3203      4819.8626      2575.4578      1573.1761      1641.7301      2908.4903      0             -3547.9387      0              0             -125.56439      109695.54      47.869952      47.869952      47.869952      0.76470606    -804.287        190.06507     -913.13405    
    309000   618000         454.67677      70.373279      7610.0894      7498.0859      4877.743       2620.3429      1622.261       1610.4527      2944.1347      0             -3556.5055      0              0             -126.21404      109130.92      47.787679      47.787679      47.787679      0.76866248     70.729565      332.21022     -191.81995    
    310000   620000         450.16227      199.38126      7847.1874      7530.8903      4829.3117      2701.5785      1649.0808      1633.109       3002.5995      0             -3583.2108      0              0             -126.62532      108776.46      47.735885      47.735885      47.735885      0.77116722    -40.168055      402.89983      235.412      
    311000   622000         455.23029     -507.63734      6782.4513      7604.9861      4883.6811      2721.305       1683.6897      1646.7682      2933.722       0             -3542.8749      0              0             -123.97401      111102.76      48.073781      48.073781      48.073781      0.75502035    -646.60742      488.67582     -1364.9804    
    312000   624000         452.90458     -557.62762      6568.8671      7465.6582      4858.7311      2606.9271      1660.1594      1532.7782      2947.6225      0             -3533.6331      0              0             -124.90631      110273.49      47.953875      47.953875      47.953875      0.7606982     -780.9696      -483.66696     -408.24631    
    312500   625000         446.89631     -77.767397      7258.1658      7382.0567      4794.2748      2587.7819      1620.2959      1623.1921      2915.3412      0             -3571.0472      0              0             -126.09259      109236.03      47.803017      47.803017      47.803017      0.76792283     313.74271      47.502581     -594.54749    
Loop time of 165.331 on 1 procs for 312500 steps with 3600 atoms

Performance: 326.617 ns/day, 0.073 hours/ns, 1890.147 timesteps/s, 6.805 Matom-step/s
98.5% CPU use with 1 MPI tasks x 1 OpenMP threads

MPI task timing breakdown:
Section |  min time  |  avg time  |  max time  |%varavg| %total
---------------------------------------------------------------
Pair    | 20.049     | 20.049     | 20.049     |   0.0 | 12.13
Bond    | 112.76     | 112.76     | 112.76     |   0.0 | 68.20
Neigh   | 0.039309   | 0.039309   | 0.039309   |   0.0 |  0.02
Comm    | 11.247     | 11.247     | 11.247     |   0.0 |  6.80
Output  | 1.4463     | 1.4463     | 1.4463     |   0.0 |  0.87
Modify  | 16.925     | 16.925     | 16.925     |   0.0 | 10.24
Other   |            | 2.866      |            |       |  1.73

Nlocal:           3600 ave        3600 max        3600 min
Histogram: 1 0 0 0 0 0 0 0 0 0
Nghost:          13197 ave       13197 max       13197 min
Histogram: 1 0 0 0 0 0 0 0 0 0
Neighs:              0 ave           0 max           0 min
Histogram: 1 0 0 0 0 0 0 0 0 0

Total # of neighbors = 0
Ave neighs/atom = 0
Ave special neighs/atom = 5.9666667
Neighbor list builds = 11007
Dangerous builds = 0

# --- Cleanup ---
unfix npt_fix

undump dump_npt

# --- Write Output ---
write_dump all custom cool_block_04_last.dump id type mol x y z xu yu zu vx vy vz modify sort id
write_data /home/alexzhao/PolyJarvis/data/PE_2/attempts/cooling/attempt-0003/work/cool_block_04/cool_block_04_out.data
System init for write_data ...
Generated 1 of 1 mixed pair_coeff terms from arithmetic mixing rule
write_restart /home/alexzhao/PolyJarvis/data/PE_2/attempts/cooling/attempt-0003/work/cool_block_04/cool_block_04_out.restart
System init for write_restart ...
Generated 1 of 1 mixed pair_coeff terms from arithmetic mixing rule

print "STAGE COMPLETE: NPT T=475.0->450.0K P=1.0->1.0atm steps=312500"
STAGE COMPLETE: NPT T=475.0->450.0K P=1.0->1.0atm steps=312500
quit
