{
  "status": "success",
  "n_points": 3,
  "rates_K_per_ns": [
    25.0,
    50.0,
    100.0
  ],
  "tg_values_K": [
    209.4,
    249.8,
    276.6
  ],
  "rates_span_decades": 0.6020599913279624,
  "loglinear_slope_K": 48.47455337386916,
  "loglinear_intercept_K": 55.633098690235954,
  "loglinear_r_squared": 0.9865312019387613,
  "tg_at_slow_rate_K": 245.26666666666668,
  "slow_rate_ref_K_per_ns": 1.6667e-10,
  "slope_gate_pass": true,
  "is_flat_rate_regime": true,
  "regime": "rubbery",
  "rubbery_regime_exemption": true,
  "tg_method": "rubbery_flat_mean",
  "vf_fit_quality": "POOR_POORLY_CONSTRAINED",
  "tg0_K": 1.000000000086437,
  "tg0_K_ci95": Infinity,
  "vf_A": -1260.6920238632456,
  "vf_c": -9.13393818874168,
  "vf_B_ns_per_K": 0.00010793966020887934,
  "vf_r_squared": 0.9630766569516052,
  "vf_predicted_tg_K": [
    214.13249908631437,
    242.42330535972675,
    279.37416778627414
  ],
  "vf_residuals_K": [
    -4.732499086314363,
    7.376694640273257,
    -2.77416778627412
  ],
  "polymer_name": "PE3",
  "is_dsc_extrapolation": true,
  "d06_markdown": "### Multi-rate Tg analysis\n\n| Rate | Tg_MD |\n|------|-------|\n| 25 K/ns | 209.4 K |\n| 50 K/ns | 249.8 K |\n| 100 K/ns | 276.6 K |\n\n**Log-linear**: Tg = 55.6 + 48.47\u00b7ln(\u0393)  R\u00b2=0.9865\n\u2192 Tg at 1.67e-10 K/ns (DSC-equivalent, 10 K/min) = **245.3 K**  (theoretical DSC-equivalent experimental Tg)\n\n**VF extrapolation** (Tg0 at \u0393\u21920): Tg\u2070 = 1.0 \u00b1 inf K (95% CI)  R\u00b2=0.9631  quality=POOR_POORLY_CONSTRAINED\n\u26a0 CI > 100 K: VF extrapolation is underconstrained with < 2 decades of rates. Use log-linear result for validation.\n",
  "d06_markdown_path": "data/PE3/raw/d06_multirate_block.md",
  "plot_path": "data/PE3/raw/tg_multirate.png"
}