  -1.0039204113   -0.0648267274    2.8526666415
  -0.7751604409   -0.0648267274    2.8370190309
  -0.8895404261    0.1332852184    2.8370190309
  -1.1183003966    0.1332852184    2.8370190309
  -1.2326803818   -0.0648267274    2.8370190309
  -1.1183003966   -0.2629386732    2.8370190309
  -0.8895404261   -0.2629386732    2.8370190309
  -0.5506618358   -0.0648267274    2.7903676843
  -0.6113869704    0.1618025604    2.7903676843
  -0.7772911236    0.3277067135    2.7903676843
  -1.0039204113    0.3884318482    2.7903676843
  -1.2305496991    0.3277067135    2.7903676843
  -1.3964538523    0.1618025604    2.7903676843
  -1.4571789869   -0.0648267274    2.7903676843
  -1.3964538523   -0.2914560151    2.7903676843
  -1.2305496991   -0.4573601683    2.7903676843
  -1.0039204113   -0.5180853029    2.7903676843
  -0.7772911236   -0.4573601683    2.7903676843
  -0.6113869704   -0.2914560151    2.7903676843
  -0.3346065804   -0.0648267274    2.7135816281
  -0.3749711434    0.1640920850    2.7135816281
  -0.4911962705    0.3653999102    2.7135816281
  -0.6692634959    0.5148160533    2.7135816281
  -0.8876952843    0.5943187225    2.7135816281
  -1.1201455384    0.5943187225    2.7135816281
  -1.3385773268    0.5148160533    2.7135816281
  -1.5166445522    0.3653999102    2.7135816281
  -1.6328696793    0.1640920850    2.7135816281
  -1.6732342423   -0.0648267274    2.7135816281
  -1.6328696793   -0.2937455398    2.7135816281
  -1.5166445522   -0.4950533649    2.7135816281
  -1.3385773268   -0.6444695081    2.7135816281
  -1.1201455384   -0.7239721773    2.7135816281
  -0.8876952843   -0.7239721773    2.7135816281
  -0.6692634959   -0.6444695081    2.7135816281
  -0.4911962705   -0.4950533649    2.7135816281
  -0.3749711434   -0.2937455398    2.7135816281
  -0.1310193753   -0.0648267274    2.6080912412
  -0.1607627568    0.1610966853    2.6080912412
  -0.2479659391    0.3716237907    2.6080912412
  -0.3866861694    0.5524075145    2.6080912412
  -0.5674698933    0.6911277449    2.6080912412
  -0.7779969987    0.7783309272    2.6080912412
  -1.0039204113    0.8080743087    2.6080912412
  -1.2298438240    0.7783309272    2.6080912412
  -1.4403709294    0.6911277449    2.6080912412
  -1.6211546533    0.5524075145    2.6080912412
  -1.7598748836    0.3716237907    2.6080912412
  -1.8470780659    0.1610966853    2.6080912412
  -1.8768214474   -0.0648267274    2.6080912412
  -1.8470780659   -0.2907501400    2.6080912412
  -1.7598748836   -0.5012772454    2.6080912412
  -1.6211546533   -0.6820609693    2.6080912412
  -1.4403709294   -0.8207811996    2.6080912412
  -1.2298438240   -0.9079843819    2.6080912412
  -1.0039204113   -0.9377277634    2.6080912412
  -0.7779969987   -0.9079843819    2.6080912412
  -0.5674698933   -0.8207811996    2.6080912412
  -0.3866861694   -0.6820609693    2.6080912412
  -0.2479659391   -0.5012772454    2.6080912412
  -0.1607627568   -0.2907501400    2.6080912412
   0.0563073351   -0.0648267274    2.4758616099
   0.0315197996    0.1630908980    2.4758616099
  -0.0416837694    0.3803513485    2.4758616099
  -0.1598804543    0.5767957670    2.4758616099
  -0.3175435095    0.7432386308    2.4758616099
  -0.5073007858    0.8718972565    2.4758616099
  -0.7202794439    0.9567557098    2.4758616099
  -0.9465208383    0.9938461038    2.4758616099
  -1.1754461730    0.9814341328    2.4758616099
  -1.3963511537    0.9201001668    2.4758616099
  -1.5989065090    0.8127121139    2.4758616099
  -1.7736409757    0.6642913201    2.4758616099
  -1.9123841643    0.4817777768    2.4758616099
  -2.0086485975    0.2737056144    2.4758616099
  -2.0579330573    0.0498040559    2.4758616099
  -2.0579330573   -0.1794575106    2.4758616099
  -2.0086485975   -0.4033590691    2.4758616099
  -1.9123841643   -0.6114312315    2.4758616099
  -1.7736409757   -0.7939447749    2.4758616099
  -1.5989065090   -0.9423655687    2.4758616099
  -1.3963511537   -1.0497536215    2.4758616099
  -1.1754461730   -1.1110875875    2.4758616099
  -0.9465208383   -1.1234995585    2.4758616099
  -0.7202794439   -1.0864091645    2.4758616099
  -0.5073007858   -1.0015507112    2.4758616099
  -0.3175435095   -0.8728920855    2.4758616099
  -0.1598804543   -0.7064492218    2.4758616099
  -0.0416837694   -0.5100048033    2.4758616099
   0.0315197996   -0.2927443527    2.4758616099
   0.2238840086   -0.0648267274    2.3193559221
   0.2029783052    0.1607817428    2.3193559221
   0.1409731134    0.3787073871    2.3193559221
   0.0399799458    0.5815290090    2.3193559221
  -0.0965619964    0.7623397616    2.3193559221
  -0.2640029412    0.9149823515    2.3193559221
  -0.4566408880    1.0342587184    2.3193559221
  -0.6679157826    1.1161070486    2.3193559221
  -0.8906329118    1.1577400954    2.3193559221
  -1.1172079109    1.1577400954    2.3193559221
  -1.3399250401    1.1161070486    2.3193559221
  -1.5511999347    1.0342587184    2.3193559221
  -1.7438378815    0.9149823515    2.3193559221
  -1.9112788263    0.7623397616    2.3193559221
  -2.0478207685    0.5815290090    2.3193559221
  -2.1488139361    0.3787073871    2.3193559221
  -2.2108191279    0.1607817428    2.3193559221
  -2.2317248313   -0.0648267274    2.3193559221
  -2.2108191279   -0.2904351975    2.3193559221
  -2.1488139361   -0.5083608418    2.3193559221
  -2.0478207685   -0.7111824638    2.3193559221
  -1.9112788263   -0.8919932164    2.3193559221
  -1.7438378815   -1.0446358062    2.3193559221
  -1.5511999347   -1.1639121731    2.3193559221
  -1.3399250401   -1.2457605033    2.3193559221
  -1.1172079109   -1.2873935502    2.3193559221
  -0.8906329118   -1.2873935502    2.3193559221
  -0.6679157826   -1.2457605033    2.3193559221
  -0.4566408880   -1.1639121731    2.3193559221
  -0.2640029412   -1.0446358062    2.3193559221
  -0.0965619964   -0.8919932164    2.3193559221
   0.0399799458   -0.7111824638    2.3193559221
   0.1409731134   -0.5083608418    2.3193559221
   0.2029783052   -0.2904351975    2.3193559221
   0.3685890089   -0.0648267274    2.1414895827
   0.3498697694    0.1610808983    2.1414895827
   0.2942226627    0.3808263529    2.1414895827
   0.2031655971    0.5884155531    2.1414895827
   0.0791823717    0.7781860068    2.1414895827
  -0.0743450741    0.9449612707    2.1414895827
  -0.2532289119    1.0841921504    2.1414895827
  -0.4525896569    1.1920807903    2.1414895827
  -0.6669892677    1.2656842696    2.1414895827
  -0.8905794818    1.3029948774    2.1414895827
  -1.1172613409    1.3029948774    2.1414895827
  -1.3408515550    1.2656842696    2.1414895827
  -1.5552511658    1.1920807903    2.1414895827
  -1.7546119108    1.0841921504    2.1414895827
  -1.9334957486    0.9449612707    2.1414895827
  -2.0870231944    0.7781860068    2.1414895827
  -2.2110064197    0.5884155531    2.1414895827
  -2.3020634854    0.3808263529    2.1414895827
  -2.3577105920    0.1610808983    2.1414895827
  -2.3764298316   -0.0648267274    2.1414895827
  -2.3577105920   -0.2907343531    2.1414895827
  -2.3020634854   -0.5104798076    2.1414895827
  -2.2110064197   -0.7180690079    2.1414895827
  -2.0870231944   -0.9078394616    2.1414895827
  -1.9334957486   -1.0746147255    2.1414895827
  -1.7546119108   -1.2138456051    2.1414895827
  -1.5552511658   -1.3217342450    2.1414895827
  -1.3408515550   -1.3953377244    2.1414895827
  -1.1172613409   -1.4326483321    2.1414895827
  -0.8905794818   -1.4326483321    2.1414895827
  -0.6669892677   -1.3953377244    2.1414895827
  -0.4525896569   -1.3217342450    2.1414895827
  -0.2532289119   -1.2138456051    2.1414895827
  -0.0743450741   -1.0746147255    2.1414895827
   0.0791823717   -0.9078394616    2.1414895827
   0.2031655971   -0.7180690079    2.1414895827
   0.2942226627   -0.5104798076    2.1414895827
   0.3498697694   -0.2907343531    2.1414895827
  -0.0996459946    1.1214696309    1.9455759049
  -0.2913309975    1.2456035828    1.9455759049
  -0.4997184923    1.3390221589    1.9455759049
  -0.7199240528    1.3995357069    1.9455759049
  -0.9467862472    1.4257258406    1.9455759049
  -1.1749876179    1.4169786854    1.9455759049
  -1.3991793184    1.3734992673    1.9455759049
  -1.6141064851    1.2963067070    1.9455759049
  -1.8147314073    1.1872103325    1.9455759049
  -1.9963516071    1.0487672706    1.9455759049
  -2.1547100607    0.8842225092    1.9455759049
  -2.2860949804    0.6974328381    1.9455759049
  -2.3874268148    0.4927764488    1.9455759049
  -2.4563304318    0.2750503137    1.9455759049
  -2.4911907889    0.0493577488    1.9455759049
  -2.4911907889   -0.1790112035    1.9455759049
  -2.4563304318   -0.4047037684    1.9455759049
  -2.3874268148   -0.6224299035    1.9455759049
  -2.2860949804   -0.8270862928    1.9455759049
  -2.1547100607   -1.0138759639    1.9455759049
  -1.9963516071   -1.1784207253    1.9455759049
  -1.8147314073   -1.3168637873    1.9455759049
  -1.6141064851   -1.4259601617    1.9455759049
  -1.3991793184   -1.5031527220    1.9455759049
  -1.1749876179   -1.5466321402    1.9455759049
  -0.9467862472   -1.5553792953    1.9455759049
  -0.7199240528   -1.5291891616    1.9455759049
  -0.4997184923   -1.4686756136    1.9455759049
  -0.2913309975   -1.3752570375    1.9455759049
  -0.0996459946   -1.2511230857    1.9455759049
   0.0708435824   -1.0991833526    1.9455759049
  -0.3463191315    1.3751192196    1.7352643900
  -0.5579382390    1.4540490659    1.7352643900
  -0.7786362573    1.5020589811    1.7352643900
  -1.0039204113    1.5181716218    1.7352643900
  -1.2292045654    1.5020589811    1.7352643900
  -1.4499025837    1.4540490659    1.7352643900
  -1.6615216911    1.3751192196    1.7352643900
  -1.8597539329    1.2668762263    1.7352643900
  -2.0405638721    1.1315236012    1.7352643900
  -2.2002707399    0.9718167334    1.7352643900
  -2.3356233650    0.7910067942    1.7352643900
  -2.4438663583    0.5927745524    1.7352643900
  -2.5227962046    0.3811554450    1.7352643900
  -2.5708061198    0.1604574267    1.7352643900
  -2.5869187605   -0.0648267274    1.7352643900
  -2.5708061198   -0.2901108814    1.7352643900
  -2.5227962046   -0.5108088998    1.7352643900
  -2.4438663583   -0.7224280072    1.7352643900
  -2.3356233650   -0.9206602489    1.7352643900
  -2.2002707399   -1.1014701881    1.7352643900
  -2.0405638721   -1.2611770559    1.7352643900
  -1.8597539329   -1.3965296811    1.7352643900
  -1.6615216911   -1.5047726744    1.7352643900
  -1.4499025837   -1.5837025206    1.7352643900
  -1.2292045654   -1.6317124358    1.7352643900
  -1.0039204113   -1.6478250765    1.7352643900
  -0.7786362573   -1.6317124358    1.7352643900
  -0.5579382390   -1.5837025206    1.7352643900
  -0.3463191315   -1.5047726744    1.7352643900
  -0.1480868898   -1.3965296811    1.7352643900
  -0.8916711088    1.5761999887    1.5144727435
  -1.1161697139    1.5761999887    1.5144727435
  -1.3385773268    1.5456307659    1.5144727435
  -1.5547509146    1.4850617671    1.5144727435
  -1.7606635724    1.3956212782    1.5144727435
  -1.9524795368    1.2789754062    1.5144727435
  -2.1266256395    1.1372970430    1.5144727435
  -2.2798578680    0.9732253885    1.5144727435
  -2.4093217959    0.7898167872    1.5144727435
  -2.5126057551    0.5904877942    1.5144727435
  -2.5877857609    0.3789515316    1.5144727435
  -2.6334613520    0.1591485196    1.5144727435
  -2.6487816787   -0.0648267274    1.5144727435
  -2.6334613520   -0.2888019744    1.5144727435
  -2.5877857609   -0.5086049863    1.5144727435
  -2.5126057551   -0.7201412489    1.5144727435
  -2.4093217959   -0.9194702419    1.5144727435
  -2.2798578680   -1.1028788433    1.5144727435
  -2.1266256395   -1.2669504978    1.5144727435
  -1.9524795368   -1.4086288609    1.5144727435
  -1.7606635724   -1.5252747329    1.5144727435
  -1.5547509146   -1.6147152219    1.5144727435
  -1.3385773268   -1.6752842206    1.5144727435
  -1.1161697139   -1.7058534434    1.5144727435
  -0.8916711088   -1.7058534434    1.5144727435
  -0.6692634959   -1.6752842206    1.5144727435
  -0.4530899081   -1.6147152219    1.5144727435
  -0.2471772503   -1.5252747329    1.5144727435
  -2.1479364946    1.1601153971    1.2873138960
  -2.3040773315    0.9929293835    1.2873138960
  -2.4359987049    0.8060393749    1.2873138960
  -2.5412431694    0.6029267786    1.2873138960
  -2.6178502196    0.3873751978    1.2873138960
  -2.6643928111    0.1633999508    1.2873138960
  -2.6800039436   -0.0648267274    1.2873138960
  -2.6643928111   -0.2930534056    1.2873138960
  -2.6178502196   -0.5170286526    1.2873138960
  -2.5412431694   -0.7325802333    1.2873138960
  -2.4359987049   -0.9356928296    1.2873138960
  -2.3040773315   -1.1225828382    1.2873138960
  -2.1479364946   -1.2897688519    1.2873138960
  -1.9704848026   -1.4341365114    1.2873138960
  -1.7750278448   -1.5529965205    1.2873138960
  -1.5652066146   -1.6441347420    1.2873138960
  -1.3449296844   -1.7058534434    1.2873138960
  -1.1183003966   -1.7370029220    1.2873138960
  -0.8895404261   -1.7370029220    1.2873138960
  -2.5412431694    0.6029267786    1.0580193871
  -2.6178502196    0.3873751978    1.0580193871
  -2.6643928111    0.1633999508    1.0580193871
  -2.6800039436   -0.0648267274    1.0580193871
  -2.6643928111   -0.2930534056    1.0580193871
  -2.6178502196   -0.5170286526    1.0580193871
  -2.5412431694   -0.7325802333    1.0580193871
  -2.4359987049   -0.9356928296    1.0580193871
  -2.3040773315   -1.1225828382    1.0580193871
  -0.3003119657    1.5378346696    1.4701428491
  -0.5234556450    1.5863766058    1.4701428491
  -0.7512362812    1.6026677984    1.4701428491
  -0.5243625854    1.7254042911    1.2891244883
  -0.7512362812   -1.7360194135    1.2891244883
  -0.5243625854   -1.7211493258    1.2891244883
  -0.8083726720   -1.8523678427    1.0942893765
  -0.5800438467   -1.8453331068    1.0942893765
  -2.6170322046    0.5718867583    0.8879217772
  -2.6713235983    0.3472140725    0.8879217772
  -2.6986611750    0.1176971274    0.8879217772
  -2.6986611750   -0.1134421621    0.8879217772
  -2.6713235983   -0.3429591072    0.8879217772
  -2.6170322046   -0.5676317930    0.8879217772
  -2.5365491259   -0.7843063075    0.8879217772
  -2.7450554117    0.3471714633    0.6724411619
  -2.7713912207    0.1176441216    0.6724411619
  -2.7713912207   -0.1133891562    0.6724411619
  -2.7450554117   -0.3429164980    0.6724411619
  -2.6927271211   -0.5679456637    0.6724411619
  -2.7953080207    0.3432227277    0.4503738438
  -2.8204251709    0.1162878149    0.4503738438
  -2.8204251709   -0.1120328496    0.4503738438
  -2.7953080207   -0.3389677624    0.4503738438
  -2.8449723115    0.1176421184    0.2243233591
  -2.8449723115   -0.1133871531    0.2243233591
  -2.8449723115    0.1176421184   -0.0030600570
  -2.8449723115   -0.1133871531   -0.0030600570
  -0.5241863425    0.0021274827   -1.9770580590
  -0.6377113119    0.1987584975   -1.9770580590
  -1.2566681615    1.6005168687    1.4257706157
  -1.4828214642    1.5399192739    1.4257706157
  -0.9215665432    1.7286232917    1.3578712795
  -1.1402885908    1.8082316066    1.3578712795
  -1.3730477322    1.8082316066    1.3578712795
  -1.5917697797    1.7286232917    1.3578712795
  -1.7700736266    1.5790085996    1.3578712795
  -1.8864531972    1.3774332702    1.3578712795
  -0.6355973285    1.7692810962    1.2642024693
  -0.8175047639    1.9088635806    1.2642024693
  -1.0293404591    1.9966087986    1.2642024693
  -1.2566681615    2.0265370584    1.2642024693
  -1.4839958639    1.9966087986    1.2642024693
  -1.6958315590    1.9088635806    1.2642024693
  -1.8777389944    1.7692810962    1.2642024693
  -2.0173214789    1.5873736608    1.2642024693
  -2.1050666968    1.3755379656    1.2642024693
  -0.5382611905    1.9460820359    1.1461300873
  -0.7198469758    2.0780118314    1.1461300873
  -0.9248944228    2.1693048366    1.1461300873
  -1.1444419743    2.2159711093    1.1461300873
  -1.3688943486    2.2159711093    1.1461300873
  -1.5884419001    2.1693048366    1.1461300873
  -1.7934893471    2.0780118314    1.1461300873
  -1.9750751324    1.9460820359    1.1461300873
  -2.1252630857    1.7792814153    1.1461300873
  -2.2374892729    1.5848999572    1.1461300873
  -2.3068488710    1.3714330640    1.1461300873
  -2.3303105328    1.1482102632    1.1461300873
  -0.3128423195    1.9728060686    1.0053758948
  -0.4752472555    2.1280810863    1.0053758948
  -0.6627677024    2.2518622496    1.0053758948
  -0.8693765987    2.3401711299    1.0053758948
  -1.0884333646    2.3901694072    1.0053758948
  -1.3128973352    2.4002500957    1.0053758948
  -1.5355540539    2.3700891939    1.0053758948
  -1.7492471505    2.3006560978    1.0053758948
  -1.9471083532    2.1941824444    1.0053758948
  -2.1227782400    2.0540903845    1.0053758948
  -2.2706106362    1.8848825921    1.0053758948
  -2.3858540870    1.6919975449    1.0053758948
  -2.4648045731    1.4816347270    1.0053758948
  -2.5049245609    1.2605553726    1.0053758948
  -2.5049245609    1.0358651538    1.0053758948
  -0.2766811919    2.1684847739    0.8439924049
  -0.4530353068    2.3124734520    0.8439924049
  -0.6502030906    2.4263083250    0.8439924049
  -0.8630780012    2.5070411296    0.8439924049
  -1.0861466901    2.5525809285    0.8439924049
  -1.3136317956    2.5617482649    0.8439924049
  -1.5396415729    2.5343057095    0.8439924049
  -1.7583224875    2.4709640101    0.8439924049
  -1.9640108185    2.3733636835    0.8439924049
  -2.1513793463    2.2440325269    0.8439924049
  -2.3155753243    2.0863201492    0.8439924049
  -2.4523461631    1.9043112183    0.8439924049
  -2.5581495696    1.7027196698    0.8439924049
  -2.6302452914    1.4867666189    0.8439924049
  -2.6667660870    1.2620451362    0.8439924049
  -2.6667660870    1.0343753902    0.8439924049
  -2.6302452914    0.8096539075    0.8439924049
  -0.2616954725    2.3437943910    0.6643329521
  -0.4463769753    2.4759226764    0.6643329521
  -0.6483284280    2.5797530768    0.6643329521
  -0.8632455860    2.6530726275    0.6643329521
  -1.0865478631    2.6943186496    0.6643329521
  -1.3134759590    2.7026120557    0.6643329521
  -1.5391932953    2.6777760863    0.6643329521
  -1.7588890989    2.6203400769    0.6643329521
  -1.9678809352    2.5315281764    0.6643329521
  -2.1617145060    2.4132332562    0.6643329521
  -2.3362585852    2.2679765672    0.6643329521
  -2.4877930689    2.0988540035    0.6643329521
  -2.6130882625    1.9094701189    0.6643329521
  -2.7094737167    1.7038613022    0.6643329521
  -2.7748951428    1.4864097482    0.6643329521
  -2.8079581966    1.2617500594    0.6643329521
  -2.8079581966    1.0346704670    0.6643329521
  -2.7748951428    0.8100107782    0.6643329521
  -2.7094737167    0.5925592243    0.6643329521
  -0.1144073618    2.3712729380    0.4690173760
  -0.2915867866    2.5154190917    0.4690173760
  -0.4867438513    2.6340967318    0.4690173760
  -0.6962431493    2.7250951184    0.4690173760
  -0.9161821048    2.7867191238    0.4690173760
  -1.1424636714    2.8178208092    0.4690173760
  -1.3708726515    2.8178208092    0.4690173760
  -1.5971542181    2.7867191238    0.4690173760
  -1.8170931736    2.7250951184    0.4690173760
  -2.0265924716    2.6340967318    0.4690173760
  -2.2217495364    2.5154190917    0.4690173760
  -2.3989289612    2.3712729380    0.4690173760
  -2.5548302285    2.2043434407    0.4690173760
  -2.6865491927    2.0177401807    0.4690173760
  -2.7916321788    1.8149392234    0.4690173760
  -2.8681216895    1.5997183672    0.4690173760
  -2.9145928699    1.3760867693    0.4690173760
  -2.9301800500    1.1482102632    0.4690173760
  -2.9145928699    0.9203337571    0.4690173760
  -2.8681216895    0.6967021592    0.4690173760
  -2.7916321788    0.4814813030    0.4690173760
  -0.1548490178    2.5298477686    0.2608938173
  -0.3405748204    2.6594020486    0.2608938173
  -0.5413428504    2.7641426012    0.2608938173
  -0.7538565021    2.8423495895    0.2608938173
  -0.9746263075    2.8927388569    0.2608938173
  -1.2000272322    2.9144830131    0.2608938173
  -1.4263581995    2.9072250195    0.2608938173
  -1.6499028610    2.8710840522    0.2608938173
  -1.8669906196    2.8066535450    0.2608938173
  -2.0740569004    2.7149914449    0.2608938173
  -2.2677016806    2.5976028411    0.2608938173
  -2.4447453184    2.4564152513    0.2608938173
  -2.6022807622    2.2937469717    0.2608938173
  -2.7377212842    2.1122690111    0.2608938173
  -2.8488429549    1.9149612324    0.2608938173
  -2.9338211596    1.7050634241    0.2608938173
  -2.9912605583    1.4860221022    0.2608938173
  -3.0202179979    1.2614339193    0.2608938173
  -3.0202179979    1.0349866071    0.2608938173
  -2.9912605583    0.8103984242    0.2608938173
  -2.9338211596    0.5913571023    0.2608938173
  -2.8488429549    0.3814592940    0.2608938173
  -0.0627315084    2.5417790642    0.0429971863
  -0.2430342276    2.6779373574    0.0429971863
  -0.4387026040    2.7909065472    0.0429971863
  -0.6467705044    2.8789741358    0.0429971863
  -0.8640838317    2.9408051083    0.0429971863
  -1.0873483372    2.9754621702    0.0429971863
  -1.3131795586    2.9824199559    0.0429971863
  -1.5381541249    2.9615729922    0.0429971863
  -1.7588616508    2.9132372981    0.0429971863
  -1.9719564354    2.8381455932    0.0429971863
  -2.1742081789    2.7374361914    0.0429971863
  -2.3625509510    2.6126357445    0.0429971863
  -2.5341296673    2.4656361001    0.0429971863
  -2.6863433694    2.2986656228    0.0429971863
  -2.8168846526    2.1142554150    0.0429971863
  -2.9237746442    1.9152009475    0.0429971863
  -3.0053930009    1.7045196830    0.0429971863
  -3.0605024716    1.4854053348    0.0429971863
  -3.0882676528    1.2611794530    0.0429971863
  -3.0882676528    1.0352410734    0.0429971863
  -3.0605024716    0.8110151916    0.0429971863
  -3.0053930009    0.5919008434    0.0429971863
  -2.9237746442    0.3812195789    0.0429971863
   0.1477025038    2.3923741059   -0.1814950935
  -0.0125043188    2.5525809285   -0.1814950935
  -0.1908538518    2.6923088645   -0.1814950935
  -0.3847453576    2.8095203658   -0.1814950935
  -0.5913514611    2.9025062249   -0.1814950935
  -0.8076593804    2.9699104986   -0.1814950935
  -1.0305148587    3.0107502807   -0.1814950935
  -1.2566681615    3.0244300353   -0.1814950935
  -1.4828214642    3.0107502807   -0.1814950935
  -1.7056769426    2.9699104986   -0.1814950935
  -1.9219848618    2.9025062249   -0.1814950935
  -2.1285909654    2.8095203658   -0.1814950935
  -2.3224824711    2.6923088645   -0.1814950935
  -2.5008320041    2.5525809285   -0.1814950935
  -2.6610388268    2.3923741059   -0.1814950935
  -2.8007667627    2.2140245728   -0.1814950935
  -2.9179782641    2.0201330671   -0.1814950935
  -3.0109641232    1.8135269635   -0.1814950935
  -3.0783683968    1.5972190443   -0.1814950935
  -3.1192081789    1.3743635660   -0.1814950935
  -3.1328879335    1.1482102632   -0.1814950935
  -3.1192081789    0.9220569605   -0.1814950935
  -3.0783683968    0.6992014821   -0.1814950935
  -3.0109641232    0.4828935629   -0.1814950935
  -2.9179782641    0.2762874593   -0.1814950935
   0.1750280862    2.3820440666   -0.4093094192
   0.0190497114    2.5427151606   -0.4093094192
  -0.1548369459    2.6838104626   -0.4093094192
  -0.3441908983    2.8033493040   -0.4093094192
  -0.5463540313    2.8996536213   -0.4093094192
  -0.7584884176    2.9713715130   -0.4093094192
  -0.9776161555    3.0174962172   -0.4093094192
  -1.2006611719    3.0373802442   -0.4093094192
  -1.4244924036    3.0307444657   -0.4093094192
  -1.6459677509    2.9976820337   -0.4093094192
  -1.8619781853    2.9386570720   -0.4093094192
  -2.0694913938    2.8544981618   -0.4093094192
  -2.2655943458    2.7463867098   -0.4093094192
  -2.4475341858    2.6158403637   -0.4093094192
  -2.6127568773    2.4646917081   -0.4093094192
  -2.7589430557    2.2950625388   -0.4093094192
  -2.8840405877    2.1093340775   -0.4093094192
  -2.9862933781    1.9101135446   -0.4093094192
  -3.0642660217    1.7001975597   -0.4093094192
  -3.1168639538    1.4825328832   -0.4093094192
  -3.1433488145    1.2601750499   -0.4093094192
  -3.1433488145    1.0362454765   -0.4093094192
  -3.1168639538    0.8138876432   -0.4093094192
  -3.0642660217    0.5962229667   -0.4093094192
  -2.9862933781    0.3863069819   -0.4093094192
  -2.8840405877    0.1870864490   -0.4093094192
   0.2874304398    2.2140245728   -0.6371237449
   0.1477025038    2.3923741059   -0.6371237449
  -0.0125043188    2.5525809285   -0.6371237449
  -0.1908538518    2.6923088645   -0.6371237449
  -0.3847453576    2.8095203658   -0.6371237449
  -0.5913514611    2.9025062249   -0.6371237449
  -0.8076593804    2.9699104986   -0.6371237449
  -1.0305148587    3.0107502807   -0.6371237449
  -1.2566681615    3.0244300353   -0.6371237449
  -1.4828214642    3.0107502807   -0.6371237449
  -1.7056769426    2.9699104986   -0.6371237449
  -1.9219848618    2.9025062249   -0.6371237449
  -2.1285909654    2.8095203658   -0.6371237449
  -2.3224824711    2.6923088645   -0.6371237449
  -2.5008320041    2.5525809285   -0.6371237449
  -2.6610388268    2.3923741059   -0.6371237449
  -2.8007667627    2.2140245728   -0.6371237449
  -2.9179782641    2.0201330671   -0.6371237449
  -3.0109641232    1.8135269635   -0.6371237449
  -3.0783683968    1.5972190443   -0.6371237449
  -3.1192081789    1.3743635660   -0.6371237449
  -3.1328879335    1.1482102632   -0.6371237449
  -3.1192081789    0.9220569605   -0.6371237449
  -3.0783683968    0.6992014821   -0.6371237449
  -3.0109641232    0.4828935629   -0.6371237449
  -2.9179782641    0.2762874593   -0.6371237449
  -2.8007667627    0.0823959536   -0.6371237449
   0.3600597268    2.0163748040   -0.8616160247
   0.2411184970    2.2084714859   -0.8616160247
   0.0994723482    2.3844956885   -0.8616160247
  -0.0627315084    2.5417790642   -0.8616160247
  -0.2430342276    2.6779373574   -0.8616160247
  -0.4387026040    2.7909065472   -0.8616160247
  -0.6467705044    2.8789741358   -0.8616160247
  -0.8640838317    2.9408051083   -0.8616160247
  -1.0873483372    2.9754621702   -0.8616160247
  -1.3131795586    2.9824199559   -0.8616160247
  -1.5381541249    2.9615729922   -0.8616160247
  -1.7588616508    2.9132372981   -0.8616160247
  -1.9719564354    2.8381455932   -0.8616160247
  -2.1742081789    2.7374361914   -0.8616160247
  -2.3625509510    2.6126357445   -0.8616160247
  -2.5341296673    2.4656361001   -0.8616160247
  -2.6863433694    2.2986656228   -0.8616160247
  -2.8168846526    2.1142554150   -0.8616160247
  -2.9237746442    1.9152009475   -0.8616160247
  -3.0053930009    1.7045196830   -0.8616160247
  -3.0605024716    1.4854053348   -0.8616160247
  -3.0882676528    1.2611794530   -0.8616160247
  -3.0882676528    1.0352410734   -0.8616160247
  -3.0605024716    0.8110151916   -0.8616160247
  -3.0053930009    0.5919008434   -0.8616160247
  -2.9237746442    0.3812195789   -0.8616160247
  -2.8168846526    0.1821651114   -0.8616160247
   0.2831094349    2.0153968496   -1.0795126557
   0.1595745228    2.2051796484   -1.0795126557
   0.0127849449    2.3776070390   -1.0795126557
  -0.1548490178    2.5298477686   -1.0795126557
  -0.3405748204    2.6594020486   -1.0795126557
  -0.5413428504    2.7641426012   -1.0795126557
  -0.7538565021    2.8423495895   -1.0795126557
  -0.9746263075    2.8927388569   -1.0795126557
  -1.2000272322    2.9144830131   -1.0795126557
  -1.4263581995    2.9072250195   -1.0795126557
  -1.6499028610    2.8710840522   -1.0795126557
  -1.8669906196    2.8066535450   -1.0795126557
  -2.0740569004    2.7149914449   -1.0795126557
  -2.2677016806    2.5976028411   -1.0795126557
  -2.4447453184    2.4564152513   -1.0795126557
  -2.6022807622    2.2937469717   -1.0795126557
  -2.7377212842    2.1122690111   -1.0795126557
  -2.8488429549    1.9149612324   -1.0795126557
  -2.9338211596    1.7050634241   -1.0795126557
  -2.9912605583    1.4860221022   -1.0795126557
  -3.0202179979    1.2614339193   -1.0795126557
  -3.0202179979    1.0349866071   -1.0795126557
  -2.9912605583    0.8103984242   -1.0795126557
  -2.9338211596    0.5913571023   -1.0795126557
  -2.8488429549    0.3814592940   -1.0795126557
  -2.7377212842    0.1841515153   -1.0795126557
   0.2782958559    1.8149392234   -1.2876362144
   0.1732128698    2.0177401807   -1.2876362144
   0.0414939056    2.2043434407   -1.2876362144
  -0.1144073618    2.3712729380   -1.2876362144
  -0.2915867866    2.5154190917   -1.2876362144
  -0.4867438513    2.6340967318   -1.2876362144
  -0.6962431493    2.7250951184   -1.2876362144
  -0.9161821048    2.7867191238   -1.2876362144
  -1.1424636714    2.8178208092   -1.2876362144
  -1.3708726515    2.8178208092   -1.2876362144
  -1.5971542181    2.7867191238   -1.2876362144
  -1.8170931736    2.7250951184   -1.2876362144
  -2.0265924716    2.6340967318   -1.2876362144
  -2.2217495364    2.5154190917   -1.2876362144
  -2.3989289612    2.3712729380   -1.2876362144
  -2.5548302285    2.2043434407   -1.2876362144
  -2.6865491927    2.0177401807   -1.2876362144
  -2.7916321788    1.8149392234   -1.2876362144
  -2.8681216895    1.5997183672   -1.2876362144
  -2.9145928699    1.3760867693   -1.2876362144
  -2.9301800500    1.1482102632   -1.2876362144
  -2.9145928699    0.9203337571   -1.2876362144
  -2.8681216895    0.6967021592   -1.2876362144
  -2.7916321788    0.4814813030   -1.2876362144
  -2.6865491927    0.2786803458   -1.2876362144
   0.2328216431    1.5963309842   -1.4829517905
   0.1517017983    1.8084269815   -1.4829517905
   0.0405649928    2.0064516056   -1.4829517905
  -0.0982200851    2.1861843056   -1.4829517905
  -0.2616954725    2.3437943910   -1.4829517905
  -0.4463769753    2.4759226764   -1.4829517905
  -0.6483284280    2.5797530768   -1.4829517905
  -0.8632455860    2.6530726275   -1.4829517905
  -1.0865478631    2.6943186496   -1.4829517905
  -1.3134759590    2.7026120557   -1.4829517905
  -1.5391932953    2.6777760863   -1.4829517905
  -1.7588890989    2.6203400769   -1.4829517905
  -1.9678809352    2.5315281764   -1.4829517905
  -2.1617145060    2.4132332562   -1.4829517905
  -2.3362585852    2.2679765672   -1.4829517905
  -2.4877930689    2.0988540035   -1.4829517905
  -2.6130882625    1.9094701189   -1.4829517905
  -2.7094737167    1.7038613022   -1.4829517905
  -2.7748951428    1.4864097482   -1.4829517905
  -2.8079581966    1.2617500594   -1.4829517905
  -2.8079581966    1.0346704670   -1.4829517905
  -2.7748951428    0.8100107782   -1.4829517905
  -2.7094737167    0.5925592243   -1.4829517905
  -2.6130882625    0.3869504075   -1.4829517905
  -2.4877930689    0.1975665229   -1.4829517905
   0.0852124128    1.5961958235   -1.6626112433
  -0.0040265257    1.8056473098   -1.6626112433
  -0.1257082247    1.9980715219   -1.6626112433
  -0.2766811919    2.1684847739   -1.6626112433
  -0.4530353068    2.3124734520   -1.6626112433
  -0.6502030906    2.4263083250   -1.6626112433
  -0.8630780012    2.5070411296   -1.6626112433
  -1.0861466901    2.5525809285   -1.6626112433
  -1.3136317956    2.5617482649   -1.6626112433
  -1.5396415729    2.5343057095   -1.6626112433
  -1.7583224875    2.4709640101   -1.6626112433
  -1.9640108185    2.3733636835   -1.6626112433
  -2.1513793463    2.2440325269   -1.6626112433
  -2.3155753243    2.0863201492   -1.6626112433
  -2.4523461631    1.9043112183   -1.6626112433
  -2.5581495696    1.7027196698   -1.6626112433
  -2.6302452914    1.4867666189   -1.6626112433
  -2.6667660870    1.2620451362   -1.6626112433
  -2.6667660870    1.0343753902   -1.6626112433
  -2.6302452914    0.8096539075   -1.6626112433
  -2.5581495696    0.5937008566   -1.6626112433
  -2.4523461631    0.3921093081   -1.6626112433
  -2.3155753243    0.2101003772   -1.6626112433
  -0.0235074133    1.3719959452   -1.8239947333
  -0.0832832903    1.5885889712   -1.8239947333
  -0.1807727226    1.7910278631   -1.8239947333
  -0.3128423195    1.9728060686   -1.8239947333
  -0.4752472555    2.1280810863   -1.8239947333
  -0.6627677024    2.2518622496   -1.8239947333
  -0.8693765987    2.3401711299   -1.8239947333
  -1.0884333646    2.3901694072   -1.8239947333
  -1.3128973352    2.4002500957   -1.8239947333
  -1.5355540539    2.3700891939   -1.8239947333
  -1.7492471505    2.3006560978   -1.8239947333
  -1.9471083532    2.1941824444   -1.8239947333
  -2.1227782400    2.0540903845   -1.8239947333
  -2.2706106362    1.8848825921   -1.8239947333
  -2.3858540870    1.6919975449   -1.8239947333
  -2.4648045731    1.4816347270   -1.8239947333
  -2.5049245609    1.2605553726   -1.8239947333
  -2.5049245609    1.0358651538   -1.8239947333
  -2.4648045731    0.8147857994   -1.8239947333
  -2.3858540870    0.6044229815   -1.8239947333
  -2.2706106362    0.4115379343   -1.8239947333
  -2.1227782400    0.2423301419   -1.8239947333
  -0.1830257901    1.1482102632   -1.9647489258
  -0.2064874519    1.3714330640   -1.9647489258
  -0.2758470500    1.5848999572   -1.9647489258
  -0.3880732372    1.7792814153   -1.9647489258
  -0.5382611905    1.9460820359   -1.9647489258
  -0.7198469758    2.0780118314   -1.9647489258
  -0.9248944228    2.1693048366   -1.9647489258
  -1.1444419743    2.2159711093   -1.9647489258
  -1.3688943486    2.2159711093   -1.9647489258
  -1.5884419001    2.1693048366   -1.9647489258
  -1.7934893471    2.0780118314   -1.9647489258
  -1.9750751324    1.9460820359   -1.9647489258
  -2.1252630857    1.7792814153   -1.9647489258
  -2.2374892729    1.5848999572   -1.9647489258
  -2.3068488710    1.3714330640   -1.9647489258
  -2.3303105328    1.1482102632   -1.9647489258
  -2.3068488710    0.9249874625   -1.9647489258
  -2.2374892729    0.7115205692   -1.9647489258
  -2.1252630857    0.5171391111   -1.9647489258
  -1.9750751324    0.3503384905   -1.9647489258
  -1.7934893471    0.2184086951   -1.9647489258
  -0.5382611905    0.3503384905   -1.9647489258
  -0.2064874519    0.9249874625   -1.9647489258
  -0.3783413663    1.1482102632   -2.0828213077
  -0.4082696261    1.3755379656   -2.0828213077
  -0.4960148440    1.5873736608   -2.0828213077
  -0.6355973285    1.7692810962   -2.0828213077
  -0.8175047639    1.9088635806   -2.0828213077
  -1.0293404591    1.9966087986   -2.0828213077
  -1.2566681615    2.0265370584   -2.0828213077
  -1.4839958639    1.9966087986   -2.0828213077
  -1.6958315590    1.9088635806   -2.0828213077
  -1.8777389944    1.7692810962   -2.0828213077
  -2.0173214789    1.5873736608   -2.0828213077
  -2.1050666968    1.3755379656   -2.0828213077
  -2.1349949566    1.1482102632   -2.0828213077
  -2.1050666968    0.9208825608   -2.0828213077
  -2.0173214789    0.7090468656   -2.0828213077
  -1.8777389944    0.5271394302   -2.0828213077
  -1.6958315590    0.3875569458   -2.0828213077
  -1.4839958639    0.2998117278   -2.0828213077
  -1.2566681615    0.2698834680   -2.0828213077
  -1.0293404591    0.2998117278   -2.0828213077
  -0.8175047639    0.3875569458   -2.0828213077
  -0.6355973285    0.5271394302   -2.0828213077
  -0.4960148440    0.7090468656   -2.0828213077
  -0.4082696261    0.9208825608   -2.0828213077
  -0.5864649250    1.1482102632   -2.1764901179
  -0.6268831257    1.3774332702   -2.1764901179
  -0.7432626964    1.5790085996   -2.1764901179
  -0.9215665432    1.7286232917   -2.1764901179
  -1.1402885908    1.8082316066   -2.1764901179
  -1.3730477322    1.8082316066   -2.1764901179
  -1.5917697797    1.7286232917   -2.1764901179
  -1.7700736266    1.5790085996   -2.1764901179
  -1.8864531972    1.3774332702   -2.1764901179
  -1.9268713980    1.1482102632   -2.1764901179
  -1.8864531972    0.9189872562   -2.1764901179
  -1.7700736266    0.7174119268   -2.1764901179
  -1.5917697797    0.5677972347   -2.1764901179
  -1.3730477322    0.4881889198   -2.1764901179
  -1.1402885908    0.4881889198   -2.1764901179
  -0.9215665432    0.5677972347   -2.1764901179
  -0.7432626964    0.7174119268   -2.1764901179
  -0.6268831257    0.9189872562   -2.1764901179
  -0.8043615560    1.1482102632   -2.2443894541
  -0.8649591508    1.3743635660   -2.2443894541
  -1.0305148587    1.5399192739   -2.2443894541
  -1.2566681615    1.6005168687   -2.2443894541
  -1.4828214642    1.5399192739   -2.2443894541
  -1.6483771721    1.3743635660   -2.2443894541
  -1.7089747670    1.1482102632   -2.2443894541
  -1.6483771721    0.9220569605   -2.2443894541
  -1.4828214642    0.7565012525   -2.2443894541
  -1.2566681615    0.6959036577   -2.2443894541
  -1.0305148587    0.7565012525   -2.2443894541
  -0.8649591508    0.9220569605   -2.2443894541
  -1.0288538358    1.1482102632   -2.2855291913
  -1.1427609986    1.3455032566   -2.2855291913
  -1.3705753243    1.3455032566   -2.2855291913
  -1.4844824871    1.1482102632   -2.2855291913
  -1.3705753243    0.9509172698   -2.2855291913
  -1.1427609986    0.9509172698   -2.2855291913
  -1.2566681615    1.1482102632   -2.2993094192
  -1.6195253097   -1.6329196664    1.2125544094
  -1.4008032622   -1.7125279812    1.2125544094
  -2.0450770089   -1.4916700354    1.1188855992
  -1.9054945244   -1.6735774708    1.1188855992
  -1.7235870891   -1.8131599553    1.1188855992
  -1.5117513939   -1.9009051732    1.1188855992
  -1.2844236915   -1.9308334330    1.1188855992
  -1.0570959891   -1.9009051732    1.1188855992
  -2.3580660628   -1.0525066378    1.0008132173
  -2.3346044010   -1.2757294386    1.0008132173
  -2.2652448029   -1.4891963318    1.0008132173
  -2.1530186158   -1.6835777899    1.0008132173
  -2.0028306624   -1.8503784105    1.0008132173
  -1.8212448771   -1.9823082060    1.0008132173
  -1.6161974301   -2.0736012112    1.0008132173
  -1.3966498787   -2.1202674839    1.0008132173
  -1.1721975043   -2.1202674839    1.0008132173
  -0.9526499529   -2.0736012112    1.0008132173
  -0.7476025058   -1.9823082060    1.0008132173
  -2.5326800909   -0.9401615285    0.8600590248
  -2.5326800909   -1.1648517472    0.8600590248
  -2.4925601031   -1.3859311017    0.8600590248
  -2.4136096171   -1.5962939195    0.8600590248
  -2.2983661662   -1.7891789667    0.8600590248
  -2.1505337700   -1.9583867591    0.8600590248
  -1.9748638832   -2.0984788190    0.8600590248
  -1.7770026806   -2.2049524725    0.8600590248
  -1.5633095839   -2.2743855685    0.8600590248
  -1.3406528652   -2.3045464704    0.8600590248
  -1.1161888946   -2.2944657818    0.8600590248
  -0.8971321288   -2.2444675045    0.8600590248
  -0.6905232324   -2.1561586242    0.8600590248
  -0.5030027855   -2.0323774609    0.8600590248
  -2.6580008214   -0.7139502821    0.6986755348
  -2.6945216170   -0.9386717648    0.6986755348
  -2.6945216170   -1.1663415109    0.6986755348
  -2.6580008214   -1.3910629935    0.6986755348
  -2.5859050996   -1.6070160444    0.6986755348
  -2.4801016931   -1.8086075929    0.6986755348
  -2.3433308543   -1.9906165239    0.6986755348
  -2.1791348763   -2.1483289015    0.6986755348
  -1.9917663485   -2.2776600582    0.6986755348
  -1.7860780175   -2.3752603848    0.6986755348
  -1.5673971029   -2.4386020841    0.6986755348
  -1.3413873256   -2.4660446395    0.6986755348
  -1.1139022201   -2.4568773031    0.6986755348
  -0.8908335312   -2.4113375042    0.6986755348
  -0.6779586206   -2.3306046996    0.6986755348
  -0.4807908369   -2.2167698266    0.6986755348
  -2.8026506728   -0.7143071528    0.5190160820
  -2.8357137266   -0.9389668416    0.5190160820
  -2.8357137266   -1.1660464340    0.5190160820
  -2.8026506728   -1.3907061228    0.5190160820
  -2.7372292467   -1.6081576768    0.5190160820
  -2.6408437926   -1.8137664935    0.5190160820
  -2.5155485989   -2.0031503781    0.5190160820
  -2.3640141152   -2.1722729418    0.5190160820
  -2.1894700360   -2.3175296308    0.5190160820
  -1.9956364652   -2.4358245510    0.5190160820
  -1.7866446289   -2.5246364516    0.5190160820
  -1.5669488253   -2.5820724609    0.5190160820
  -1.3412314890   -2.6069084304    0.5190160820
  -1.1143033931   -2.5986150243    0.5190160820
  -0.8910011160   -2.5573690022    0.5190160820
  -0.6760839580   -2.4840494514    0.5190160820
  -0.4741325053   -2.3802190510    0.5190160820
  -0.2894510025   -2.2480907656    0.5190160820
  -2.8193877088   -0.3857776776    0.3237005059
  -2.8958772195   -0.6009985338    0.3237005059
  -2.9423483999   -0.8246301318    0.3237005059
  -2.9579355800   -1.0525066378    0.3237005059
  -2.9423483999   -1.2803831439    0.3237005059
  -2.8958772195   -1.5040147418    0.3237005059
  -2.8193877088   -1.7192355981    0.3237005059
  -2.7143047227   -1.9220365553    0.3237005059
  -2.5825857585   -2.1086398153    0.3237005059
  -2.4266844912   -2.2755693126    0.3237005059
  -2.2495050664   -2.4197154663    0.3237005059
  -2.0543480016   -2.5383931064    0.3237005059
  -1.8448487037   -2.6293914931    0.3237005059
  -1.6249097481   -2.6910154984    0.3237005059
  -1.3986281815   -2.7221171838    0.3237005059
  -1.1702192014   -2.7221171838    0.3237005059
  -0.9439376349   -2.6910154984    0.3237005059
  -0.7239986793   -2.6293914931    0.3237005059
  -0.5144993814   -2.5383931064    0.3237005059
  -0.3193423166   -2.4197154663    0.3237005059
  -2.8765984849   -0.2857556686    0.1155769472
  -2.9615766896   -0.4956534769    0.1155769472
  -3.0190160883   -0.7146947988    0.1155769472
  -3.0479735279   -0.9392829817    0.1155769472
  -3.0479735279   -1.1657302939    0.1155769472
  -3.0190160883   -1.3903184769    0.1155769472
  -2.9615766896   -1.6093597987    0.1155769472
  -2.8765984849   -1.8192576071    0.1155769472
  -2.7654768142   -2.0165653857    0.1155769472
  -2.6300362922   -2.1980433464    0.1155769472
  -2.4725008485   -2.3607116259    0.1155769472
  -2.2954572106   -2.5018992157    0.1155769472
  -2.1018124304   -2.6192878195    0.1155769472
  -1.8947461497   -2.7109499196    0.1155769472
  -1.6776583910   -2.7753804268    0.1155769472
  -1.4541137295   -2.8115213941    0.1155769472
  -1.2277827622   -2.8187793877    0.1155769472
  -1.0023818375   -2.7970352316    0.1155769472
  -0.7816120321   -2.7466459642    0.1155769472
  -0.5690983804   -2.6684389759    0.1155769472
  -0.3683303504   -2.5636984232    0.1155769472
  -0.1826045478   -2.4341441433    0.1155769472
  -2.8446401826   -0.0864614860   -0.1023196838
  -2.9515301742   -0.2855159535   -0.1023196838
  -3.0331485309   -0.4961972180   -0.1023196838
  -3.0882580016   -0.7153115663   -0.1023196838
  -3.1160231828   -0.9395374481   -0.1023196838
  -3.1160231828   -1.1654758276   -0.1023196838
  -3.0882580016   -1.3897017094   -0.1023196838
  -3.0331485309   -1.6088160576   -0.1023196838
  -2.9515301742   -1.8194973221   -0.1023196838
  -2.8446401826   -2.0185517897   -0.1023196838
  -2.7140988994   -2.2029619975   -0.1023196838
  -2.5618851974   -2.3699324747   -0.1023196838
  -2.3903064811   -2.5169321192   -0.1023196838
  -2.2019637089   -2.6417325661   -0.1023196838
  -1.9997119655   -2.7424419679   -0.1023196838
  -1.7866171809   -2.8175336727   -0.1023196838
  -1.5659096549   -2.8658693669   -0.1023196838
  -1.3409350886   -2.8867163305   -0.1023196838
  -1.1151038672   -2.8797585449   -0.1023196838
  -0.8918393617   -2.8451014829   -0.1023196838
  -0.6745260344   -2.7832705104   -0.1023196838
  -0.4664581340   -2.6952029218   -0.1023196838
  -0.2707897576   -2.5822337320   -0.1023196838
  -0.0904870384   -2.4460754388   -0.1023196838
  -2.8285222927    0.0133076718   -0.3268119636
  -2.9457337941   -0.1805838339   -0.3268119636
  -3.0387196532   -0.3871899375   -0.3268119636
  -3.1061239268   -0.6034978567   -0.3268119636
  -3.1469637089   -0.8263533351   -0.3268119636
  -3.1606434635   -1.0525066378   -0.3268119636
  -3.1469637089   -1.2786599406   -0.3268119636
  -3.1061239268   -1.5015154189   -0.3268119636
  -3.0387196532   -1.7178233382   -0.3268119636
  -2.9457337941   -1.9244294417   -0.3268119636
  -2.8285222927   -2.1183209475   -0.3268119636
  -2.6887943568   -2.2966704805   -0.3268119636
  -2.5285875342   -2.4568773031   -0.3268119636
  -2.3502380011   -2.5966052391   -0.3268119636
  -2.1563464954   -2.7138167404   -0.3268119636
  -1.9497403918   -2.8068025995   -0.3268119636
  -1.7334324726   -2.8742068732   -0.3268119636
  -1.5105769942   -2.9150466553   -0.3268119636
  -1.2844236915   -2.9287264099   -0.3268119636
  -1.0582703887   -2.9150466553   -0.3268119636
  -0.8354149104   -2.8742068732   -0.3268119636
  -0.6191069911   -2.8068025995   -0.3268119636
  -0.4125008876   -2.7138167404   -0.3268119636
  -0.2186093819   -2.5966052391   -0.3268119636
  -0.0402598488   -2.4568773031   -0.3268119636
  -2.9117961177   -0.0913828236   -0.5546262893
  -3.0140489081   -0.2906033565   -0.5546262893
  -3.0920215518   -0.5005193413   -0.5546262893
  -3.1446194838   -0.7181840179   -0.5546262893
  -3.1711043445   -0.9405418511   -0.5546262893
  -3.1711043445   -1.1644714246   -0.5546262893
  -3.1446194838   -1.3868292578   -0.5546262893
  -3.0920215518   -1.6044939343   -0.5546262893
  -3.0140489081   -1.8144099192   -0.5546262893
  -2.9117961177   -2.0136304521   -0.5546262893
  -2.7866985858   -2.1993589134   -0.5546262893
  -2.6405124073   -2.3689880828   -0.5546262893
  -2.4752897158   -2.5201367384   -0.5546262893
  -2.2933498758   -2.6506830845   -0.5546262893
  -2.0972469238   -2.7587945365   -0.5546262893
  -1.8897337153   -2.8429534466   -0.5546262893
  -1.6737232809   -2.9019784083   -0.5546262893
  -1.4522479336   -2.9350408404   -0.5546262893
  -1.2284167019   -2.9416766188   -0.5546262893
  -1.0053716855   -2.9217925919   -0.5546262893
  -0.7862439476   -2.8756678876   -0.5546262893
  -0.5741095613   -2.8039499959   -0.5546262893
  -0.3719464283   -2.7076456786   -0.5546262893
  -0.1825924760   -2.5881068373   -0.5546262893
  -0.0087058186   -2.4470115352   -0.5546262893
  -2.8285222927    0.0133076718   -0.7824406150
  -2.9457337941   -0.1805838339   -0.7824406150
  -3.0387196532   -0.3871899375   -0.7824406150
  -3.1061239268   -0.6034978567   -0.7824406150
  -3.1469637089   -0.8263533351   -0.7824406150
  -3.1606434635   -1.0525066378   -0.7824406150
  -3.1469637089   -1.2786599406   -0.7824406150
  -3.1061239268   -1.5015154189   -0.7824406150
  -3.0387196532   -1.7178233382   -0.7824406150
  -2.9457337941   -1.9244294417   -0.7824406150
  -2.8285222927   -2.1183209475   -0.7824406150
  -2.6887943568   -2.2966704805   -0.7824406150
  -2.5285875342   -2.4568773031   -0.7824406150
  -2.3502380011   -2.5966052391   -0.7824406150
  -2.1563464954   -2.7138167404   -0.7824406150
  -1.9497403918   -2.8068025995   -0.7824406150
  -1.7334324726   -2.8742068732   -0.7824406150
  -1.5105769942   -2.9150466553   -0.7824406150
  -1.2844236915   -2.9287264099   -0.7824406150
  -1.0582703887   -2.9150466553   -0.7824406150
  -0.8354149104   -2.8742068732   -0.7824406150
  -0.6191069911   -2.8068025995   -0.7824406150
  -0.4125008876   -2.7138167404   -0.7824406150
  -0.2186093819   -2.5966052391   -0.7824406150
  -0.0402598488   -2.4568773031   -0.7824406150
   0.1199469738   -2.2966704805   -0.7824406150
  -2.7140988994    0.0979487218   -1.0069328948
  -2.8446401826   -0.0864614860   -1.0069328948
  -2.9515301742   -0.2855159535   -1.0069328948
  -3.0331485309   -0.4961972180   -1.0069328948
  -3.0882580016   -0.7153115663   -1.0069328948
  -3.1160231828   -0.9395374481   -1.0069328948
  -3.1160231828   -1.1654758276   -1.0069328948
  -3.0882580016   -1.3897017094   -1.0069328948
  -3.0331485309   -1.6088160576   -1.0069328948
  -2.9515301742   -1.8194973221   -1.0069328948
  -2.8446401826   -2.0185517897   -1.0069328948
  -2.7140988994   -2.2029619975   -1.0069328948
  -2.5618851974   -2.3699324747   -1.0069328948
  -2.3903064811   -2.5169321192   -1.0069328948
  -2.2019637089   -2.6417325661   -1.0069328948
  -1.9997119655   -2.7424419679   -1.0069328948
  -1.7866171809   -2.8175336727   -1.0069328948
  -1.5659096549   -2.8658693669   -1.0069328948
  -1.3409350886   -2.8867163305   -1.0069328948
  -1.1151038672   -2.8797585449   -1.0069328948
  -0.8918393617   -2.8451014829   -1.0069328948
  -0.6745260344   -2.7832705104   -1.0069328948
  -0.4664581340   -2.6952029218   -1.0069328948
  -0.2707897576   -2.5822337320   -1.0069328948
  -0.0904870384   -2.4460754388   -1.0069328948
   0.0717168182   -2.2887920631   -1.0069328948
   0.2133629670   -2.1127678606   -1.0069328948
  -2.6300362922    0.0930300707   -1.2248295258
  -2.7654768142   -0.0884478900   -1.2248295258
  -2.8765984849   -0.2857556686   -1.2248295258
  -2.9615766896   -0.4956534769   -1.2248295258
  -3.0190160883   -0.7146947988   -1.2248295258
  -3.0479735279   -0.9392829817   -1.2248295258
  -3.0479735279   -1.1657302939   -1.2248295258
  -3.0190160883   -1.3903184769   -1.2248295258
  -2.9615766896   -1.6093597987   -1.2248295258
  -2.8765984849   -1.8192576071   -1.2248295258
  -2.7654768142   -2.0165653857   -1.2248295258
  -2.6300362922   -2.1980433464   -1.2248295258
  -2.4725008485   -2.3607116259   -1.2248295258
  -2.2954572106   -2.5018992157   -1.2248295258
  -2.1018124304   -2.6192878195   -1.2248295258
  -1.8947461497   -2.7109499196   -1.2248295258
  -1.6776583910   -2.7753804268   -1.2248295258
  -1.4541137295   -2.8115213941   -1.2248295258
  -1.2277827622   -2.8187793877   -1.2248295258
  -1.0023818375   -2.7970352316   -1.2248295258
  -0.7816120321   -2.7466459642   -1.2248295258
  -0.5690983804   -2.6684389759   -1.2248295258
  -0.3683303504   -2.5636984232   -1.2248295258
  -0.1826045478   -2.4341441433   -1.2248295258
  -0.0149705851   -2.2819034137   -1.2248295258
   0.1318189927   -2.1094760230   -1.2248295258
   0.2553539048   -1.9196932242   -1.2248295258
  -2.5825857585    0.0036265397   -1.4329530844
  -2.7143047227   -0.1829767204   -1.4329530844
  -2.8193877088   -0.3857776776   -1.4329530844
  -2.8958772195   -0.6009985338   -1.4329530844
  -2.9423483999   -0.8246301318   -1.4329530844
  -2.9579355800   -1.0525066378   -1.4329530844
  -2.9423483999   -1.2803831439   -1.4329530844
  -2.8958772195   -1.5040147418   -1.4329530844
  -2.8193877088   -1.7192355981   -1.4329530844
  -2.7143047227   -1.9220365553   -1.4329530844
  -2.5825857585   -2.1086398153   -1.4329530844
  -2.4266844912   -2.2755693126   -1.4329530844
  -2.2495050664   -2.4197154663   -1.4329530844
  -2.0543480016   -2.5383931064   -1.4329530844
  -1.8448487037   -2.6293914931   -1.4329530844
  -1.6249097481   -2.6910154984   -1.4329530844
  -1.3986281815   -2.7221171838   -1.4329530844
  -1.1702192014   -2.7221171838   -1.4329530844
  -0.9439376349   -2.6910154984   -1.4329530844
  -0.7239986793   -2.6293914931   -1.4329530844
  -0.5144993814   -2.5383931064   -1.4329530844
  -0.3193423166   -2.4197154663   -1.4329530844
  -0.1421628918   -2.2755693126   -1.4329530844
   0.0137383755   -2.1086398153   -1.4329530844
   0.1454573398   -1.9220365553   -1.4329530844
   0.2505403258   -1.7192355981   -1.4329530844
  -2.3640141152    0.0672596661   -1.6282686606
  -2.5155485989   -0.1018628976   -1.6282686606
  -2.6408437926   -0.2912467821   -1.6282686606
  -2.7372292467   -0.4968555989   -1.6282686606
  -2.8026506728   -0.7143071528   -1.6282686606
  -2.8357137266   -0.9389668416   -1.6282686606
  -2.8357137266   -1.1660464340   -1.6282686606
  -2.8026506728   -1.3907061228   -1.6282686606
  -2.7372292467   -1.6081576768   -1.6282686606
  -2.6408437926   -1.8137664935   -1.6282686606
  -2.5155485989   -2.0031503781   -1.6282686606
  -2.3640141152   -2.1722729418   -1.6282686606
  -2.1894700360   -2.3175296308   -1.6282686606
  -1.9956364652   -2.4358245510   -1.6282686606
  -1.7866446289   -2.5246364516   -1.6282686606
  -1.5669488253   -2.5820724609   -1.6282686606
  -1.3412314890   -2.6069084304   -1.6282686606
  -1.1143033931   -2.5986150243   -1.6282686606
  -0.8910011160   -2.5573690022   -1.6282686606
  -0.6760839580   -2.4840494514   -1.6282686606
  -0.4741325053   -2.3802190510   -1.6282686606
  -0.2894510025   -2.2480907656   -1.6282686606
  -0.1259756151   -2.0904806803   -1.6282686606
   0.0128094628   -1.9107479803   -1.6282686606
   0.1239462682   -1.7127233561   -1.6282686606
   0.2050661131   -1.5006273588   -1.6282686606
  -2.1791348763    0.0433156258   -1.8079281134
  -2.3433308543   -0.1143967518   -1.8079281134
  -2.4801016931   -0.2964056828   -1.8079281134
  -2.5859050996   -0.4979972313   -1.8079281134
  -2.6580008214   -0.7139502821   -1.8079281134
  -2.6945216170   -0.9386717648   -1.8079281134
  -2.6945216170   -1.1663415109   -1.8079281134
  -2.6580008214   -1.3910629935   -1.8079281134
  -2.5859050996   -1.6070160444   -1.8079281134
  -2.4801016931   -1.8086075929   -1.8079281134
  -2.3433308543   -1.9906165239   -1.8079281134
  -2.1791348763   -2.1483289015   -1.8079281134
  -1.9917663485   -2.2776600582   -1.8079281134
  -1.7860780175   -2.3752603848   -1.8079281134
  -1.5673971029   -2.4386020841   -1.8079281134
  -1.3413873256   -2.4660446395   -1.8079281134
  -1.1139022201   -2.4568773031   -1.8079281134
  -0.8908335312   -2.4113375042   -1.8079281134
  -0.6779586206   -2.3306046996   -1.8079281134
  -0.4807908369   -2.2167698266   -1.8079281134
  -0.3044367219   -2.0727811485   -1.8079281134
  -0.1534637547   -1.9023678966   -1.8079281134
  -0.0317820558   -1.7099436844   -1.8079281134
   0.0574568828   -1.5004921981   -1.8079281134
   0.1119418193   -1.2794381211   -1.8079281134
  -0.0311218674   -1.0525066378   -1.9693116033
  -1.7770026806    0.0999391968   -1.9693116033
  -1.9748638832   -0.0065344566   -1.9693116033
  -2.1505337700   -0.1466265166   -1.9693116033
  -2.2983661662   -0.3158343090   -1.9693116033
  -2.4136096171   -0.5087193562   -1.9693116033
  -2.4925601031   -0.7190821740   -1.9693116033
  -2.5326800909   -0.9401615285   -1.9693116033
  -2.5326800909   -1.1648517472   -1.9693116033
  -2.4925601031   -1.3859311017   -1.9693116033
  -2.4136096171   -1.5962939195   -1.9693116033
  -2.2983661662   -1.7891789667   -1.9693116033
  -2.1505337700   -1.9583867591   -1.9693116033
  -1.9748638832   -2.0984788190   -1.9693116033
  -1.7770026806   -2.2049524725   -1.9693116033
  -1.5633095839   -2.2743855685   -1.9693116033
  -1.3406528652   -2.3045464704   -1.9693116033
  -1.1161888946   -2.2944657818   -1.9693116033
  -0.8971321288   -2.2444675045   -1.9693116033
  -0.6905232324   -2.1561586242   -1.9693116033
  -0.5030027855   -2.0323774609   -1.9693116033
  -0.3405978495   -1.8771024432   -1.9693116033
  -0.2085282526   -1.6953242378   -1.9693116033
  -0.1110388203   -1.4928853458   -1.9693116033
  -0.0512629433   -1.2762923198   -1.9693116033
  -0.2107813202   -1.0525066378   -2.1100657958
  -0.2342429819   -0.8292838371   -2.1100657958
  -0.3036025800   -0.6158169439   -2.1100657958
  -0.4158287672   -0.4214354857   -2.1100657958
  -0.5660167205   -0.2546348652   -2.1100657958
  -0.7476025058   -0.1227050697   -2.1100657958
  -0.9526499529   -0.0314120644   -2.1100657958
  -1.1721975043    0.0152542082   -2.1100657958
  -1.3966498787    0.0152542082   -2.1100657958
  -1.6161974301   -0.0314120644   -2.1100657958
  -1.8212448771   -0.1227050697   -2.1100657958
  -2.0028306624   -0.2546348652   -2.1100657958
  -2.1530186158   -0.4214354857   -2.1100657958
  -2.2652448029   -0.6158169439   -2.1100657958
  -2.3346044010   -0.8292838371   -2.1100657958
  -2.3580660628   -1.0525066378   -2.1100657958
  -2.3346044010   -1.2757294386   -2.1100657958
  -2.2652448029   -1.4891963318   -2.1100657958
  -2.1530186158   -1.6835777899   -2.1100657958
  -2.0028306624   -1.8503784105   -2.1100657958
  -1.8212448771   -1.9823082060   -2.1100657958
  -1.6161974301   -2.0736012112   -2.1100657958
  -1.3966498787   -2.1202674839   -2.1100657958
  -1.1721975043   -2.1202674839   -2.1100657958
  -0.9526499529   -2.0736012112   -2.1100657958
  -0.7476025058   -1.9823082060   -2.1100657958
  -0.5660167205   -1.8503784105   -2.1100657958
  -0.4158287672   -1.6835777899   -2.1100657958
  -0.3036025800   -1.4891963318   -2.1100657958
  -0.2342429819   -1.2757294386   -2.1100657958
  -0.4060968963   -1.0525066378   -2.2281381778
  -0.4360251561   -0.8251789354   -2.2281381778
  -0.5237703740   -0.6133432403   -2.2281381778
  -0.6633528585   -0.4314358049   -2.2281381778
  -0.8452602939   -0.2918533204   -2.2281381778
  -1.0570959891   -0.2041081025   -2.2281381778
  -1.2844236915   -0.1741798427   -2.2281381778
  -1.5117513939   -0.2041081025   -2.2281381778
  -1.7235870891   -0.2918533204   -2.2281381778
  -1.9054945244   -0.4314358049   -2.2281381778
  -2.0450770089   -0.6133432403   -2.2281381778
  -2.1328222268   -0.8251789354   -2.2281381778
  -2.1627504866   -1.0525066378   -2.2281381778
  -2.1328222268   -1.2798343402   -2.2281381778
  -2.0450770089   -1.4916700354   -2.2281381778
  -1.9054945244   -1.6735774708   -2.2281381778
  -1.7235870891   -1.8131599553   -2.2281381778
  -1.5117513939   -1.9009051732   -2.2281381778
  -1.2844236915   -1.9308334330   -2.2281381778
  -1.0570959891   -1.9009051732   -2.2281381778
  -0.8452602939   -1.8131599553   -2.2281381778
  -0.6633528585   -1.6735774708   -2.2281381778
  -0.5237703740   -1.4916700354   -2.2281381778
  -0.4360251561   -1.2798343402   -2.2281381778
  -0.6142204550   -1.0525066378   -2.3218069880
  -0.6546386557   -0.8232836308   -2.3218069880
  -0.7710182264   -0.6217083014   -2.3218069880
  -0.9493220732   -0.4720936093   -2.3218069880
  -1.1680441208   -0.3924852944   -2.3218069880
  -1.4008032622   -0.3924852944   -2.3218069880
  -1.6195253097   -0.4720936093   -2.3218069880
  -1.7978291566   -0.6217083014   -2.3218069880
  -1.9142087273   -0.8232836308   -2.3218069880
  -1.9546269280   -1.0525066378   -2.3218069880
  -1.9142087273   -1.2817296448   -2.3218069880
  -1.7978291566   -1.4833049742   -2.3218069880
  -1.6195253097   -1.6329196664   -2.3218069880
  -1.4008032622   -1.7125279812   -2.3218069880
  -1.1680441208   -1.7125279812   -2.3218069880
  -0.9493220732   -1.6329196664   -2.3218069880
  -0.7710182264   -1.4833049742   -2.3218069880
  -0.6546386557   -1.2817296448   -2.3218069880
  -0.8321170860   -1.0525066378   -2.3897063242
  -0.8927146808   -0.8263533351   -2.3897063242
  -1.0582703887   -0.6607976272   -2.3897063242
  -1.2844236915   -0.6002000323   -2.3897063242
  -1.5105769942   -0.6607976272   -2.3897063242
  -1.6761327021   -0.8263533351   -2.3897063242
  -1.7367302970   -1.0525066378   -2.3897063242
  -1.6761327021   -1.2786599406   -2.3897063242
  -1.5105769942   -1.4442156485   -2.3897063242
  -1.2844236915   -1.5048132433   -2.3897063242
  -1.0582703887   -1.4442156485   -2.3897063242
  -0.8927146808   -1.2786599406   -2.3897063242
  -1.0566093658   -1.0525066378   -2.4308460613
  -1.1705165286   -0.8552136444   -2.4308460613
  -1.3983308543   -0.8552136444   -2.4308460613
  -1.5122380172   -1.0525066378   -2.4308460613
  -1.3983308543   -1.2497996312   -2.4308460613
  -1.1705165286   -1.2497996312   -2.4308460613
  -1.2844236915   -1.0525066378   -2.4446262893
   0.5241904808   -0.0020884873    1.9770538310
   0.6377154501   -0.1987195022    1.9770538310
   2.8235761168   -0.0020884873    0.2291063137
   2.8481605886   -0.0020884873    0.0030558290
   2.8481605886   -0.0020884873   -0.2243275871
   2.8354337034    0.2285899700   -0.2243275871
   2.8354337034   -0.2327669447   -0.2243275871
   2.8235761168   -0.0020884873   -0.4503780718
   2.8109984428    0.2258854760   -0.4503780718
   2.7734180965    0.4510921443   -0.4503780718
   2.8109984428   -0.2300624507   -0.4503780718
   2.7746954038   -0.0020884873   -0.6724453900
   2.7615059887    0.2285679992   -0.6724453900
   2.7221096876    0.4562175256   -0.6724453900
   2.7221096876   -0.4603945003   -0.6724453900
   2.7615059887   -0.2327449738   -0.6724453900
   2.7020915311   -0.0020884873   -0.8879260053
   2.6883986945    0.2286448596   -0.8879260053
   2.6475124019    0.4561392162   -0.8879260053
   2.5800066075    0.6772010602   -0.8879260053
   2.5800066075   -0.6813780349   -0.8879260053
   2.6475124019   -0.4603161909   -0.8879260053
   2.6883986945   -0.2328218343   -0.8879260053
   0.6941040287    1.8524068381   -1.0942936045
   0.4666413328    1.8313293153   -1.0942936045
   0.7512404195    1.7360584088   -1.2891287163
   0.5243667236    1.7211883211   -1.2891287163
   0.5243667236   -1.7253652958   -1.2891287163
   0.3003161040   -1.5377956743   -1.4701470771
   0.5234597833   -1.5863376105   -1.4701470771
   0.7512404195   -1.6026288031   -1.4701470771
   2.6800361718    0.0652336927   -1.0579923051
   2.6644250394    0.2934603709   -1.0579923051
   2.6178824478    0.5174356179   -1.0579923051
   2.5412753976    0.7329871986   -1.0579923051
   2.4360309332    0.9360997950   -1.0579923051
   2.3041095597    1.1229898036   -1.0579923051
   2.5412753976   -0.6025198132   -1.0579923051
   2.6178824478   -0.3869682325   -1.0579923051
   2.6644250394   -0.1629929855   -1.0579923051
   2.6800361718    0.0652336927   -1.2872868140
   2.6644250394    0.2934603709   -1.2872868140
   2.6178824478    0.5174356179   -1.2872868140
   2.5412753976    0.7329871986   -1.2872868140
   2.4360309332    0.9360997950   -1.2872868140
   2.3041095597    1.1229898036   -1.2872868140
   2.1479687228    1.2901758172   -1.2872868140
   1.9705170309    1.4345434767   -1.2872868140
   1.7750600731    1.5534034858   -1.2872868140
   1.5652388428    1.6445417073   -1.2872868140
   1.3449619126    1.7062604087   -1.2872868140
   1.1183326248    1.7374098874   -1.2872868140
   0.8895726544    1.7374098874   -1.2872868140
   2.1479687228   -1.1597084318   -1.2872868140
   2.3041095597   -0.9925224182   -1.2872868140
   2.4360309332   -0.8056324096   -1.2872868140
   2.5412753976   -0.6025198132   -1.2872868140
   2.6178824478   -0.3869682325   -1.2872868140
   2.6644250394   -0.1629929855   -1.2872868140
   2.6488139069    0.0652336927   -1.5144456615
   2.6334935803    0.2892089397   -1.5144456615
   2.5878179892    0.5090119516   -1.5144456615
   2.5126379834    0.7205482142   -1.5144456615
   2.4093540242    0.9198772072   -1.5144456615
   2.2798900963    1.1032858086   -1.5144456615
   2.1266578678    1.2673574631   -1.5144456615
   1.9525117651    1.4090358263   -1.5144456615
   1.7606958006    1.5256816983   -1.5144456615
   1.5547831429    1.6151221872   -1.5144456615
   1.3386095551    1.6756911860   -1.5144456615
   1.1162019421    1.7062604087   -1.5144456615
   0.8917033371    1.7062604087   -1.5144456615
   0.6692957241    1.6756911860   -1.5144456615
   0.4531221363    1.6151221872   -1.5144456615
   0.2472094786    1.5256816983   -1.5144456615
   0.8917033371   -1.5757930233   -1.5144456615
   1.1162019421   -1.5757930233   -1.5144456615
   1.3386095551   -1.5452238006   -1.5144456615
   1.5547831429   -1.4846548018   -1.5144456615
   1.7606958006   -1.3952143129   -1.5144456615
   1.9525117651   -1.2785684409   -1.5144456615
   2.1266578678   -1.1368900777   -1.5144456615
   2.2798900963   -0.9728184232   -1.5144456615
   2.4093540242   -0.7894098218   -1.5144456615
   2.5126379834   -0.5900808288   -1.5144456615
   2.5878179892   -0.3785445662   -1.5144456615
   2.6334935803   -0.1587415543   -1.5144456615
   2.5869509888    0.0652336927   -1.7352373080
   2.5708383481    0.2905178467   -1.7352373080
   2.5228284329    0.5112158651   -1.7352373080
   2.4438985866    0.7228349725   -1.7352373080
   2.3356555933    0.9210672142   -1.7352373080
   2.2003029682    1.1018771535   -1.7352373080
   2.0405961004    1.2615840213   -1.7352373080
   1.8597861611    1.3969366464   -1.7352373080
   1.6615539194    1.5051796397   -1.7352373080
   1.4499348120    1.5841094860   -1.7352373080
   1.2292367936    1.6321194012   -1.7352373080
   1.0039526396    1.6482320419   -1.7352373080
   0.7786684856    1.6321194012   -1.7352373080
   0.5579704672    1.5841094860   -1.7352373080
   0.3463513598    1.5051796397   -1.7352373080
   0.1481191181    1.3969366464   -1.7352373080
   0.3463513598   -1.3747122543   -1.7352373080
   0.5579704672   -1.4536421006   -1.7352373080
   0.7786684856   -1.5016520158   -1.7352373080
   1.0039526396   -1.5177646565   -1.7352373080
   1.2292367936   -1.5016520158   -1.7352373080
   1.4499348120   -1.4536421006   -1.7352373080
   1.6615539194   -1.3747122543   -1.7352373080
   1.8597861611   -1.2664692610   -1.7352373080
   2.0405961004   -1.1311166359   -1.7352373080
   2.2003029682   -0.9714097681   -1.7352373080
   2.3356555933   -0.7905998288   -1.7352373080
   2.4438985866   -0.5923675871   -1.7352373080
   2.5228284329   -0.3807484797   -1.7352373080
   2.5708383481   -0.1600504614   -1.7352373080
   2.4955998065    0.0652336927   -1.9455488230
   2.4781183339    0.2929325650   -1.9455488230
   2.4260836668    0.5152943688   -1.9455488230
   2.3407154537    0.7271071318   -1.9455488230
   2.2240146533    0.9234061423   -1.9455488230
   2.0787166334    1.0995903179   -1.9455488230
   1.9082270564    1.2515300510   -1.9455488230
   1.7165420535    1.3756640029   -1.9455488230
   1.5081545586    1.4690825789   -1.9455488230
   1.2879489982    1.5295961270   -1.9455488230
   1.0610868038    1.5557862607   -1.9455488230
   0.8328854330    1.5470391055   -1.9455488230
   0.6086937326    1.5035596874   -1.9455488230
   0.3937665659    1.4263671270   -1.9455488230
   0.1931416436    1.3172707526   -1.9455488230
   0.0115214439    1.1788276907   -1.9455488230
  -0.1468370098    1.0142829293   -1.9455488230
   0.0115214439   -1.0483603053   -1.9455488230
   0.1931416436   -1.1868033672   -1.9455488230
   0.3937665659   -1.2958997416   -1.9455488230
   0.6086937326   -1.3730923020   -1.9455488230
   0.8328854330   -1.4165717201   -1.9455488230
   1.0610868038   -1.4253188753   -1.9455488230
   1.2879489982   -1.3991287416   -1.9455488230
   1.5081545586   -1.3386151935   -1.9455488230
   1.7165420535   -1.2451966175   -1.9455488230
   1.9082270564   -1.1210626656   -1.9455488230
   2.0787166334   -0.9691229326   -1.9455488230
   2.2240146533   -0.7929387569   -1.9455488230
   2.3407154537   -0.5966397464   -1.9455488230
   2.4260836668   -0.3848269834   -1.9455488230
   2.4781183339   -0.1624651796   -1.9455488230
   2.3764620599    0.0652336927   -2.1414625007
   2.3577428203    0.2911413184   -2.1414625007
   2.3020957137    0.5108867729   -2.1414625007
   2.2110386480    0.7184759732   -2.1414625007
   2.0870554227    0.9082464269   -2.1414625007
   1.9335279768    1.0750216908   -2.1414625007
   1.7546441390    1.2142525704   -2.1414625007
   1.5552833940    1.3221412103   -2.1414625007
   1.3408837832    1.3957446897   -2.1414625007
   1.1172935692    1.4330552974   -2.1414625007
   0.8906117100    1.4330552974   -2.1414625007
   0.6670214960    1.3957446897   -2.1414625007
   0.4526218852    1.3221412103   -2.1414625007
   0.2532611402    1.2142525704   -2.1414625007
   0.0743773024    1.0750216908   -2.1414625007
  -0.0791501435    0.9082464269   -2.1414625007
  -0.2031333688    0.7184759732   -2.1414625007
  -0.2941904345    0.5108867729   -2.1414625007
  -0.3498375411    0.2911413184   -2.1414625007
  -0.3685567807    0.0652336927   -2.1414625007
  -0.3498375411   -0.1606739330   -2.1414625007
  -0.2941904345   -0.3804193875   -2.1414625007
  -0.2031333688   -0.5880085878   -2.1414625007
  -0.0791501435   -0.7777790415   -2.1414625007
   0.0743773024   -0.9445543054   -2.1414625007
   0.2532611402   -1.0837851850   -2.1414625007
   0.4526218852   -1.1916738250   -2.1414625007
   0.6670214960   -1.2652773043   -2.1414625007
   0.8906117100   -1.3025879120   -2.1414625007
   1.1172935692   -1.3025879120   -2.1414625007
   1.3408837832   -1.2652773043   -2.1414625007
   1.5552833940   -1.1916738250   -2.1414625007
   1.7546441390   -1.0837851850   -2.1414625007
   1.9335279768   -0.9445543054   -2.1414625007
   2.0870554227   -0.7777790415   -2.1414625007
   2.2110386480   -0.5880085878   -2.1414625007
   2.3020957137   -0.3804193875   -2.1414625007
   2.3577428203   -0.1606739330   -2.1414625007
   2.2317570596    0.0652336927   -2.3193288402
   2.2108513561    0.2908421628   -2.3193288402
   2.1488461644    0.5087678071   -2.3193288402
   2.0478529968    0.7115894291   -2.3193288402
   1.9113110546    0.8924001817   -2.3193288402
   1.7438701098    1.0450427716   -2.3193288402
   1.5512321630    1.1643191384   -2.3193288402
   1.3399572684    1.2461674686   -2.3193288402
   1.1172401392    1.2878005155   -2.3193288402
   0.8906651400    1.2878005155   -2.3193288402
   0.6679480108    1.2461674686   -2.3193288402
   0.4566731162    1.1643191384   -2.3193288402
   0.2640351694    1.0450427716   -2.3193288402
   0.0965942246    0.8924001817   -2.3193288402
  -0.0399477176    0.7115894291   -2.3193288402
  -0.1409408852    0.5087678071   -2.3193288402
  -0.2029460769    0.2908421628   -2.3193288402
  -0.2238517804    0.0652336927   -2.3193288402
  -0.2029460769   -0.1603747775   -2.3193288402
  -0.1409408852   -0.3783004217   -2.3193288402
  -0.0399477176   -0.5811220437   -2.3193288402
   0.0965942246   -0.7619327963   -2.3193288402
   0.2640351694   -0.9145753862   -2.3193288402
   0.4566731162   -1.0338517530   -2.3193288402
   0.6679480108   -1.1157000833   -2.3193288402
   0.8906651400   -1.1573331301   -2.3193288402
   1.1172401392   -1.1573331301   -2.3193288402
   1.3399572684   -1.1157000833   -2.3193288402
   1.5512321630   -1.0338517530   -2.3193288402
   1.7438701098   -0.9145753862   -2.3193288402
   1.9113110546   -0.7619327963   -2.3193288402
   2.0478529968   -0.5811220437   -2.3193288402
   2.1488461644   -0.3783004217   -2.3193288402
   2.2108513561   -0.1603747775   -2.3193288402
   2.0641803861    0.0652336927   -2.4758345280
   2.0393928505    0.2931513181   -2.4758345280
   1.9661892815    0.5104117686   -2.4758345280
   1.8479925966    0.7068561871   -2.4758345280
   1.6903295414    0.8732990508   -2.4758345280
   1.5005722651    1.0019576766   -2.4758345280
   1.2875936071    1.0868161299   -2.4758345280
   1.0613522126    1.1239065238   -2.4758345280
   0.8324268780    1.1114945528   -2.4758345280
   0.6115218973    1.0501605869   -2.4758345280
   0.4089665419    0.9427725340   -2.4758345280
   0.2342320753    0.7943517402   -2.4758345280
   0.0954888867    0.6118381969   -2.4758345280
  -0.0007755465    0.4037660344   -2.4758345280
  -0.0500600064    0.1798644759   -2.4758345280
  -0.0500600064   -0.0493970906   -2.4758345280
  -0.0007755465   -0.2732986490   -2.4758345280
   0.0954888867   -0.4813708115   -2.4758345280
   0.2342320753   -0.6638843548   -2.4758345280
   0.4089665419   -0.8123051486   -2.4758345280
   0.6115218973   -0.9196932015   -2.4758345280
   0.8324268780   -0.9810271675   -2.4758345280
   1.0613522126   -0.9934391384   -2.4758345280
   1.2875936071   -0.9563487445   -2.4758345280
   1.5005722651   -0.8714902912   -2.4758345280
   1.6903295414   -0.7428316655   -2.4758345280
   1.8479925966   -0.5763888017   -2.4758345280
   1.9661892815   -0.3799443832   -2.4758345280
   2.0393928505   -0.1626839327   -2.4758345280
   1.8768536757    0.0652336927   -2.6080641592
   1.8471102941    0.2911571053   -2.6080641592
   1.7599071118    0.5016842107   -2.6080641592
   1.6211868815    0.6824679346   -2.6080641592
   1.4404031576    0.8211881649   -2.6080641592
   1.2298760522    0.9083913472   -2.6080641592
   1.0039526396    0.9381347288   -2.6080641592
   0.7780292270    0.9083913472   -2.6080641592
   0.5675021216    0.8211881649   -2.6080641592
   0.3867183977    0.6824679346   -2.6080641592
   0.2479981674    0.5016842107   -2.6080641592
   0.1607949851    0.2911571053   -2.6080641592
   0.1310516035    0.0652336927   -2.6080641592
   0.1607949851   -0.1606897199   -2.6080641592
   0.2479981674   -0.3712168253   -2.6080641592
   0.3867183977   -0.5520005492   -2.6080641592
   0.5675021216   -0.6907207795   -2.6080641592
   0.7780292270   -0.7779239618   -2.6080641592
   1.0039526396   -0.8076673434   -2.6080641592
   1.2298760522   -0.7779239618   -2.6080641592
   1.4404031576   -0.6907207795   -2.6080641592
   1.6211868815   -0.5520005492   -2.6080641592
   1.7599071118   -0.3712168253   -2.6080641592
   1.8471102941   -0.1606897199   -2.6080641592
   1.6732664705    0.0652336927   -2.7135545461
   1.6329019075    0.2941525051   -2.7135545461
   1.5166767805    0.4954603302   -2.7135545461
   1.3386095551    0.6448764734   -2.7135545461
   1.1201777666    0.7243791426   -2.7135545461
   0.8877275126    0.7243791426   -2.7135545461
   0.6692957241    0.6448764734   -2.7135545461
   0.4912284987    0.4954603302   -2.7135545461
   0.3750033717    0.2941525051   -2.7135545461
   0.3346388087    0.0652336927   -2.7135545461
   0.3750033717   -0.1636851197   -2.7135545461
   0.4912284987   -0.3649929448   -2.7135545461
   0.6692957241   -0.5144090880   -2.7135545461
   0.8877275126   -0.5939117572   -2.7135545461
   1.1201777666   -0.5939117572   -2.7135545461
   1.3386095551   -0.5144090880   -2.7135545461
   1.5166767805   -0.3649929448   -2.7135545461
   1.6329019075   -0.1636851197   -2.7135545461
   1.4572112151    0.0652336927   -2.7903406023
   1.3964860805    0.2918629805   -2.7903406023
   1.2305819274    0.4577671336   -2.7903406023
   1.0039526396    0.5184922682   -2.7903406023
   0.7773233518    0.4577671336   -2.7903406023
   0.6114191987    0.2918629805   -2.7903406023
   0.5506940641    0.0652336927   -2.7903406023
   0.6114191987   -0.1613955951   -2.7903406023
   0.7773233518   -0.3272997482   -2.7903406023
   1.0039526396   -0.3880248828   -2.7903406023
   1.2305819274   -0.3272997482   -2.7903406023
   1.3964860805   -0.1613955951   -2.7903406023
   1.2327126101    0.0652336927   -2.8369919489
   1.1183326248    0.2633456385   -2.8369919489
   0.8895726544    0.2633456385   -2.8369919489
   0.7751926691    0.0652336927   -2.8369919489
   0.8895726544   -0.1328782531   -2.8369919489
   1.1183326248   -0.1328782531   -2.8369919489
   1.0039526396    0.0652336927   -2.8526395596
   1.2842995597    1.0524608032    2.4450088012
   1.5121138854    1.0524608032    2.4312285733
   1.3982067226    1.2497537965    2.4312285733
   1.1703923969    1.2497537965    2.4312285733
   1.0564852341    1.0524608032    2.4312285733
   1.1703923969    0.8551678098    2.4312285733
   1.3982067226    0.8551678098    2.4312285733
   1.7366061652    1.0524608032    2.3900888362
   1.6760085704    1.2786141059    2.3900888362
   1.5104528625    1.4441698138    2.3900888362
   1.2842995597    1.5047674087    2.3900888362
   1.0581462570    1.4441698138    2.3900888362
   0.8925905491    1.2786141059    2.3900888362
   0.8319929542    1.0524608032    2.3900888362
   0.8925905491    0.8263075004    2.3900888362
   1.0581462570    0.6607517925    2.3900888362
   1.2842995597    0.6001541977    2.3900888362
   1.5104528625    0.6607517925    2.3900888362
   1.6760085704    0.8263075004    2.3900888362
   1.9545027962    1.0524608032    2.3221894999
   1.9140845955    1.2816838102    2.3221894999
   1.7977050248    1.4832591396    2.3221894999
   1.6194011780    1.6328738317    2.3221894999
   1.4006791304    1.7124821466    2.3221894999
   1.1679199890    1.7124821466    2.3221894999
   0.9491979415    1.6328738317    2.3221894999
   0.7708940946    1.4832591396    2.3221894999
   0.6545145240    1.2816838102    2.3221894999
   0.6140963232    1.0524608032    2.3221894999
   0.6545145240    0.8232377962    2.3221894999
   0.7708940946    0.6216624668    2.3221894999
   0.9491979415    0.4720477746    2.3221894999
   1.1679199890    0.3924394598    2.3221894999
   1.4006791304    0.3924394598    2.3221894999
   1.6194011780    0.4720477746    2.3221894999
   1.7977050248    0.6216624668    2.3221894999
   1.9140845955    0.8232377962    2.3221894999
   2.1626263549    1.0524608032    2.2285206897
   2.1326980951    1.2797885056    2.2285206897
   2.0449528772    1.4916242007    2.2285206897
   1.9053703927    1.6735316361    2.2285206897
   1.7234629573    1.8131141206    2.2285206897
   1.5116272621    1.9008593385    2.2285206897
   1.2842995597    1.9307875983    2.2285206897
   1.0569718573    1.9008593385    2.2285206897
   0.8451361622    1.8131141206    2.2285206897
   0.6632287268    1.6735316361    2.2285206897
   0.5236462423    1.4916242007    2.2285206897
   0.4359010244    1.2797885056    2.2285206897
   0.4059727646    1.0524608032    2.2285206897
   0.4359010244    0.8251331007    2.2285206897
   0.5236462423    0.6132974056    2.2285206897
   0.6632287268    0.4313899702    2.2285206897
   0.8451361622    0.2918074857    2.2285206897
   1.0569718573    0.2040622678    2.2285206897
   1.2842995597    0.1741340080    2.2285206897
   1.5116272621    0.2040622678    2.2285206897
   1.7234629573    0.2918074857    2.2285206897
   1.9053703927    0.4313899702    2.2285206897
   2.0449528772    0.6132974056    2.2285206897
   2.1326980951    0.8251331007    2.2285206897
   2.3579419311    1.0524608032    2.1104483078
   2.3344802693    1.2756836039    2.1104483078
   2.2651206712    1.4891504971    2.1104483078
   2.1528944840    1.6835319553    2.1104483078
   2.0027065307    1.8503325758    2.1104483078
   1.8211207454    1.9822623713    2.1104483078
   1.6160732984    2.0735553766    2.1104483078
   1.3965257469    2.1202216492    2.1104483078
   1.1720733726    2.1202216492    2.1104483078
   0.9525258211    2.0735553766    2.1104483078
   0.7474783741    1.9822623713    2.1104483078
   0.5658925888    1.8503325758    2.1104483078
   0.4157046355    1.6835319553    2.1104483078
   0.3034784483    1.4891504971    2.1104483078
   0.2341188502    1.2756836039    2.1104483078
   0.2106571884    1.0524608032    2.1104483078
   0.2341188502    0.8292380024    2.1104483078
   0.3034784483    0.6157711092    2.1104483078
   0.4157046355    0.4213896511    2.1104483078
   0.5658925888    0.2545890305    2.1104483078
   0.7474783741    0.1226592350    2.1104483078
   0.9525258211    0.0313662297    2.1104483078
   1.1720733726   -0.0153000429    2.1104483078
   1.3965257469   -0.0153000429    2.1104483078
   1.6160732984    0.0313662297    2.1104483078
   1.8211207454    0.1226592350    2.1104483078
   2.0027065307    0.2545890305    2.1104483078
   2.1528944840    0.4213896511    2.1104483078
   2.2651206712    0.6157711092    2.1104483078
   2.3344802693    0.8292380024    2.1104483078
   2.5376013838    1.0524608032    1.9696941153
   2.5174603079    1.2762464851    1.9696941153
   2.4576844309    1.4928395111    1.9696941153
   2.3601949986    1.6952784031    1.9696941153
   2.2281254017    1.8770566085    1.9696941153
   2.0657204657    2.0323316263    1.9696941153
   1.8782000188    2.1561127895    1.9696941153
   1.6715911225    2.2444216698    1.9696941153
   1.4525343566    2.2944199472    1.9696941153
   1.2280703860    2.3045006357    1.9696941153
   1.0054136673    2.2743397338    1.9696941153
   0.7917205707    2.2049066378    1.9696941153
   0.5938593680    2.0984329844    1.9696941153
   0.4181894812    1.9583409244    1.9696941153
   0.2703570850    1.7891331320    1.9696941153
   0.1551136342    1.5962480848    1.9696941153
   0.0761631481    1.3858852670    1.9696941153
   0.0360431603    1.1648059125    1.9696941153
   1.6715911225   -0.1395000635    1.9696941153
   1.8782000188   -0.0511911832    1.9696941153
   2.0657204657    0.0725899801    1.9696941153
   2.2281254017    0.2278649978    1.9696941153
   2.3601949986    0.4096432032    1.9696941153
   2.4576844309    0.6120820952    1.9696941153
   2.5174603079    0.8286751212    1.9696941153
   2.6989848738    1.0524608032    1.8083106253
   2.6806650705    1.2793922864    1.8083106253
   2.6261801340    1.5004463634    1.8083106253
   2.5369411955    1.7098978497    1.8083106253
   2.4152594965    1.9023220619    1.8083106253
   2.2642865293    2.0727353139    1.8083106253
   2.0879324144    2.2167239919    1.8083106253
   1.8907646306    2.3305588650    1.8083106253
   1.6778897200    2.4112916696    1.8083106253
   1.4548210311    2.4568314685    1.8083106253
   1.2273359256    2.4659988048    1.8083106253
   1.0013261483    2.4385562494    1.8083106253
   0.7826452337    2.3752145501    1.8083106253
   0.5769569027    2.2776142235    1.8083106253
   0.3895883749    2.1482830668    1.8083106253
   0.2253923969    1.9905706892    1.8083106253
   0.0886215581    1.8085617582    1.8083106253
  -0.0171818484    1.6069702097    1.8083106253
  -0.0892775702    1.3910171588    1.8083106253
   2.0879324144   -0.1118023856    1.8083106253
   2.2642865293    0.0321862925    1.8083106253
   2.4152594965    0.2025995444    1.8083106253
   2.5369411955    0.3950237566    1.8083106253
   2.6261801340    0.6044752429    1.8083106253
   2.6806650705    0.8255293199    1.8083106253
   2.8397390663    1.0524608032    1.6286511726
   2.8231633200    1.2789346117    1.6286511726
   2.7737893643    1.5005815241    1.6286511726
   2.6926695195    1.7126775214    1.6286511726
   2.5815327140    1.9107021456    1.6286511726
   2.4427476361    2.0904348456    1.6286511726
   2.2792722487    2.2480449310    1.6286511726
   2.0945907459    2.3801732164    1.6286511726
   1.8926392932    2.4840036168    1.6286511726
   1.6777221352    2.5573231675    1.6286511726
   1.4544198581    2.5985691896    1.6286511726
   1.2274917622    2.6068625957    1.6286511726
   1.0017744259    2.5820266263    1.6286511726
   0.7820786223    2.5245906169    1.6286511726
   0.5730867860    2.4357787164    1.6286511726
   0.3792532152    2.3174837962    1.6286511726
   0.2047091360    2.1722271071    1.6286511726
   0.0531746523    2.0031045434    1.6286511726
  -0.0721205413    1.8137206589    1.6286511726
  -0.1685059955    1.6081118421    1.6286511726
  -0.2339274216    1.3906602882    1.6286511726
   2.4427476361    0.0144867607    1.6286511726
   2.5815327140    0.1942194607    1.6286511726
   2.6926695195    0.3922440849    1.6286511726
   2.7737893643    0.6043400822    1.6286511726
   2.8231633200    0.8259869947    1.6286511726
   2.9578114482    1.0524608032    1.4333355964
   2.9422242682    1.2803373092    1.4333355964
   2.8957530877    1.5039689072    1.4333355964
   2.8192635771    1.7191897634    1.4333355964
   2.7141805910    1.9219907206    1.4333355964
   2.5824616268    2.1085939807    1.4333355964
   2.4265603594    2.2755234779    1.4333355964
   2.2493809346    2.4196696316    1.4333355964
   2.0542238699    2.5383472718    1.4333355964
   1.8447245719    2.6293456584    1.4333355964
   1.6247856164    2.6909696637    1.4333355964
   1.3985040498    2.7220713492    1.4333355964
   1.1700950697    2.7220713492    1.4333355964
   0.9438135031    2.6909696637    1.4333355964
   0.7238745476    2.6293456584    1.4333355964
   0.5143752496    2.5383472718    1.4333355964
   0.3192181848    2.4196696316    1.4333355964
   0.1420387600    2.2755234779    1.4333355964
  -0.0138625073    2.1085939807    1.4333355964
  -0.1455814715    1.9219907206    1.4333355964
  -0.2506644576    1.7191897634    1.4333355964
   2.5824616268   -0.0036723743    1.4333355964
   2.7141805910    0.1829308857    1.4333355964
   2.8192635771    0.3857318429    1.4333355964
   2.8957530877    0.6009526992    1.4333355964
   2.9422242682    0.8245842971    1.4333355964
   3.0514802584    1.0524608032    1.2252120378
   3.0369717293    1.2784428551    1.2252120378
   2.9936843716    1.5007142880    1.2252120378
   2.9223289626    1.7156254110    1.2252120378
   2.8240771561    1.9196473896    1.2252120378
   2.7005422440    2.1094301883    1.2252120378
   2.5537526661    2.2818575790    1.2252120378
   2.3861187034    2.4340983086    1.2252120378
   2.2003929008    2.5636525886    1.2252120378
   1.9996248708    2.6683931412    1.2252120378
   1.7871112191    2.7466001295    1.2252120378
   1.5663414137    2.7969893969    1.2252120378
   1.3409404890    2.8187335530    1.2252120378
   1.1146095217    2.8114755594    1.2252120378
   0.8910648602    2.7753345922    1.2252120378
   0.6739771016    2.7109040849    1.2252120378
   0.4669108208    2.6192419848    1.2252120378
   0.2732660406    2.5018533811    1.2252120378
   0.0962224028    2.3606657912    1.2252120378
  -0.0613130410    2.1979975117    1.2252120378
  -0.1967535630    2.0165195510    1.2252120378
  -0.3078752337    1.8192117724    1.2252120378
   2.7005422440   -0.0045085820    1.2252120378
   2.8240771561    0.1852742168    1.2252120378
   2.9223289626    0.3892961953    1.2252120378
   2.9936843716    0.6042073183    1.2252120378
   3.0369717293    0.8264787512    1.2252120378
   3.1193795947    1.0524608032    1.0073154067
   3.1054706233    1.2779706519    1.0073154067
   3.0639545550    1.5000620012    1.0073154067
   2.9954607310    1.7153681726    1.0073154067
   2.9010274480    1.9206253440    1.0073154067
   2.7820862182    2.1127220259    1.0073154067
   2.6404400694    2.2887462284    1.0073154067
   2.4782362128    2.4460296041    1.0073154067
   2.2979334936    2.5821878974    1.0073154067
   2.1022651172    2.6951570871    1.0073154067
   1.8941972168    2.7832246757    1.0073154067
   1.6768838895    2.8450556482    1.0073154067
   1.4536193840    2.8797127102    1.0073154067
   1.2277881626    2.8866704958    1.0073154067
   1.0028135963    2.8658235322    1.0073154067
   0.7821060704    2.8174878380    1.0073154067
   0.5690112858    2.7423961332    1.0073154067
   0.3667595423    2.6416867314    1.0073154067
   0.1784167702    2.5168862845    1.0073154067
   0.0068380539    2.3698866400    1.0073154067
  -0.1453756482    2.2029161628    1.0073154067
  -0.2759169314    2.0185059550    1.0073154067
   2.7820862182   -0.0078004196    1.0073154067
   2.9010274480    0.1842962624    1.0073154067
   2.9954607310    0.3895534338    1.0073154067
   3.0639545550    0.6048596051    1.0073154067
   3.1054706233    0.8269509544    1.0073154067
   3.1605193318    1.0524608032    0.7828231269
   3.1468395772    1.2786141059    0.7828231269
   3.1059997951    1.5014695843    0.7828231269
   3.0385955214    1.7177775035    0.7828231269
   2.9456096623    1.9243836071    0.7828231269
   2.8283981610    2.1182751128    0.7828231269
   2.6886702250    2.2966246458    0.7828231269
   2.5284634024    2.4568314685    0.7828231269
   2.3501138694    2.5965594044    0.7828231269
   2.1562223636    2.7137709058    0.7828231269
   1.9496162601    2.8067567649    0.7828231269
   1.7333083408    2.8741610385    0.7828231269
   1.5104528625    2.9150008206    0.7828231269
   1.2842995597    2.9286805752    0.7828231269
   1.0581462570    2.9150008206    0.7828231269
   0.8352907786    2.8741610385    0.7828231269
   0.6189828594    2.8067567649    0.7828231269
   0.4123767558    2.7137709058    0.7828231269
   0.2184852501    2.5965594044    0.7828231269
   0.0401357171    2.4568314685    0.7828231269
  -0.1200711056    2.2966246458    0.7828231269
   2.8283981610   -0.0133535065    0.7828231269
   2.9456096623    0.1805379992    0.7828231269
   3.0385955214    0.3871441028    0.7828231269
   3.1059997951    0.6034520221    0.7828231269
   3.1468395772    0.8263075004    0.7828231269
   3.1742995597    1.0524608032    0.5550088012
   3.1610338312    1.2759970962    0.5550088012
   3.1214228673    1.4963954297    0.5550088012
   3.0560227193    1.7105618941    0.5550088012
   2.9657514617    1.9154900618    0.5550088012
   2.8518763052    2.1083031905    0.5550088012
   2.7159958074    2.2862946065    0.5550088012
   2.5600174326    2.4469657005    0.5550088012
   2.3861307753    2.5880610026    0.5550088012
   2.1967768229    2.7075998439    0.5550088012
   1.9946136899    2.8039041612    0.5550088012
   1.7824793036    2.8756220530    0.5550088012
   1.5633515657    2.9217467572    0.5550088012
   1.3403065493    2.9416307842    0.5550088012
   1.1164753176    2.9349950057    0.5550088012
   0.8949999703    2.9019325736    0.5550088012
   0.6789895359    2.8429076119    0.5550088012
   0.4714763274    2.7587487018    0.5550088012
   0.2753733754    2.6506372498    0.5550088012
   0.0934335354    2.5200909037    0.5550088012
  -0.0717891561    2.3689422481    0.5550088012
   2.8518763052   -0.0033815842    0.5550088012
   2.9657514617    0.1894315445    0.5550088012
   3.0560227193    0.3943597122    0.5550088012
   3.1214228673    0.6085261766    0.5550088012
   3.1610338312    0.8289245101    0.5550088012
   3.1605193318    1.0524608032    0.3271944756
   3.1468395772    1.2786141059    0.3271944756
   3.1059997951    1.5014695843    0.3271944756
   3.0385955214    1.7177775035    0.3271944756
   2.9456096623    1.9243836071    0.3271944756
   2.8283981610    2.1182751128    0.3271944756
   2.6886702250    2.2966246458    0.3271944756
   2.5284634024    2.4568314685    0.3271944756
   2.3501138694    2.5965594044    0.3271944756
   2.1562223636    2.7137709058    0.3271944756
   1.9496162601    2.8067567649    0.3271944756
   1.7333083408    2.8741610385    0.3271944756
   1.5104528625    2.9150008206    0.3271944756
   1.2842995597    2.9286805752    0.3271944756
   1.0581462570    2.9150008206    0.3271944756
   0.8352907786    2.8741610385    0.3271944756
   0.6189828594    2.8067567649    0.3271944756
   0.4123767558    2.7137709058    0.3271944756
   0.2184852501    2.5965594044    0.3271944756
   0.0401357171    2.4568314685    0.3271944756
   2.8283981610   -0.0133535065    0.3271944756
   2.9456096623    0.1805379992    0.3271944756
   3.0385955214    0.3871441028    0.3271944756
   3.1059997951    0.6034520221    0.3271944756
   3.1468395772    0.8263075004    0.3271944756
   3.1193795947    1.0524608032    0.1027021957
   3.1054706233    1.2779706519    0.1027021957
   3.0639545550    1.5000620012    0.1027021957
   2.9954607310    1.7153681726    0.1027021957
   2.9010274480    1.9206253440    0.1027021957
   2.7820862182    2.1127220259    0.1027021957
   2.6404400694    2.2887462284    0.1027021957
   2.4782362128    2.4460296041    0.1027021957
   2.2979334936    2.5821878974    0.1027021957
   2.1022651172    2.6951570871    0.1027021957
   1.8941972168    2.7832246757    0.1027021957
   1.6768838895    2.8450556482    0.1027021957
   1.4536193840    2.8797127102    0.1027021957
   1.2277881626    2.8866704958    0.1027021957
   1.0028135963    2.8658235322    0.1027021957
   0.7821060704    2.8174878380    0.1027021957
   0.5690112858    2.7423961332    0.1027021957
   0.3667595423    2.6416867314    0.1027021957
   0.1784167702    2.5168862845    0.1027021957
   2.9010274480    0.1842962624    0.1027021957
   2.9954607310    0.3895534338    0.1027021957
   3.0639545550    0.6048596051    0.1027021957
   3.1054706233    0.8269509544    0.1027021957
   3.0514802584    1.0524608032   -0.1151944353
   3.0369717293    1.2784428551   -0.1151944353
   2.9936843716    1.5007142880   -0.1151944353
   2.9223289626    1.7156254110   -0.1151944353
   2.8240771561    1.9196473896   -0.1151944353
   2.7005422440    2.1094301883   -0.1151944353
   2.5537526661    2.2818575790   -0.1151944353
   2.3861187034    2.4340983086   -0.1151944353
   2.2003929008    2.5636525886   -0.1151944353
   1.9996248708    2.6683931412   -0.1151944353
   1.7871112191    2.7466001295   -0.1151944353
   1.5663414137    2.7969893969   -0.1151944353
   1.3409404890    2.8187335530   -0.1151944353
   1.1146095217    2.8114755594   -0.1151944353
   0.8910648602    2.7753345922   -0.1151944353
   0.6739771016    2.7109040849   -0.1151944353
   0.4669108208    2.6192419848   -0.1151944353
   0.2732660406    2.5018533811   -0.1151944353
   2.9223289626    0.3892961953   -0.1151944353
   2.9936843716    0.6042073183   -0.1151944353
   3.0369717293    0.8264787512   -0.1151944353
   2.9578114482    1.0524608032   -0.3233179939
   2.9422242682    1.2803373092   -0.3233179939
   2.8957530877    1.5039689072   -0.3233179939
   2.8192635771    1.7191897634   -0.3233179939
   2.7141805910    1.9219907206   -0.3233179939
   2.5824616268    2.1085939807   -0.3233179939
   2.4265603594    2.2755234779   -0.3233179939
   2.2493809346    2.4196696316   -0.3233179939
   2.0542238699    2.5383472718   -0.3233179939
   1.8447245719    2.6293456584   -0.3233179939
   1.6247856164    2.6909696637   -0.3233179939
   1.3985040498    2.7220713492   -0.3233179939
   1.1700950697    2.7220713492   -0.3233179939
   0.9438135031    2.6909696637   -0.3233179939
   0.7238745476    2.6293456584   -0.3233179939
   0.5143752496    2.5383472718   -0.3233179939
   0.3192181848    2.4196696316   -0.3233179939
   2.8192635771    0.3857318429   -0.3233179939
   2.8957530877    0.6009526992   -0.3233179939
   2.9422242682    0.8245842971   -0.3233179939
   2.8397390663    1.0524608032   -0.5186335701
   2.8231633200    1.2789346117   -0.5186335701
   2.7737893643    1.5005815241   -0.5186335701
   2.6926695195    1.7126775214   -0.5186335701
   2.5815327140    1.9107021456   -0.5186335701
   2.4427476361    2.0904348456   -0.5186335701
   2.2792722487    2.2480449310   -0.5186335701
   2.0945907459    2.3801732164   -0.5186335701
   1.8926392932    2.4840036168   -0.5186335701
   1.6777221352    2.5573231675   -0.5186335701
   1.4544198581    2.5985691896   -0.5186335701
   1.2274917622    2.6068625957   -0.5186335701
   1.0017744259    2.5820266263   -0.5186335701
   0.7820786223    2.5245906169   -0.5186335701
   0.5730867860    2.4357787164   -0.5186335701
   0.3792532152    2.3174837962   -0.5186335701
   2.7737893643    0.6043400822   -0.5186335701
   2.8231633200    0.8259869947   -0.5186335701
   2.6989848738    1.0524608032   -0.6982930228
   2.6806650705    1.2793922864   -0.6982930228
   2.6261801340    1.5004463634   -0.6982930228
   2.5369411955    1.7098978497   -0.6982930228
   2.4152594965    1.9023220619   -0.6982930228
   2.2642865293    2.0727353139   -0.6982930228
   2.0879324144    2.2167239919   -0.6982930228
   1.8907646306    2.3305588650   -0.6982930228
   1.6778897200    2.4112916696   -0.6982930228
   1.4548210311    2.4568314685   -0.6982930228
   1.2273359256    2.4659988048   -0.6982930228
   1.0013261483    2.4385562494   -0.6982930228
   0.7826452337    2.3752145501   -0.6982930228
   0.5769569027    2.2776142235   -0.6982930228
   0.3895883749    2.1482830668   -0.6982930228
   2.6806650705    0.8255293199   -0.6982930228
   2.5376013838    1.0524608032   -0.8596765128
   2.5174603079    1.2762464851   -0.8596765128
   2.4576844309    1.4928395111   -0.8596765128
   2.3601949986    1.6952784031   -0.8596765128
   2.2281254017    1.8770566085   -0.8596765128
   2.0657204657    2.0323316263   -0.8596765128
   1.8782000188    2.1561127895   -0.8596765128
   1.6715911225    2.2444216698   -0.8596765128
   1.4525343566    2.2944199472   -0.8596765128
   1.2280703860    2.3045006357   -0.8596765128
   1.0054136673    2.2743397338   -0.8596765128
   0.7917205707    2.2049066378   -0.8596765128
   0.5938593680    2.0984329844   -0.8596765128
   0.4181894812    1.9583409244   -0.8596765128
   2.3579419311    1.0524608032   -1.0004307053
   2.3344802693    1.2756836039   -1.0004307053
   2.2651206712    1.4891504971   -1.0004307053
   2.1528944840    1.6835319553   -1.0004307053
   2.0027065307    1.8503325758   -1.0004307053
   1.8211207454    1.9822623713   -1.0004307053
   1.6160732984    2.0735553766   -1.0004307053
   1.3965257469    2.1202216492   -1.0004307053
   1.1720733726    2.1202216492   -1.0004307053
   0.9525258211    2.0735553766   -1.0004307053
   0.7474783741    1.9822623713   -1.0004307053
   2.0449528772    1.4916242007   -1.1185030872
   1.9053703927    1.6735316361   -1.1185030872
   1.7234629573    1.8131141206   -1.1185030872
   1.5116272621    1.9008593385   -1.1185030872
   1.2842995597    1.9307875983   -1.1185030872
   1.0569718573    1.9008593385   -1.1185030872
   1.6194011780    1.6328738317   -1.2121718974
   1.4006791304    1.7124821466   -1.2121718974
   1.2567879697   -1.1482106479    2.2989281412
   1.4846022954   -1.1482106479    2.2851479132
   1.3706951326   -0.9509176545    2.2851479132
   1.1428808069   -0.9509176545    2.2851479132
   1.0289736440   -1.1482106479    2.2851479132
   1.1428808069   -1.3455036413    2.2851479132
   1.3706951326   -1.3455036413    2.2851479132
   1.7090945752   -1.1482106479    2.2440081761
   1.6484969804   -0.9220573451    2.2440081761
   1.4829412725   -0.7565016372    2.2440081761
   1.2567879697   -0.6959040424    2.2440081761
   1.0306346670   -0.7565016372    2.2440081761
   0.8650789591   -0.9220573451    2.2440081761
   0.8044813642   -1.1482106479    2.2440081761
   0.8650789591   -1.3743639506    2.2440081761
   1.0306346670   -1.5399196585    2.2440081761
   1.2567879697   -1.6005172534    2.2440081761
   1.4829412725   -1.5399196585    2.2440081761
   1.6484969804   -1.3743639506    2.2440081761
   1.9269912062   -1.1482106479    2.1761088398
   1.8865730055   -0.9189876409    2.1761088398
   1.7701934348   -0.7174123115    2.1761088398
   1.5918895880   -0.5677976194    2.1761088398
   1.3731675404   -0.4881893045    2.1761088398
   1.1404083990   -0.4881893045    2.1761088398
   0.9216863515   -0.5677976194    2.1761088398
   0.7433825046   -0.7174123115    2.1761088398
   0.6270029339   -0.9189876409    2.1761088398
   0.5865847332   -1.1482106479    2.1761088398
   0.6270029339   -1.3774336549    2.1761088398
   0.7433825046   -1.5790089843    2.1761088398
   0.9216863515   -1.7286236764    2.1761088398
   1.1404083990   -1.8082319913    2.1761088398
   1.3731675404   -1.8082319913    2.1761088398
   1.5918895880   -1.7286236764    2.1761088398
   1.7701934348   -1.5790089843    2.1761088398
   1.8865730055   -1.3774336549    2.1761088398
   2.1351147649   -1.1482106479    2.0824400297
   2.1051865051   -0.9208829455    2.0824400297
   2.0174412872   -0.7090472503    2.0824400297
   1.8778588027   -0.5271398149    2.0824400297
   1.6959513673   -0.3875573304    2.0824400297
   1.4841156721   -0.2998121125    2.0824400297
   1.2567879697   -0.2698838527    2.0824400297
   1.0294602673   -0.2998121125    2.0824400297
   0.8176245721   -0.3875573304    2.0824400297
   0.6357171368   -0.5271398149    2.0824400297
   0.4961346523   -0.7090472503    2.0824400297
   0.4083894344   -0.9208829455    2.0824400297
   0.3784611746   -1.1482106479    2.0824400297
   0.4083894344   -1.3755383503    2.0824400297
   0.4961346523   -1.5873740455    2.0824400297
   0.6357171368   -1.7692814808    2.0824400297
   0.8176245721   -1.9088639653    2.0824400297
   1.0294602673   -1.9966091832    2.0824400297
   1.2567879697   -2.0265374430    2.0824400297
   1.4841156721   -1.9966091832    2.0824400297
   1.6959513673   -1.9088639653    2.0824400297
   1.8778588027   -1.7692814808    2.0824400297
   2.0174412872   -1.5873740455    2.0824400297
   2.1051865051   -1.3755383503    2.0824400297
   2.3304303410   -1.1482106479    1.9643676477
   2.3069686793   -0.9249878471    1.9643676477
   2.2376090812   -0.7115209539    1.9643676477
   2.1253828940   -0.5171394958    1.9643676477
   1.9751949407   -0.3503388752    1.9643676477
   1.7936091554   -0.2184090797    1.9643676477
   0.5383809988   -0.3503388752    1.9643676477
   0.2066072602   -0.9249878471    1.9643676477
   0.1831455984   -1.1482106479    1.9643676477
   0.2066072602   -1.3714334486    1.9643676477
   0.2759668583   -1.5849003419    1.9643676477
   0.3881930454   -1.7792818000    1.9643676477
   0.5383809988   -1.9460824205    1.9643676477
   0.7199667841   -2.0780122160    1.9643676477
   0.9250142311   -2.1693052213    1.9643676477
   1.1445617825   -2.2159714940    1.9643676477
   1.3690141569   -2.2159714940    1.9643676477
   1.5885617083   -2.1693052213    1.9643676477
   1.7936091554   -2.0780122160    1.9643676477
   1.9751949407   -1.9460824205    1.9643676477
   2.1253828940   -1.7792818000    1.9643676477
   2.2376090812   -1.5849003419    1.9643676477
   2.3069686793   -1.3714334486    1.9643676477
   2.5100897938   -1.1482106479    1.8236134552
   2.4899487179   -0.9244249659    1.8236134552
   2.4301728409   -0.7078319399    1.8236134552
   2.3326834086   -0.5053930479    1.8236134552
   2.2006138117   -0.3236148425    1.8236134552
   2.0382088757   -0.1683398248    1.8236134552
   0.0085315703   -1.2605557572    1.8236134552
   0.0486515581   -1.4816351117    1.8236134552
   0.1276020441   -1.6919979296    1.8236134552
   0.2428454950   -1.8848829767    1.8236134552
   0.3906778912   -2.0540907691    1.8236134552
   0.5663477780   -2.1941828291    1.8236134552
   0.7642089806   -2.3006564825    1.8236134552
   0.9779020773   -2.3700895786    1.8236134552
   1.2005587960   -2.4002504804    1.8236134552
   1.4250227666   -2.3901697919    1.8236134552
   1.6440795324   -2.3401715146    1.8236134552
   1.8506884288   -2.2518626342    1.8236134552
   2.0382088757   -2.1280814710    1.8236134552
   2.2006138117   -1.9728064532    1.8236134552
   2.3326834086   -1.7910282478    1.8236134552
   2.4301728409   -1.5885893558    1.8236134552
   2.4899487179   -1.3719963298    1.8236134552
   2.6714732838   -1.1482106479    1.6622299652
   2.6531534805   -0.9212791646    1.6622299652
   2.5986685440   -0.7002250876    1.6622299652
   2.5094296054   -0.4907736013    1.6622299652
   2.3877479065   -0.2983493891    1.6622299652
  -0.1167891602   -1.4867670036    1.6622299652
  -0.0446934384   -1.7027200544    1.6622299652
   0.0611099681   -1.9043116030    1.6622299652
   0.1978808069   -2.0863205339    1.6622299652
   0.3620767849   -2.2440329116    1.6622299652
   0.5494453127   -2.3733640682    1.6622299652
   0.7551336437   -2.4709643948    1.6622299652
   0.9738145583   -2.5343060942    1.6622299652
   1.1998243356   -2.5617486495    1.6622299652
   1.4273094411   -2.5525813132    1.6622299652
   1.6503781300   -2.5070415143    1.6622299652
   1.8632530406   -2.4263087097    1.6622299652
   2.0604208243   -2.3124738367    1.6622299652
   2.2367749393   -2.1684851586    1.6622299652
   2.3877479065   -1.9980719066    1.6622299652
   2.5094296054   -1.8056476945    1.6622299652
   2.5986685440   -1.5961962081    1.6622299652
   2.6531534805   -1.3751421311    1.6622299652
   2.8122274763   -1.1482106479    1.4825705125
   2.7956517300   -0.9217368394    1.4825705125
   2.7462777743   -0.7000899269    1.4825705125
   2.6651579294   -0.4879939296    1.4825705125
   2.5540211240   -0.2899693055    1.4825705125
  -0.1960175855   -1.7038616868    1.4825705125
  -0.0996321314   -1.9094705036    1.4825705125
   0.0256630623   -2.0988543881    1.4825705125
   0.1771975460   -2.2679769519    1.4825705125
   0.3517416252   -2.4132336409    1.4825705125
   0.5455751960   -2.5315285611    1.4825705125
   0.7545670323   -2.6203404616    1.4825705125
   0.9742628359   -2.6777764710    1.4825705125
   1.1999801722   -2.7026124404    1.4825705125
   1.4269082681   -2.6943190343    1.4825705125
   1.6502105452   -2.6530730122    1.4825705125
   1.8651277032   -2.5797534615    1.4825705125
   2.0670791559   -2.4759230611    1.4825705125
   2.2517606587   -2.3437947757    1.4825705125
   2.4152360461   -2.1861846903    1.4825705125
   2.5540211240   -2.0064519903    1.4825705125
   2.6651579294   -1.8084273661    1.4825705125
   2.7462777743   -1.5963313688    1.4825705125
   2.7956517300   -1.3746844564    1.4825705125
   2.9302998582   -1.1482106479    1.2872549363
   2.9147126782   -0.9203341418    1.2872549363
   2.8682414977   -0.6967025439    1.2872549363
   2.7917519870   -0.4814816876    1.2872549363
   2.6866690010   -0.2786807304    1.2872549363
  -0.2781760476   -1.8149396081    1.2872549363
  -0.1730930615   -2.0177405653    1.2872549363
  -0.0413740973   -2.2043438254    1.2872549363
   0.1145271700   -2.3712733226    1.2872549363
   0.2917065948   -2.5154194764    1.2872549363
   0.4868636596   -2.6340971165    1.2872549363
   0.6963629575   -2.7250955031    1.2872549363
   0.9163019131   -2.7867195084    1.2872549363
   1.1425834797   -2.8178211939    1.2872549363
   1.3709924598   -2.8178211939    1.2872549363
   1.5972740263   -2.7867195084    1.2872549363
   1.8172129819   -2.7250955031    1.2872549363
   2.0267122798   -2.6340971165    1.2872549363
   2.2218693446   -2.5154194764    1.2872549363
   2.3990487694   -2.3712733226    1.2872549363
   2.5549500367   -2.2043438254    1.2872549363
   2.6866690010   -2.0177405653    1.2872549363
   2.7917519870   -1.8149396081    1.2872549363
   2.8682414977   -1.5997187519    1.2872549363
   2.9147126782   -1.3760871540    1.2872549363
   3.0239686684   -1.1482106479    1.0791313777
   3.0094601393   -0.9222285959    1.0791313777
   2.9661727816   -0.6999571631    1.0791313777
   2.8948173726   -0.4850460400    1.0791313777
   2.7965655660   -0.2810240615    1.0791313777
  -0.3353868237   -1.9149616171    1.0791313777
  -0.2242651530   -2.1122693958    1.0791313777
  -0.0888246310   -2.2937473564    1.0791313777
   0.0687108127   -2.4564156360    1.0791313777
   0.2457544506   -2.5976032258    1.0791313777
   0.4393992308   -2.7149918296    1.0791313777
   0.6464655115   -2.8066539296    1.0791313777
   0.8635532702   -2.8710844369    1.0791313777
   1.0870979317   -2.9072254041    1.0791313777
   1.3134288990   -2.9144833977    1.0791313777
   1.5388298237   -2.8927392416    1.0791313777
   1.7595996291   -2.8423499742    1.0791313777
   1.9721132808   -2.7641429859    1.0791313777
   2.1728813108   -2.6594024333    1.0791313777
   2.3586071134   -2.5298481533    1.0791313777
   2.5262410761   -2.3776074237    1.0791313777
   2.6730306539   -2.2051800330    1.0791313777
   2.7965655660   -2.0153972343    1.0791313777
   2.8948173726   -1.8113752558    1.0791313777
   2.9661727816   -1.5964641327    1.0791313777
   3.0094601393   -1.3741926998    1.0791313777
   3.0918680047   -1.1482106479    0.8612347467
   3.0779590333   -0.9227007992    0.8612347467
   3.0364429650   -0.7006094499    0.8612347467
   2.9679491410   -0.4853032785    0.8612347467
   2.8735158580   -0.2800461071    0.8612347467
  -0.3034285214   -2.1142557997    0.8612347467
  -0.1728872382   -2.2986660075    0.8612347467
  -0.0206735362   -2.4656364847    0.8612347467
   0.1509051801   -2.6126361292    0.8612347467
   0.3392479523   -2.7374365761    0.8612347467
   0.5414996957   -2.8381459779    0.8612347467
   0.7545944803   -2.9132376828    0.8612347467
   0.9753020063   -2.9615733769    0.8612347467
   1.2002765726   -2.9824203405    0.8612347467
   1.4261077940   -2.9754625549    0.8612347467
   1.6493722995   -2.9408054930    0.8612347467
   1.8666856268   -2.8789745204    0.8612347467
   2.0747535272   -2.7909069319    0.8612347467
   2.2704219036   -2.6779377421    0.8612347467
   2.4507246228   -2.5417794489    0.8612347467
   2.6129284794   -2.3844960732    0.8612347467
   2.7545746282   -2.2084718706    0.8612347467
   2.8735158580   -2.0163751887    0.8612347467
   2.9679491410   -1.8111180173    0.8612347467
   3.0364429650   -1.5958118459    0.8612347467
   3.0779590333   -1.3737204966    0.8612347467
   3.1330077418   -1.1482106479    0.6367424669
   3.1193279872   -0.9220573451    0.6367424669
   3.0784882051   -0.6992018668    0.6367424669
   3.0110839314   -0.4828939475    0.6367424669
   2.9180980723   -0.2762878440    0.6367424669
   2.8008865710   -0.0823963383    0.6367424669
  -0.2873106315   -2.2140249575    0.6367424669
  -0.1475826956   -2.3923744906    0.6367424669
   0.0126241270   -2.5525813132    0.6367424669
   0.1909736601   -2.6923092491    0.6367424669
   0.3848651658   -2.8095207505    0.6367424669
   0.5914712694   -2.9025066096    0.6367424669
   0.8077791886   -2.9699108832    0.6367424669
   1.0306346670   -3.0107506653    0.6367424669
   1.2567879697   -3.0244304199    0.6367424669
   1.4829412725   -3.0107506653    0.6367424669
   1.7057967508   -2.9699108832    0.6367424669
   1.9221046701   -2.9025066096    0.6367424669
   2.1287107736   -2.8095207505    0.6367424669
   2.3226022793   -2.6923092491    0.6367424669
   2.5009518124   -2.5525813132    0.6367424669
   2.6611586350   -2.3923744906    0.6367424669
   2.8008865710   -2.2140249575    0.6367424669
   2.9180980723   -2.0201334518    0.6367424669
   3.0110839314   -1.8135273482    0.6367424669
   3.0784882051   -1.5972194290    0.6367424669
   3.1193279872   -1.3743639506    0.6367424669
   3.1467879697   -1.1482106479    0.4089281412
   3.1335222412   -0.9246743548    0.4089281412
   3.0939112773   -0.7042760214    0.4089281412
   3.0285111293   -0.4901095569    0.4089281412
   2.9382398717   -0.2851813892    0.4089281412
   2.8243647152   -0.0923682605    0.4089281412
  -0.0993007461   -2.4646920928    0.4089281412
   0.0659219454   -2.6158407484    0.4089281412
   0.2478617854   -2.7463870945    0.4089281412
   0.4439647374   -2.8544985465    0.4089281412
   0.6514779459   -2.9386574567    0.4089281412
   0.8674883803   -2.9976824183    0.4089281412
   1.0889637276   -3.0307448504    0.4089281412
   1.3127949593   -3.0373806289    0.4089281412
   1.5358399757   -3.0174966019    0.4089281412
   1.7549677136   -2.9713718977    0.4089281412
   1.9671020999   -2.8996540059    0.4089281412
   2.1692652329   -2.8033496886    0.4089281412
   2.3586191852   -2.6838108473    0.4089281412
   2.5325058426   -2.5427155453    0.4089281412
   2.6884842174   -2.3820444513    0.4089281412
   2.8243647152   -2.2040530352    0.4089281412
   2.9382398717   -2.0112399066    0.4089281412
   3.0285111293   -1.8063117388    0.4089281412
   3.0939112773   -1.5921452744    0.4089281412
   3.1335222412   -1.3717469409    0.4089281412
   3.1330077418   -1.1482106479    0.1811138155
   3.1193279872   -0.9220573451    0.1811138155
   3.0784882051   -0.6992018668    0.1811138155
   3.0110839314   -0.4828939475    0.1811138155
   2.9180980723   -0.2762878440    0.1811138155
  -0.1475826956   -2.3923744906    0.1811138155
   0.0126241270   -2.5525813132    0.1811138155
   0.1909736601   -2.6923092491    0.1811138155
   0.3848651658   -2.8095207505    0.1811138155
   0.5914712694   -2.9025066096    0.1811138155
   0.8077791886   -2.9699108832    0.1811138155
   1.0306346670   -3.0107506653    0.1811138155
   1.2567879697   -3.0244304199    0.1811138155
   1.4829412725   -3.0107506653    0.1811138155
   1.7057967508   -2.9699108832    0.1811138155
   1.9221046701   -2.9025066096    0.1811138155
   2.1287107736   -2.8095207505    0.1811138155
   2.3226022793   -2.6923092491    0.1811138155
   2.5009518124   -2.5525813132    0.1811138155
   2.6611586350   -2.3923744906    0.1811138155
   2.8008865710   -2.2140249575    0.1811138155
   2.9180980723   -2.0201334518    0.1811138155
   3.0110839314   -1.8135273482    0.1811138155
   3.0784882051   -1.5972194290    0.1811138155
   3.1193279872   -1.3743639506    0.1811138155
   3.0918680047   -1.1482106479   -0.0433784643
   3.0779590333   -0.9227007992   -0.0433784643
   3.0364429650   -0.7006094499   -0.0433784643
   2.9679491410   -0.4853032785   -0.0433784643
   2.8735158580   -0.2800461071   -0.0433784643
  -0.0206735362   -2.4656364847   -0.0433784643
   0.1509051801   -2.6126361292   -0.0433784643
   0.3392479523   -2.7374365761   -0.0433784643
   0.5414996957   -2.8381459779   -0.0433784643
   0.7545944803   -2.9132376828   -0.0433784643
   0.9753020063   -2.9615733769   -0.0433784643
   1.2002765726   -2.9824203405   -0.0433784643
   1.4261077940   -2.9754625549   -0.0433784643
   1.6493722995   -2.9408054930   -0.0433784643
   1.8666856268   -2.8789745204   -0.0433784643
   2.0747535272   -2.7909069319   -0.0433784643
   2.2704219036   -2.6779377421   -0.0433784643
   2.4507246228   -2.5417794489   -0.0433784643
   2.6129284794   -2.3844960732   -0.0433784643
   2.7545746282   -2.2084718706   -0.0433784643
   2.8735158580   -2.0163751887   -0.0433784643
   2.9679491410   -1.8111180173   -0.0433784643
   3.0364429650   -1.5958118459   -0.0433784643
   3.0779590333   -1.3737204966   -0.0433784643
   3.0239686684   -1.1482106479   -0.2612750953
   3.0094601393   -0.9222285959   -0.2612750953
   2.9661727816   -0.6999571631   -0.2612750953
   2.8948173726   -0.4850460400   -0.2612750953
   0.0687108127   -2.4564156360   -0.2612750953
   0.2457544506   -2.5976032258   -0.2612750953
   0.4393992308   -2.7149918296   -0.2612750953
   0.6464655115   -2.8066539296   -0.2612750953
   0.8635532702   -2.8710844369   -0.2612750953
   1.0870979317   -2.9072254041   -0.2612750953
   1.3134288990   -2.9144833977   -0.2612750953
   1.5388298237   -2.8927392416   -0.2612750953
   1.7595996291   -2.8423499742   -0.2612750953
   1.9721132808   -2.7641429859   -0.2612750953
   2.1728813108   -2.6594024333   -0.2612750953
   2.3586071134   -2.5298481533   -0.2612750953
   2.5262410761   -2.3776074237   -0.2612750953
   2.6730306539   -2.2051800330   -0.2612750953
   2.7965655660   -2.0153972343   -0.2612750953
   2.8948173726   -1.8113752558   -0.2612750953
   2.9661727816   -1.5964641327   -0.2612750953
   3.0094601393   -1.3741926998   -0.2612750953
   2.9302998582   -1.1482106479   -0.4693986540
   2.9147126782   -0.9203341418   -0.4693986540
   2.8682414977   -0.6967025439   -0.4693986540
   2.7917519870   -0.4814816876   -0.4693986540
   0.1145271700   -2.3712733226   -0.4693986540
   0.2917065948   -2.5154194764   -0.4693986540
   0.4868636596   -2.6340971165   -0.4693986540
   0.6963629575   -2.7250955031   -0.4693986540
   0.9163019131   -2.7867195084   -0.4693986540
   1.1425834797   -2.8178211939   -0.4693986540
   1.3709924598   -2.8178211939   -0.4693986540
   1.5972740263   -2.7867195084   -0.4693986540
   1.8172129819   -2.7250955031   -0.4693986540
   2.0267122798   -2.6340971165   -0.4693986540
   2.2218693446   -2.5154194764   -0.4693986540
   2.3990487694   -2.3712733226   -0.4693986540
   2.5549500367   -2.2043438254   -0.4693986540
   2.6866690010   -2.0177405653   -0.4693986540
   2.7917519870   -1.8149396081   -0.4693986540
   2.8682414977   -1.5997187519   -0.4693986540
   2.9147126782   -1.3760871540   -0.4693986540
   2.8122274763   -1.1482106479   -0.6647142301
   2.7956517300   -0.9217368394   -0.6647142301
   2.7462777743   -0.7000899269   -0.6647142301
   0.1771975460   -2.2679769519   -0.6647142301
   0.3517416252   -2.4132336409   -0.6647142301
   0.5455751960   -2.5315285611   -0.6647142301
   0.7545670323   -2.6203404616   -0.6647142301
   0.9742628359   -2.6777764710   -0.6647142301
   1.1999801722   -2.7026124404   -0.6647142301
   1.4269082681   -2.6943190343   -0.6647142301
   1.6502105452   -2.6530730122   -0.6647142301
   1.8651277032   -2.5797534615   -0.6647142301
   2.0670791559   -2.4759230611   -0.6647142301
   2.2517606587   -2.3437947757   -0.6647142301
   2.4152360461   -2.1861846903   -0.6647142301
   2.5540211240   -2.0064519903   -0.6647142301
   2.6651579294   -1.8084273661   -0.6647142301
   2.7462777743   -1.5963313688   -0.6647142301
   2.7956517300   -1.3746844564   -0.6647142301
   2.6714732838   -1.1482106479   -0.8443736829
   2.6531534805   -0.9212791646   -0.8443736829
   2.5986685440   -0.7002250876   -0.8443736829
   0.3620767849   -2.2440329116   -0.8443736829
   0.5494453127   -2.3733640682   -0.8443736829
   0.7551336437   -2.4709643948   -0.8443736829
   0.9738145583   -2.5343060942   -0.8443736829
   1.1998243356   -2.5617486495   -0.8443736829
   1.4273094411   -2.5525813132   -0.8443736829
   1.6503781300   -2.5070415143   -0.8443736829
   1.8632530406   -2.4263087097   -0.8443736829
   2.0604208243   -2.3124738367   -0.8443736829
   2.2367749393   -2.1684851586   -0.8443736829
   2.3877479065   -1.9980719066   -0.8443736829
   2.5094296054   -1.8056476945   -0.8443736829
   2.5986685440   -1.5961962081   -0.8443736829
   2.6531534805   -1.3751421311   -0.8443736829
   2.5100897938   -1.1482106479   -1.0057571729
   2.4899487179   -0.9244249659   -1.0057571729
   0.3906778912   -2.0540907691   -1.0057571729
   0.5663477780   -2.1941828291   -1.0057571729
   0.7642089806   -2.3006564825   -1.0057571729
   0.9779020773   -2.3700895786   -1.0057571729
   1.2005587960   -2.4002504804   -1.0057571729
   1.4250227666   -2.3901697919   -1.0057571729
   1.6440795324   -2.3401715146   -1.0057571729
   1.8506884288   -2.2518626342   -1.0057571729
   2.0382088757   -2.1280814710   -1.0057571729
   2.2006138117   -1.9728064532   -1.0057571729
   2.3326834086   -1.7910282478   -1.0057571729
   2.4301728409   -1.5885893558   -1.0057571729
   2.4899487179   -1.3719963298   -1.0057571729
   2.3304303410   -1.1482106479   -1.1465113654
   0.5383809988   -1.9460824205   -1.1465113654
   0.7199667841   -2.0780122160   -1.1465113654
   0.9250142311   -2.1693052213   -1.1465113654
   1.1445617825   -2.2159714940   -1.1465113654
   1.3690141569   -2.2159714940   -1.1465113654
   1.5885617083   -2.1693052213   -1.1465113654
   1.7936091554   -2.0780122160   -1.1465113654
   1.9751949407   -1.9460824205   -1.1465113654
   2.1253828940   -1.7792818000   -1.1465113654
   2.2376090812   -1.5849003419   -1.1465113654
   2.3069686793   -1.3714334486   -1.1465113654
   0.6357171368   -1.7692814808   -1.2645837473
   0.8176245721   -1.9088639653   -1.2645837473
   1.0294602673   -1.9966091832   -1.2645837473
   1.2567879697   -2.0265374430   -1.2645837473
   1.4841156721   -1.9966091832   -1.2645837473
   1.6959513673   -1.9088639653   -1.2645837473
   1.8778588027   -1.7692814808   -1.2645837473
   2.0174412872   -1.5873740455   -1.2645837473
   2.1051865051   -1.3755383503   -1.2645837473
   0.9216863515   -1.7286236764   -1.3582525575
   1.1404083990   -1.8082319913   -1.3582525575
   1.3731675404   -1.8082319913   -1.3582525575
   1.5918895880   -1.7286236764   -1.3582525575
   1.7701934348   -1.5790089843   -1.3582525575
   1.8865730055   -1.3774336549   -1.3582525575
   1.2567879697   -1.6005172534   -1.4261518938
   1.4829412725   -1.5399196585   -1.4261518938
  -1.0039204113   -0.0648267274    3.0926666415
  -0.7724899853   -0.0648267274    3.0786676798
  -0.8882051983    0.1355979008    3.0786676798
  -1.1196356244    0.1355979008    3.0786676798
  -1.2353508374   -0.0648267274    3.0786676798
  -1.1196356244   -0.2652513556    3.0786676798
  -0.8882051983   -0.2652513556    3.0786676798
  -0.5444343359   -0.0648267274    3.0368749310
  -0.6059937973    0.1649163103    3.0368749310
  -0.7741773736    0.3330998866    3.0368749310
  -1.0039204113    0.3946593481    3.0368749310
  -1.2336634491    0.3330998866    3.0368749310
  -1.4018470254    0.1649163103    3.0368749310
  -1.4634064868   -0.0648267274    3.0368749310
  -1.4018470254   -0.2945697651    3.0368749310
  -1.2336634491   -0.4627533414    3.0368749310
  -1.0039204113   -0.5243128028    3.0368749310
  -0.7741773736   -0.4627533414    3.0368749310
  -0.6059937973   -0.2945697651    3.0368749310
  -0.3230790282   -0.0648267274    2.9678978275
  -0.3641387877    0.1680347401    2.9678978275
  -0.4823656532    0.3728096779    2.9678978275
  -0.6634997198    0.5247992064    2.9678978275
  -0.8856935459    0.6056711453    2.9678978275
  -1.1221472768    0.6056711453    2.9678978275
  -1.3443411029    0.5247992064    2.9678978275
  -1.5254751695    0.3728096779    2.9678978275
  -1.6437020350    0.1680347401    2.9678978275
  -1.6847617945   -0.0648267274    2.9678978275
  -1.6437020350   -0.2976881948    2.9678978275
  -1.5254751695   -0.5024631326    2.9678978275
  -1.3443411029   -0.6544526611    2.9678978275
  -1.1221472768   -0.7353246000    2.9678978275
  -0.8856935459   -0.7353246000    2.9678978275
  -0.6634997198   -0.6544526611    2.9678978275
  -0.4823656532   -0.5024631326    2.9678978275
  -0.3641387877   -0.2976881948    2.9678978275
  -0.1116519210   -0.0648267274    2.8727422108
  -0.1420552326    0.1661093513    2.8727422108
  -0.2311932317    0.3813075178    2.8727422108
  -0.3729913112    0.5661023728    2.8727422108
  -0.5577861662    0.7079004522    2.8727422108
  -0.7729843327    0.7970384514    2.8727422108
  -1.0039204113    0.8274417630    2.8727422108
  -1.2348564900    0.7970384514    2.8727422108
  -1.4500546565    0.7079004522    2.8727422108
  -1.6348495115    0.5661023728    2.8727422108
  -1.7766475910    0.3813075178    2.8727422108
  -1.8657855901    0.1661093513    2.8727422108
  -1.8961889017   -0.0648267274    2.8727422108
  -1.8657855901   -0.2957628060    2.8727422108
  -1.7766475910   -0.5109609725    2.8727422108
  -1.6348495115   -0.6957558275    2.8727422108
  -1.4500546565   -0.8375539070    2.8727422108
  -1.2348564900   -0.9266919062    2.8727422108
  -1.0039204113   -0.9570952177    2.8727422108
  -0.7729843327   -0.9266919062    2.8727422108
  -0.5577861662   -0.8375539070    2.8727422108
  -0.3729913112   -0.6957558275    2.8727422108
  -0.2311932317   -0.5109609725    2.8727422108
  -0.1420552326   -0.2957628060    2.8727422108
   0.0867639024   -0.0648267274    2.7527956641
   0.0629298333    0.1619392924    2.7527956641
  -0.0075307108    0.3787945491    2.7527956641
  -0.1215382660    0.5762614271    2.7527956641
  -0.2741101552    0.7457096766    2.7527956641
  -0.4585782545    0.8797335958    2.7527956641
  -0.6668804229    0.9724756964    2.7527956641
  -0.8899128561    1.0198827036    2.7527956641
  -1.1179279666    1.0198827036    2.7527956641
  -1.3409603998    0.9724756964    2.7527956641
  -1.5492625682    0.8797335958    2.7527956641
  -1.7337306675    0.7457096766    2.7527956641
  -1.8863025566    0.5762614271    2.7527956641
  -2.0003101119    0.3787945491    2.7527956641
  -2.0707706560    0.1619392924    2.7527956641
  -2.0946047251   -0.0648267274    2.7527956641
  -2.0707706560   -0.2915927472    2.7527956641
  -2.0003101119   -0.5084480038    2.7527956641
  -1.8863025566   -0.7059148819    2.7527956641
  -1.7337306675   -0.8753631313    2.7527956641
  -1.5492625682   -1.0093870506    2.7527956641
  -1.3409603998   -1.1021291512    2.7527956641
  -1.1179279666   -1.1495361583    2.7527956641
  -0.8899128561   -1.1495361583    2.7527956641
  -0.6668804229   -1.1021291512    2.7527956641
  -0.4585782545   -1.0093870506    2.7527956641
  -0.2741101552   -0.8753631313    2.7527956641
  -0.1215382660   -0.7059148819    2.7527956641
  -0.0075307108   -0.5084480038    2.7527956641
   0.0629298333   -0.2915927472    2.7527956641
   0.2692750925   -0.0648267274    2.6098072780
   0.2488143169    0.1625111083    2.6098072780
   0.1880896165    0.3825421188    2.6098072780
   0.0890527329    0.5881943265    2.6098072780
  -0.0451132068    0.7728579003    2.6098072780
  -0.2100959989    0.9305976009    2.6098072780
  -0.4005929609    1.0563435445    2.6098072780
  -0.6104813635    1.1460541531    2.6098072780
  -0.8330152208    1.1968460538    2.6098072780
  -1.0610421116    1.2070867533    2.6098072780
  -1.2872330640    1.1764471070    2.6098072780
  -1.5043181145    1.1059118983    2.6098072780
  -1.7053199712    0.9977481869    2.6098072780
  -1.8837782689    0.8554324434    2.6098072780
  -2.0339572111    0.6835388131    2.6098072780
  -2.1510299230    0.4875920985    2.6098072780
  -2.2312335914    0.2738901883    2.6098072780
  -2.2719904044    0.0493016377    2.6098072780
  -2.2719904044   -0.1789550924    2.6098072780
  -2.2312335914   -0.4035436430    2.6098072780
  -2.1510299230   -0.6172455532    2.6098072780
  -2.0339572111   -0.8131922678    2.6098072780
  -1.8837782689   -0.9850858982    2.6098072780
  -1.7053199712   -1.1274016416    2.6098072780
  -1.5043181145   -1.2355653530    2.6098072780
  -1.2872330640   -1.3061005617    2.6098072780
  -1.0610421116   -1.3367402080    2.6098072780
  -0.8330152208   -1.3264995086    2.6098072780
  -0.6104813635   -1.2757076078    2.6098072780
  -0.4005929609   -1.1859969992    2.6098072780
  -0.2100959989   -1.0602510556    2.6098072780
  -0.0451132068   -0.9025113550    2.6098072780
   0.0890527329   -0.7178477813    2.6098072780
   0.1880896165   -0.5121955735    2.6098072780
   0.2488143169   -0.2921645630    2.6098072780
   0.4332202251   -0.0648267274    2.4458621454
   0.4146096313    0.1657068429    2.4458621454
   0.3592598546    0.3902697148    2.4458621454
   0.2686044249    0.6030458279    2.4458621454
   0.1449912705    0.7985243926    2.4458621454
  -0.0083780930    0.9716426168    2.4458621454
  -0.1875314797    1.1179168295    2.4458621454
  -0.3878289108    1.2335586053    2.4458621454
  -0.6040827882    1.3155728829    2.4458621454
  -0.8306922500    1.3618355358    2.4458621454
  -1.0617882301    1.3711483854    2.4458621454
  -1.2913854642    1.3432702339    2.4458621454
  -1.5135375044    1.2789231108    2.4458621454
  -1.7224907296    1.1797735726    2.4458621454
  -1.9128333610    1.0483895405    2.4458621454
  -2.0796356244    0.8881737918    2.4458621454
  -2.2185774288    0.7032758302    2.4458621454
  -2.3260602546    0.4984844158    2.4458621454
  -2.3993003528    0.2791035387    2.4458621454
  -2.4364008436    0.0508150484    2.4458621454
  -2.4364008436   -0.1804685031    2.4458621454
  -2.3993003528   -0.4087569935    2.4458621454
  -2.3260602546   -0.6281378705    2.4458621454
  -2.2185774288   -0.8329292849    2.4458621454
  -2.0796356244   -1.0178272465    2.4458621454
  -1.9128333610   -1.1780429952    2.4458621454
  -1.7224907296   -1.3094270274    2.4458621454
  -1.5135375044   -1.4085765655    2.4458621454
  -1.2913854642   -1.4729236887    2.4458621454
  -1.0617882301   -1.5008018402    2.4458621454
  -0.8306922500   -1.4914889905    2.4458621454
  -0.6040827882   -1.4452263377    2.4458621454
  -0.3878289108   -1.3632120600    2.4458621454
  -0.1875314797   -1.2475702842    2.4458621454
  -0.0083780930   -1.1012960716    2.4458621454
   0.1449912705   -0.9281778474    2.4458621454
   0.2686044249   -0.7326992826    2.4458621454
   0.3592598546   -0.5199231695    2.4458621454
   0.4146096313   -0.2953602976    2.4458621454
  -0.1807674603    1.2839604860    2.2633509553
  -0.3859244917    1.3894389881    2.2633509553
  -0.6042530331    1.4639223412    2.2633509553
  -0.8310997908    1.5058230620    2.2633509553
  -1.0616299199    1.5142481095    2.2633509553
  -1.2909300711    1.4890179183    2.2633509553
  -1.5141131097    1.4306702263    2.2633509553
  -1.7264222767    1.3404486130    2.2633509553
  -1.9233325708    1.2202759957    2.2633509553
  -2.1006471910    1.0727136449    2.2633509553
  -2.2545869839    0.9009065961    2.2633509553
  -2.3818709902    0.7085166181    2.2633509553
  -2.4797863723    0.4996441693    2.2633509553
  -2.5462462337    0.2787410034    2.2633509553
  -2.5798340979    0.0505152878    2.2633509553
  -2.5798340979   -0.1801687426    2.2633509553
  -2.5462462337   -0.4083944582    2.2633509553
  -2.4797863723   -0.6292976241    2.2633509553
  -2.3818709902   -0.8381700728    2.2633509553
  -2.2545869839   -1.0305600508    2.2633509553
  -2.1006471910   -1.2023670997    2.2633509553
  -1.9233325708   -1.3499294504    2.2633509553
  -1.7264222767   -1.4701020678    2.2633509553
  -1.5141131097   -1.5603236810    2.2633509553
  -1.2909300711   -1.6186713731    2.2633509553
  -1.0616299199   -1.6439015642    2.2633509553
  -0.8310997908   -1.6354765168    2.2633509553
  -0.6042530331   -1.5935757959    2.2633509553
  -0.3859244917   -1.5190924428    2.2633509553
  -0.1807674603   -1.4136139408    2.2633509553
   0.0068454949   -1.2793883810    2.2633509553
  -0.2217750804    1.4446452407    2.0649351319
  -0.4345997641    1.5370880462    2.0649351319
  -0.6580298141    1.5996902103    2.0649351319
  -0.8879031516    1.6312855733    2.0649351319
  -1.1199376711    1.6312855733    2.0649351319
  -1.3498110086    1.5996902103    2.0649351319
  -1.5732410586    1.5370880462    2.0649351319
  -1.7860657423    1.4446452407    2.0649351319
  -1.9843205382    1.3240838286    2.0649351319
  -2.1643123349    1.1776496406    2.0649351319
  -2.3226882255    1.0080704688    2.0649351319
  -2.4564979669    0.8185052523    2.0649351319
  -2.5632489369    0.6124852322    2.0649351319
  -2.6409525668    0.3938481719    2.0649351319
  -2.6881613850    0.1666668661    2.0649351319
  -2.7039959806   -0.0648267274    2.0649351319
  -2.6881613850   -0.2963203208    2.0649351319
  -2.6409525668   -0.5235016267    2.0649351319
  -2.5632489369   -0.7421386870    2.0649351319
  -2.4564979669   -0.9481587070    2.0649351319
  -2.3226882255   -1.1377239236    2.0649351319
  -2.1643123349   -1.3073030954    2.0649351319
  -1.9843205382   -1.4537372833    2.0649351319
  -1.7860657423   -1.5742986955    2.0649351319
  -1.5732410586   -1.6667415009    2.0649351319
  -1.3498110086   -1.7293436651    2.0649351319
  -1.1199376711   -1.7609390281    2.0649351319
  -0.8879031516   -1.7609390281    2.0649351319
  -0.6580298141   -1.7293436651    2.0649351319
  -0.4345997641   -1.6667415009    2.0649351319
  -0.2217750804   -1.5742986955    2.0649351319
  -0.4931276146    1.6562036994    1.8535080247
  -0.7174017025    1.7073927964    1.8535080247
  -0.9463804197    1.7294820979    1.8535080247
  -1.1763039420    1.7221088980    1.8535080247
  -1.4033969315    1.6853942646    1.8535080247
  -1.6239305276    1.6199410509    1.8535080247
  -1.8342835747    1.5268239969    1.8535080247
  -2.0310020816    1.4075720819    1.8535080247
  -2.2108559359    1.2641434193    1.8535080247
  -2.3708919422    1.0988931035    1.8535080247
  -2.5084823138    0.9145345403    1.8535080247
  -2.6213678206    0.7140948922    1.8535080247
  -2.7076948856    0.5008653726    1.8535080247
  -2.7660460208    0.2783472043    1.8535080247
  -2.7954631023    0.0501941296    1.8535080247
  -2.7954631023   -0.1798475844    1.8535080247
  -2.7660460208   -0.4080006591    1.8535080247
  -2.7076948856   -0.6305188273    1.8535080247
  -2.6213678206   -0.8437483469    1.8535080247
  -2.5084823138   -1.0441879950    1.8535080247
  -2.3708919422   -1.2285465582    1.8535080247
  -2.2108559359   -1.3937968740    1.8535080247
  -2.0310020816   -1.5372255367    1.8535080247
  -1.8342835747   -1.6564774516    1.8535080247
  -1.6239305276   -1.7495945057    1.8535080247
  -1.4033969315   -1.8150477194    1.8535080247
  -1.1763039420   -1.8517623528    1.8535080247
  -0.9463804197   -1.8591355526    1.8535080247
  -0.7174017025   -1.8370462512    1.8535080247
  -0.4931276146   -1.7858571541    1.8535080247
  -0.2772407302   -1.7064087850    1.8535080247
  -1.9360245561    1.5496250092    1.6321527170
  -2.1273568960    1.4228436029    1.6321527170
  -2.3016590840    1.2735106307    1.6321527170
  -2.4562888765    1.1038898284    1.6321527170
  -2.5889022436    0.9165524745    1.6321527170
  -2.6974889018    0.7143384122    1.6321527170
  -2.7804027879    0.5003130007    1.6321527170
  -2.8363870121    0.2777206469    1.6321527170
  -2.8645929105    0.0499356242    1.6321527170
  -2.8645929105   -0.1795890789    1.6321527170
  -2.8363870121   -0.4073741017    1.6321527170
  -2.7804027879   -0.6299664554    1.6321527170
  -2.6974889018   -0.8439918670    1.6321527170
  -2.5889022436   -1.0462059292    1.6321527170
  -2.4562888765   -1.2335432832    1.6321527170
  -2.3016590840   -1.4031640854    1.6321527170
  -2.1273568960   -1.5524970576    1.6321527170
  -1.9360245561   -1.6792784640    1.6321527170
  -1.7305624675   -1.7815864277    1.6321527170
  -1.5140852260   -1.8578700644    1.6321527170
  -1.2898744059   -1.9069729918    1.6321527170
  -1.0613288148   -1.9281508596    1.6321527170
  -0.8319129708   -1.9210826329    1.6321527170
  -0.6051045842   -1.8858754589    1.6321527170
  -2.4305826745    1.1990857477    1.4040970676
  -2.5725285142    1.0179052697    1.4040970676
  -2.6916005156    0.8209361211    1.4040970676
  -2.7860623407    0.6110505555    1.4040970676
  -2.8545365235    0.3913091772    1.4040970676
  -2.8960245561    0.1649163103    1.4040970676
  -2.9099214496   -0.0648267274    1.4040970676
  -2.8960245561   -0.2945697651    1.4040970676
  -2.8545365235   -0.5209626320    1.4040970676
  -2.7860623407   -0.7407040102    1.4040970676
  -2.6916005156   -0.9505895758    1.4040970676
  -2.5725285142   -1.1475587244    1.4040970676
  -2.4305826745   -1.3287392025    1.4040970676
  -2.2678328865   -1.4914889905    1.4040970676
  -2.0866524084   -1.6334348302    1.4040970676
  -1.8896832598   -1.7525068316    1.4040970676
  -2.8936431210    0.2748026009    1.1726666415
  -2.9205483763    0.0489152782    1.1726666415
  -2.9205483763   -0.1785687329    1.1726666415
  -2.8936431210   -0.4044560556    1.1726666415
  -2.8402103012   -0.6255757270    1.1726666415
  -2.7609999965   -0.8388237116    1.1726666415
  -2.6571241459   -1.0412064752    1.1726666415
  -0.4113642443    1.7837990946    1.6822974125
  -0.6373469010    1.8123473432    1.6822974125
  -0.8651256614    1.8123473432    1.6822974125
  -0.6375641707    1.9538022470    1.5027682340
  -0.6375641707   -1.9495472816    1.5027682340
  -0.8637618896   -2.0732852443    1.3106316510
  -0.6387106728   -2.0732852443    1.3106316510
  -2.8275037291    0.6767476711    1.1076276822
  -2.8866467304    0.4560229855    1.1076276822
  -2.9223937279    0.2303253257    1.1076276822
  -2.9343530701    0.0021274827    1.1076276822
  -2.9223937279   -0.2260703604    1.1076276822
  -2.8866467304   -0.4517680202    1.1076276822
  -2.8275037291   -0.6724927058    1.1076276822
  -2.7456127072   -0.8858261115    1.1076276822
  -2.9491054706    0.5617737455    0.8955947630
  -2.9939065381    0.3401556352    0.8955947630
  -3.0164189410    0.1151780493    0.8955947630
  -3.0164189410   -0.1109230840    0.8955947630
  -2.9939065381   -0.3359006699    0.8955947630
  -2.9491054706   -0.5575187802    0.8955947630
  -2.8824609916   -0.7735748744    0.8955947630
  -3.0591093194    0.3391261943    0.6764530963
  -3.0808603921    0.1148110854    0.6764530963
  -3.0808603921   -0.1105561200    0.6764530963
  -3.0591093194   -0.3348712290    0.6764530963
  -3.0158102581   -0.5560398718    0.6764530963
  -3.1160509702    0.2279399063    0.4521872629
  -3.1268077417    0.0021274827    0.4521872629
  -3.1160509702   -0.2236849410    0.4521872629
  -3.1376628185    0.2300035876    0.2248282490
  -3.1485178953    0.0021274827    0.2248282490
  -3.1376628185   -0.2257486223    0.2248282490
  -3.1485178953    0.0021274827   -0.0035649469
  -0.6371690293    0.1996977585   -2.2785009631
  -1.3725742754    1.8055465001    1.6449726560
  -1.5904065154    1.7262620486    1.6449726560
  -1.0292823920    1.9968255078    1.5639487693
  -1.2566681615    2.0267614122    1.5639487693
  -1.4840539309    1.9968255078    1.5639487693
  -1.6959437360    1.9090578768    1.5639487693
  -1.8778976366    1.7694397383    1.5639487693
  -2.0175157751    1.5874858377    1.5639487693
  -0.7166681615    2.0835176993    1.4613054530
  -0.9229298075    2.1753513008    1.4613054530
  -1.1437774211    2.2222939102    1.4613054530
  -1.3695589018    2.2222939102    1.4613054530
  -1.5904065154    2.1753513008    1.4613054530
  -1.7966681615    2.0835176993    1.4613054530
  -1.9793292163    1.9508066747    1.4613054530
  -2.1304065154    1.7830183357    1.4613054530
  -2.2432972557    1.5874858377    1.4613054530
  -2.3130675703    1.3727548893    1.4613054530
  -0.4650754428    2.1408361360    1.3381672886
  -0.6550368570    2.2662285676    1.3381672886
  -0.8643351963    2.3556869711    1.3381672886
  -1.0862434400    2.4063360796    1.3381672886
  -1.3136292744    2.4165479892    1.3381672886
  -1.5391843318    2.3859944807    1.3381672886
  -1.7556590870    2.3156575690    1.3381672886
  -1.9560958633    2.2077979403    1.3381672886
  -2.1340524578    2.0658822918    1.3381672886
  -2.2838091991    1.8944719093    1.3381672886
  -2.4005527823    1.6990760634    1.3381672886
  -2.4805309725    1.4859749375    1.3381672886
  -2.5211732051    1.2620177770    1.3381672886
  -0.4071291406    2.3175004123    1.1958834038
  -0.6005056546    2.4360016925    1.1958834038
  -0.8100390672    2.5227932738    1.1958834038
  -1.0305699704    2.5757380594    1.1958834038
  -1.2566681615    2.5935323729    1.1958834038
  -1.4827663525    2.5757380594    1.1958834038
  -1.7032972557    2.5227932738    1.1958834038
  -1.9128306684    2.4360016925    1.1958834038
  -2.1062071824    2.3175004123    1.1958834038
  -2.2786652263    2.1702073280    1.1958834038
  -2.4259583106    1.9977492841    1.1958834038
  -2.5444595908    1.8043727701    1.1958834038
  -2.6312511721    1.5948393575    1.1958834038
  -2.6841959577    1.3743084543    1.1958834038
  -2.7019902712    1.1482102632    1.1958834038
  -2.6841959577    0.9221120722    1.1958834038
  -0.3888354014    2.4985843965    1.0360126905
  -0.5898469640    2.6083450137    1.0360126905
  -0.8044330832    2.6883814982    1.0360126905
  -1.0282254045    2.7370645378    1.0360126905
  -1.2566681615    2.7534030862    1.0360126905
  -1.4851109185    2.7370645378    1.0360126905
  -1.7089032397    2.6883814982    1.0360126905
  -1.9234893589    2.6083450137    1.0360126905
  -2.1245009215    2.4985843965    1.0360126905
  -2.3078459117    2.3613340560    1.0360126905
  -2.4697919542    2.1993880134    1.0360126905
  -2.6070422947    2.0160430232    1.0360126905
  -2.7168029120    1.8150314607    1.0360126905
  -2.7968393965    1.6004453415    1.0360126905
  -2.8455224361    1.3766530202    1.0360126905
  -2.8618609845    1.1482102632    1.0360126905
  -2.8455224361    0.9197675062    1.0360126905
  -0.3829298075    2.6615694847    0.8603067257
  -0.5879377769    2.7626682271    0.8603067257
  -0.8043879086    2.8361431462    0.8603067257
  -1.0285766808    2.8807370656    0.8603067257
  -1.2566681615    2.8956869711    0.8603067257
  -1.4847596421    2.8807370656    0.8603067257
  -1.7089484143    2.8361431462    0.8603067257
  -1.9253985460    2.7626682271    0.8603067257
  -2.1304065154    2.6615694847    0.8603067257
  -2.3204645793    2.5345767465    0.8603067257
  -2.4923207916    2.3838628933    0.8603067257
  -2.6430346447    2.2120066810    0.8603067257
  -2.7700273830    2.0219486171    0.8603067257
  -2.8711261254    1.8169406477    0.8603067257
  -2.9446010444    1.6004905161    0.8603067257
  -2.9891949638    1.3763017439    0.8603067257
  -3.0041448693    1.1482102632    0.8603067257
  -2.9891949638    0.9201187825    0.8603067257
  -2.9446010444    0.6959300103    0.8603067257
  -0.2234060282    2.7075592825    0.6706905808
  -0.4228633641    2.8227160290    0.6706905808
  -0.6349603307    2.9124889751    0.6706905808
  -0.8564817544    2.9755172543    0.6706905808
  -1.0840695960    3.0108454221    0.6706905808
  -1.3142738560    3.0179379396    0.6706905808
  -1.5436048724    2.9966872915    0.6706905808
  -1.7685862207    2.9474156158    0.6706905808
  -1.9858074130    2.8708698209    0.6706905808
  -2.1919755976    2.7682102632    0.6706905808
  -2.3839654748    2.6409931568    0.6706905808
  -2.5588666738    2.4911469834    0.6706905808
  -2.7140278708    2.3209432582    0.6706905808
  -2.8470969801    2.1329620963    0.6706905808
  -2.9560568098    1.9300531003    0.6706905808
  -3.0392556398    1.7152921639    0.6706905808
  -3.0954322607    1.4919348440    0.6706905808
  -3.1237350922    1.2633670098    0.6706905808
  -3.1237350922    1.0330535166    0.6706905808
  -3.0954322607    0.8044856824    0.6706905808
  -3.0392556398    0.5811283625    0.6706905808
  -0.0783200806    2.7310064215    0.4692417298
  -0.2700390672    2.8571019827    0.4692417298
  -0.4751005198    2.9600877149    0.4692417298
  -0.6907313340    3.0385709129    0.4692417298
  -0.9140154730    3.0914902259    0.4692417298
  -1.1419334017    3.1181300112    0.4692417298
  -1.3714029212    3.1181300112    0.4692417298
  -1.5993208500    3.0914902259    0.4692417298
  -1.8226049889    3.0385709129    0.4692417298
  -2.0382358031    2.9600877149    0.4692417298
  -2.2432972557    2.8571019827    0.4692417298
  -2.4350162424    2.7310064215    0.4692417298
  -2.6108000927    2.5835062575    0.4692417298
  -2.7682716316    2.4165961775    0.4692417298
  -2.9053013267    2.2325333538    0.4692417298
  -3.0200360865    2.0338069205    0.4692417298
  -3.1109243201    1.8231043117    0.4692417298
  -3.1767369201    1.6032749185    0.4692417298
  -3.2165838840    1.3772915566    0.4692417298
  -3.2299263500    1.1482102632    0.4692417298
  -3.2165838840    0.9191289698    0.4692417298
  -3.1767369201    0.6931456079    0.4692417298
  -3.1109243201    0.4733162148    0.4692417298
  -0.1330823642    2.8679863535    0.2581672886
  -0.3290912771    2.9811521521    0.2581672886
  -0.5363597169    3.0720685192    0.2581672886
  -0.7523717255    3.1396318532    0.2581672886
  -0.9745052097    3.1830220268    0.2581672886
  -1.2000637698    3.2017123419    0.2581672886
  -1.4263094307    3.1954759236    0.2581672886
  -1.6504958763    3.1643884735    0.2581672886
  -1.8699017869    3.1088273510    0.2581672886
  -2.0818638720    3.0294669931    0.2581672886
  -2.2838091991    2.9272707269    0.2581672886
  -2.4732864253    2.8034790766    0.2581672886
  -2.6479955539    2.6595947052    0.2581672886
  -2.8058158527    2.4973641741    0.2581672886
  -2.9448315971    2.3187567421    0.2581672886
  -3.0633553242    2.1259404615    0.2581672886
  -3.1599483165    1.9212558607    0.2581672886
  -3.2334380660    1.7071875336    0.2581672886
  -3.2829325067    1.4863339797    0.2581672886
  -3.3078308431    1.2613760619    0.2581672886
  -3.3078308431    1.0350444645    0.2581672886
  -3.2829325067    0.8100865467    0.2581672886
  -3.2334380660    0.5892329928    0.2581672886
  -3.1599483165    0.3751646657    0.2581672886
  -0.0709927933    2.8969505998    0.0397798330
  -0.2670153618    3.0148934660    0.0397798330
  -0.4746407045    3.1109511784    0.0397798330
  -0.6914346042    3.1839975481    0.0397798330
  -0.9148553504    3.2331761732    0.0397798330
  -1.1422835394    3.2579104793    0.0397798330
  -1.3710527835    3.2579104793    0.0397798330
  -1.5984809725    3.2331761732    0.0397798330
  -1.8219017188    3.1839975481    0.0397798330
  -2.0386956184    3.1109511784    0.0397798330
  -2.2463209611    3.0148934660    0.0397798330
  -2.4423435296    2.8969505998    0.0397798330
  -2.6244651385    2.7585053521    0.0397798330
  -2.7905505784    2.6011808667    0.0397798330
  -2.9386526494    2.4268216295    0.0397798330
  -3.0670349901    2.2374718431    0.0397798330
  -3.1741924350    2.0353514605    0.0397798330
  -3.2588686610    1.8228301585    0.0397798330
  -3.3200709168    1.6023995551    0.0397798330
  -3.3570816619    1.3766439975    0.0397798330
  -3.3694669791    1.1482102632    0.0397798330
  -3.3570816619    0.9197765289    0.0397798330
  -3.3200709168    0.6940209713    0.0397798330
  -3.2588686610    0.4735903679    0.0397798330
  -3.1741924350    0.2610690659    0.0397798330
   0.1579244458    2.7648581774   -0.1835279386
  -0.0219286458    2.9060615230   -0.1835279386
  -0.2157718295    3.0273477114   -0.1835279386
  -0.4214087846    3.1273425216   -0.1835279386
  -0.6365095622    3.2049129726   -0.1835279386
  -0.8586369844    3.2591801600   -0.1835279386
  -1.0852742590    3.2895292150   -0.1835279386
  -1.3138534950    3.2956162706   -0.1835279386
  -1.5417847983    3.2773723581   -0.1835279386
  -1.7664856161    3.2350041883   -0.1835279386
  -1.9854099985    3.1689918095   -0.1835279386
  -2.1960774447    3.0800831683   -0.1835279386
  -2.3961010083    2.9692856352   -0.1835279386
  -2.5832143425    2.8378545904   -0.1835279386
  -2.7552973784    2.6872792003   -0.1835279386
  -2.9104003465    2.5192655441   -0.1835279386
  -3.0467658681    2.3357172837   -0.1835279386
  -3.1628488674    2.1387140943   -0.1835279386
  -3.2573340776    1.9304881007   -0.1835279386
  -3.3291509436    1.7133985866   -0.1835279386
  -3.3774857515    1.4899052630   -0.1835279386
  -3.4017908487    1.2625403985   -0.1835279386
  -3.4017908487    1.0338801279   -0.1835279386
  -3.3774857515    0.8065152634   -0.1835279386
  -3.3291509436    0.5830219398   -0.1835279386
  -3.2573340776    0.3659324257   -0.1835279386
  -3.1628488674    0.1577064321   -0.1835279386
   0.1886539483    2.7534030862   -0.4093094192
   0.0129479835    2.8956869711   -0.4093094192
  -0.1766681615    3.0188251354   -0.4093094192
  -0.3781170124    3.1214684517   -0.4093094192
  -0.5891914536    3.2024923384   -0.4093094192
  -0.8075789093    3.2610090808   -0.4093094192
  -1.0308866808    3.2963775572   -0.4093094192
  -1.2566681615    3.3082102632   -0.4093094192
  -1.4824496421    3.2963775572   -0.4093094192
  -1.7057574136    3.2610090808   -0.4093094192
  -1.9241448693    3.2024923384   -0.4093094192
  -2.1352193105    3.1214684517   -0.4093094192
  -2.3366681615    3.0188251354   -0.4093094192
  -2.5262843064    2.8956869711   -0.4093094192
  -2.7019902712    2.7534030862   -0.4093094192
  -2.8618609845    2.5935323729   -0.4093094192
  -3.0041448693    2.4178264082   -0.4093094192
  -3.1272830336    2.2282102632   -0.4093094192
  -3.2299263500    2.0267614122   -0.4093094192
  -3.3109502367    1.8156869711   -0.4093094192
  -3.3694669791    1.5972995154   -0.4093094192
  -3.4048354555    1.3739917439   -0.4093094192
  -3.4166681615    1.1482102632   -0.4093094192
  -3.4048354555    0.9224287825   -0.4093094192
  -3.3694669791    0.6991210110   -0.4093094192
  -3.3109502367    0.4807335554   -0.4093094192
  -3.2299263500    0.2696591142   -0.4093094192
  -3.1272830336    0.0682102632   -0.4093094192
   0.3217496379    2.6053375650   -0.6350908999
   0.1579244458    2.7648581774   -0.6350908999
  -0.0219286458    2.9060615230   -0.6350908999
  -0.2157718295    3.0273477114   -0.6350908999
  -0.4214087846    3.1273425216   -0.6350908999
  -0.6365095622    3.2049129726   -0.6350908999
  -0.8586369844    3.2591801600   -0.6350908999
  -1.0852742590    3.2895292150   -0.6350908999
  -1.3138534950    3.2956162706   -0.6350908999
  -1.5417847983    3.2773723581   -0.6350908999
  -1.7664856161    3.2350041883   -0.6350908999
  -1.9854099985    3.1689918095   -0.6350908999
  -2.1960774447    3.0800831683   -0.6350908999
  -2.3961010083    2.9692856352   -0.6350908999
  -2.5832143425    2.8378545904   -0.6350908999
  -2.7552973784    2.6872792003   -0.6350908999
  -2.9104003465    2.5192655441   -0.6350908999
  -3.0467658681    2.3357172837   -0.6350908999
  -3.1628488674    2.1387140943   -0.6350908999
  -3.2573340776    1.9304881007   -0.6350908999
  -3.3291509436    1.7133985866   -0.6350908999
  -3.3774857515    1.4899052630   -0.6350908999
  -3.4017908487    1.2625403985   -0.6350908999
  -3.4017908487    1.0338801279   -0.6350908999
  -3.3774857515    0.8065152634   -0.6350908999
  -3.3291509436    0.5830219398   -0.6350908999
  -3.2573340776    0.3659324257   -0.6350908999
  -3.1628488674    0.1577064321   -0.6350908999
   0.2772142554    2.6011808667   -0.8583986714
   0.1111288155    2.7585053521   -0.8583986714
  -0.0709927933    2.8969505998   -0.8583986714
  -0.2670153618    3.0148934660   -0.8583986714
  -0.4746407045    3.1109511784   -0.8583986714
  -0.6914346042    3.1839975481   -0.8583986714
  -0.9148553504    3.2331761732   -0.8583986714
  -1.1422835394    3.2579104793   -0.8583986714
  -1.3710527835    3.2579104793   -0.8583986714
  -1.5984809725    3.2331761732   -0.8583986714
  -1.8219017188    3.1839975481   -0.8583986714
  -2.0386956184    3.1109511784   -0.8583986714
  -2.2463209611    3.0148934660   -0.8583986714
  -2.4423435296    2.8969505998   -0.8583986714
  -2.6244651385    2.7585053521   -0.8583986714
  -2.7905505784    2.6011808667   -0.8583986714
  -2.9386526494    2.4268216295   -0.8583986714
  -3.0670349901    2.2374718431   -0.8583986714
  -3.1741924350    2.0353514605   -0.8583986714
  -3.2588686610    1.8228301585   -0.8583986714
  -3.3200709168    1.6023995551   -0.8583986714
  -3.3570816619    1.3766439975   -0.8583986714
  -3.3694669791    1.1482102632   -0.8583986714
  -3.3570816619    0.9197765289   -0.8583986714
  -3.3200709168    0.6940209713   -0.8583986714
  -3.2588686610    0.4735903679   -0.8583986714
  -3.1741924350    0.2610690659   -0.8583986714
   0.3644490418    2.4099764292   -1.0767861271
   0.2158053071    2.5806545828   -1.0767861271
   0.0492877393    2.7339448027   -1.0767861271
  -0.1330823642    2.8679863535   -1.0767861271
  -0.3290912771    2.9811521521   -1.0767861271
  -0.5363597169    3.0720685192   -1.0767861271
  -0.7523717255    3.1396318532   -1.0767861271
  -0.9745052097    3.1830220268   -1.0767861271
  -1.2000637698    3.2017123419   -1.0767861271
  -1.4263094307    3.1954759236   -1.0767861271
  -1.6504958763    3.1643884735   -1.0767861271
  -1.8699017869    3.1088273510   -1.0767861271
  -2.0818638720    3.0294669931   -1.0767861271
  -2.2838091991    2.9272707269   -1.0767861271
  -2.4732864253    2.8034790766   -1.0767861271
  -2.6479955539    2.6595947052   -1.0767861271
  -2.8058158527    2.4973641741   -1.0767861271
  -2.9448315971    2.3187567421   -1.0767861271
  -3.0633553242    2.1259404615   -1.0767861271
  -3.1599483165    1.9212558607   -1.0767861271
  -3.2334380660    1.7071875336   -1.0767861271
  -3.2829325067    1.4863339797   -1.0767861271
  -3.3078308431    1.2613760619   -1.0767861271
  -3.3078308431    1.0350444645   -1.0767861271
  -3.2829325067    0.8100865467   -1.0767861271
  -3.2334380660    0.5892329928   -1.0767861271
  -3.1599483165    0.3751646657   -1.0767861271
  -3.0633553242    0.1704800650   -1.0767861271
   0.3919650038    2.2325333538   -1.2878605683
   0.2549353087    2.4165961775   -1.2878605683
   0.0974637698    2.5835062575   -1.2878605683
  -0.0783200806    2.7310064215   -1.2878605683
  -0.2700390672    2.8571019827   -1.2878605683
  -0.4751005198    2.9600877149   -1.2878605683
  -0.6907313340    3.0385709129   -1.2878605683
  -0.9140154730    3.0914902259   -1.2878605683
  -1.1419334017    3.1181300112   -1.2878605683
  -1.3714029212    3.1181300112   -1.2878605683
  -1.5993208500    3.0914902259   -1.2878605683
  -1.8226049889    3.0385709129   -1.2878605683
  -2.0382358031    2.9600877149   -1.2878605683
  -2.2432972557    2.8571019827   -1.2878605683
  -2.4350162424    2.7310064215   -1.2878605683
  -2.6108000927    2.5835062575   -1.2878605683
  -2.7682716316    2.4165961775   -1.2878605683
  -2.9053013267    2.2325333538   -1.2878605683
  -3.0200360865    2.0338069205   -1.2878605683
  -3.1109243201    1.8231043117   -1.2878605683
  -3.1767369201    1.6032749185   -1.2878605683
  -3.2165838840    1.3772915566   -1.2878605683
  -3.2299263500    1.1482102632   -1.2878605683
  -3.2165838840    0.9191289698   -1.2878605683
  -3.1767369201    0.6931456079   -1.2878605683
  -3.1109243201    0.4733162148   -1.2878605683
  -3.0200360865    0.2626136059   -1.2878605683
   0.3913663517    2.0331861066   -1.4893094192
   0.2701219214    2.2290025850   -1.4893094192
   0.1257329098    2.4084353535   -1.4893094192
  -0.0396118930    2.5687643943   -1.4893094192
  -0.2234060282    2.7075592825   -1.4893094192
  -0.4228633641    2.8227160290   -1.4893094192
  -0.6349603307    2.9124889751   -1.4893094192
  -0.8564817544    2.9755172543   -1.4893094192
  -1.0840695960    3.0108454221   -1.4893094192
  -1.3142738560    3.0179379396   -1.4893094192
  -1.5436048724    2.9966872915   -1.4893094192
  -1.7685862207    2.9474156158   -1.4893094192
  -1.9858074130    2.8708698209   -1.4893094192
  -2.1919755976    2.7682102632   -1.4893094192
  -2.3839654748    2.6409931568   -1.4893094192
  -2.5588666738    2.4911469834   -1.4893094192
  -2.7140278708    2.3209432582   -1.4893094192
  -2.8470969801    2.1329620963   -1.4893094192
  -2.9560568098    1.9300531003   -1.4893094192
  -3.0392556398    1.7152921639   -1.4893094192
  -3.0954322607    1.4919348440   -1.4893094192
  -3.1237350922    1.2633670098   -1.4893094192
  -3.1237350922    1.0330535166   -1.4893094192
  -3.0954322607    0.8044856824   -1.4893094192
  -3.0392556398    0.5811283625   -1.4893094192
  -2.9560568098    0.3663674261   -1.4893094192
  -2.8470969801    0.1634584301   -1.4893094192
   0.3577898025    1.8169406477   -1.6789255642
   0.2566910601    2.0219486171   -1.6789255642
   0.1296983218    2.2120066810   -1.6789255642
  -0.0210155314    2.3838628933   -1.6789255642
  -0.1928717436    2.5345767465   -1.6789255642
  -0.3829298075    2.6615694847   -1.6789255642
  -0.5879377769    2.7626682271   -1.6789255642
  -0.8043879086    2.8361431462   -1.6789255642
  -1.0285766808    2.8807370656   -1.6789255642
  -1.2566681615    2.8956869711   -1.6789255642
  -1.4847596421    2.8807370656   -1.6789255642
  -1.7089484143    2.8361431462   -1.6789255642
  -1.9253985460    2.7626682271   -1.6789255642
  -2.1304065154    2.6615694847   -1.6789255642
  -2.3204645793    2.5345767465   -1.6789255642
  -2.4923207916    2.3838628933   -1.6789255642
  -2.6430346447    2.2120066810   -1.6789255642
  -2.7700273830    2.0219486171   -1.6789255642
  -2.8711261254    1.8169406477   -1.6789255642
  -2.9446010444    1.6004905161   -1.6789255642
  -2.9891949638    1.3763017439   -1.6789255642
  -3.0041448693    1.1482102632   -1.6789255642
  -2.9891949638    0.9201187825   -1.6789255642
  -2.9446010444    0.6959300103   -1.6789255642
  -2.8711261254    0.4794798787   -1.6789255642
  -2.7700273830    0.2744719093   -1.6789255642
   0.2034665891    1.8150314607   -1.8546315289
   0.0937059718    2.0160430232   -1.8546315289
  -0.0435443687    2.1993880134   -1.8546315289
  -0.2054904113    2.3613340560   -1.8546315289
  -0.3888354014    2.4985843965   -1.8546315289
  -0.5898469640    2.6083450137   -1.8546315289
  -0.8044330832    2.6883814982   -1.8546315289
  -1.0282254045    2.7370645378   -1.8546315289
  -1.2566681615    2.7534030862   -1.8546315289
  -1.4851109185    2.7370645378   -1.8546315289
  -1.7089032397    2.6883814982   -1.8546315289
  -1.9234893589    2.6083450137   -1.8546315289
  -2.1245009215    2.4985843965   -1.8546315289
  -2.3078459117    2.3613340560   -1.8546315289
  -2.4697919542    2.1993880134   -1.8546315289
  -2.6070422947    2.0160430232   -1.8546315289
  -2.7168029120    1.8150314607   -1.8546315289
  -2.7968393965    1.6004453415   -1.8546315289
  -2.8455224361    1.3766530202   -1.8546315289
  -2.8618609845    1.1482102632   -1.8546315289
  -2.8455224361    0.9197675062   -1.8546315289
  -2.7968393965    0.6959751849   -1.8546315289
  -2.7168029120    0.4813890658   -1.8546315289
  -2.6070422947    0.2803775032   -1.8546315289
   0.1179148491    1.5948393575   -2.0145022422
   0.0311232679    1.8043727701   -2.0145022422
  -0.0873780123    1.9977492841   -2.0145022422
  -0.2346710967    2.1702073280   -2.0145022422
  -0.4071291406    2.3175004123   -2.0145022422
  -0.6005056546    2.4360016925   -2.0145022422
  -0.8100390672    2.5227932738   -2.0145022422
  -1.0305699704    2.5757380594   -2.0145022422
  -1.2566681615    2.5935323729   -2.0145022422
  -1.4827663525    2.5757380594   -2.0145022422
  -1.7032972557    2.5227932738   -2.0145022422
  -1.9128306684    2.4360016925   -2.0145022422
  -2.1062071824    2.3175004123   -2.0145022422
  -2.2786652263    2.1702073280   -2.0145022422
  -2.4259583106    1.9977492841   -2.0145022422
  -2.5444595908    1.8043727701   -2.0145022422
  -2.6312511721    1.5948393575   -2.0145022422
  -2.6841959577    1.3743084543   -2.0145022422
  -2.7019902712    1.1482102632   -2.0145022422
  -2.6841959577    0.9221120722   -2.0145022422
  -2.6312511721    0.7015811690   -2.0145022422
  -2.5444595908    0.4920477563   -2.0145022422
  -2.4259583106    0.2986712423   -2.0145022422
  -0.0074552703    1.3749089796   -2.1567861271
  -0.0680092542    1.5943214128   -2.1567861271
  -0.1667677135    1.7993954665   -2.1567861271
  -0.3005564699    1.9835398920   -2.1567861271
  -0.4650754428    2.1408361360   -2.1567861271
  -0.6550368570    2.2662285676   -2.1567861271
  -0.8643351963    2.3556869711   -2.1567861271
  -1.0862434400    2.4063360796   -2.1567861271
  -1.3136292744    2.4165479892   -2.1567861271
  -1.5391843318    2.3859944807   -2.1567861271
  -1.7556590870    2.3156575690   -2.1567861271
  -1.9560958633    2.2077979403   -2.1567861271
  -2.1340524578    2.0658822918   -2.1567861271
  -2.2838091991    1.8944719093   -2.1567861271
  -2.4005527823    1.6990760634   -2.1567861271
  -2.4805309725    1.4859749375   -2.1567861271
  -2.5211732051    1.2620177770   -2.1567861271
  -2.5211732051    1.0344027494   -2.1567861271
  -2.4805309725    0.8104455889   -2.1567861271
  -2.4005527823    0.5973444630   -2.1567861271
  -2.2838091991    0.4019486171   -2.1567861271
  -2.1340524578    0.2305382346   -2.1567861271
  -0.1766681615    1.1482102632   -2.2799242914
  -0.2002687527    1.3727548893   -2.2799242914
  -0.2700390672    1.5874858377   -2.2799242914
  -0.3829298075    1.7830183357   -2.2799242914
  -0.5340071066    1.9508066747   -2.2799242914
  -0.7166681615    2.0835176993   -2.2799242914
  -0.9229298075    2.1753513008   -2.2799242914
  -1.1437774211    2.2222939102   -2.2799242914
  -1.3695589018    2.2222939102   -2.2799242914
  -1.5904065154    2.1753513008   -2.2799242914
  -1.7966681615    2.0835176993   -2.2799242914
  -1.9793292163    1.9508066747   -2.2799242914
  -2.1304065154    1.7830183357   -2.2799242914
  -2.2432972557    1.5874858377   -2.2799242914
  -2.3130675703    1.3727548893   -2.2799242914
  -2.3366681615    1.1482102632   -2.2799242914
  -2.3130675703    0.9236656371   -2.2799242914
  -2.2432972557    0.7089346887   -2.2799242914
  -2.1304065154    0.5134021907   -2.2799242914
  -1.9793292163    0.3456138517   -2.2799242914
  -1.7966681615    0.2129028271   -2.2799242914
  -0.7166681615    0.2129028271   -2.2799242914
  -0.3781170124    1.1482102632   -2.3825676077
  -0.4080529169    1.3755960327   -2.3825676077
  -0.4958205479    1.5874858377   -2.3825676077
  -0.6354386864    1.7694397383   -2.3825676077
  -0.8173925869    1.9090578768   -2.3825676077
  -1.0292823920    1.9968255078   -2.3825676077
  -1.2566681615    2.0267614122   -2.3825676077
  -1.4840539309    1.9968255078   -2.3825676077
  -1.6959437360    1.9090578768   -2.3825676077
  -1.8778976366    1.7694397383   -2.3825676077
  -2.0175157751    1.5874858377   -2.3825676077
  -2.1052834060    1.3755960327   -2.3825676077
  -2.1352193105    1.1482102632   -2.3825676077
  -2.1052834060    0.9208244937   -2.3825676077
  -2.0175157751    0.7089346887   -2.3825676077
  -1.8778976366    0.5269807881   -2.3825676077
  -1.6959437360    0.3873626496   -2.3825676077
  -1.4840539309    0.2995950186   -2.3825676077
  -1.2566681615    0.2696591142   -2.3825676077
  -1.0292823920    0.2995950186   -2.3825676077
  -0.8173925869    0.3873626496   -2.3825676077
  -0.6354386864    0.5269807881   -2.3825676077
  -0.4958205479    0.7089346887   -2.3825676077
  -0.4080529169    0.9208244937   -2.3825676077
  -0.5891914536    1.1482102632   -2.4635914944
  -0.6294452246    1.3765007425   -2.4635914944
  -0.7453513385    1.5772560208   -2.4635914944
  -0.9229298075    1.7262620486   -2.4635914944
  -1.1407620475    1.8055465001   -2.4635914944
  -1.3725742754    1.8055465001   -2.4635914944
  -1.5904065154    1.7262620486   -2.4635914944
  -1.7679849844    1.5772560208   -2.4635914944
  -1.8838910984    1.3765007425   -2.4635914944
  -1.9241448693    1.1482102632   -2.4635914944
  -1.8838910984    0.9199197839   -2.4635914944
  -1.7679849844    0.7191645056   -2.4635914944
  -1.5904065154    0.5701584778   -2.4635914944
  -1.3725742754    0.4908740264   -2.4635914944
  -1.1407620475    0.4908740264   -2.4635914944
  -0.9229298075    0.5701584778   -2.4635914944
  -0.7453513385    0.7191645056   -2.4635914944
  -0.6294452246    0.9199197839   -2.4635914944
  -0.8075789093    1.1482102632   -2.5221082368
  -0.8677454605    1.3727548893   -2.5221082368
  -1.0321235354    1.5371329641   -2.5221082368
  -1.2566681615    1.5972995154   -2.5221082368
  -1.4812127876    1.5371329641   -2.5221082368
  -1.6455908624    1.3727548893   -2.5221082368
  -1.7057574136    1.1482102632   -2.5221082368
  -1.6455908624    0.9236656371   -2.5221082368
  -1.4812127876    0.7592875623   -2.5221082368
  -1.2566681615    0.6991210110   -2.5221082368
  -1.0321235354    0.7592875623   -2.5221082368
  -0.8677454605    0.9236656371   -2.5221082368
  -1.0308866808    1.1482102632   -2.5574767132
  -1.1437774211    1.3437427612   -2.5574767132
  -1.3695589018    1.3437427612   -2.5574767132
  -1.4824496421    1.1482102632   -2.5574767132
  -1.3695589018    0.9526777653   -2.5574767132
  -1.1437774211    0.9526777653   -2.5574767132
  -1.2566681615    1.1482102632   -2.5693094192
  -1.5118094609   -1.9011218824    1.4186318992
  -2.1581620454   -1.6873147103    1.3159885829
  -2.0070847463   -1.8551030493    1.3159885829
  -1.8244236915   -1.9878140739    1.3159885829
  -1.6181620454   -2.0796476754    1.3159885829
  -1.3973144318   -2.1265902848    1.3159885829
  -1.1715329512   -2.1265902848    1.3159885829
  -0.9506853376   -2.0796476754    1.3159885829
  -2.5082865026   -1.3902713121    1.1928504186
  -2.4283083123   -1.6033724380    1.1928504186
  -2.3115647291   -1.7987682839    1.1928504186
  -2.1618079878   -1.9701786664    1.1928504186
  -1.9838513933   -2.1120943149    1.1928504186
  -1.7834146170   -2.2199539436    1.1928504186
  -1.5669398618   -2.2902908553    1.1928504186
  -1.3413848044   -2.3208443638    1.1928504186
  -1.1139989700   -2.3106324542    1.1928504186
  -0.8920907264   -2.2599833457    1.1928504186
  -0.6827923870   -2.1705249423    1.1928504186
  -2.7297458012   -1.0525066378    1.0505665338
  -2.7119514877   -1.2786048289    1.0505665338
  -2.6590067021   -1.4991357321    1.0505665338
  -2.5722151208   -1.7086691447    1.0505665338
  -2.4537138406   -1.9020456587    1.0505665338
  -2.3064207563   -2.0745037026    1.0505665338
  -2.1339627124   -2.2217967870    1.0505665338
  -1.9405861984   -2.3402980672    1.0505665338
  -1.7310527857   -2.4270896484    1.0505665338
  -1.5105218825   -2.4800344340    1.0505665338
  -1.2844236915   -2.4978287476    1.0505665338
  -1.0583255004   -2.4800344340    1.0505665338
  -0.8377945972   -2.4270896484    1.0505665338
  -0.6282611846   -2.3402980672    1.0505665338
  -2.8732779661   -0.8240638808    0.8906958205
  -2.8896165145   -1.0525066378    0.8906958205
  -2.8732779661   -1.2809493948    0.8906958205
  -2.8245949265   -1.5047417161    0.8906958205
  -2.7445584420   -1.7193278353    0.8906958205
  -2.6347978247   -1.9203393979    0.8906958205
  -2.4975474842   -2.1036843880    0.8906958205
  -2.3356014417   -2.2656304306    0.8906958205
  -2.1522564515   -2.4028807711    0.8906958205
  -1.9512448889   -2.5126413884    0.8906958205
  -1.7366587697   -2.5926778728    0.8906958205
  -1.5128664485   -2.6413609124    0.8906958205
  -1.2844236915   -2.6576994609    0.8906958205
  -1.0559809345   -2.6413609124    0.8906958205
  -0.8321886132   -2.5926778728    0.8906958205
  -0.6176024940   -2.5126413884    0.8906958205
  -3.0169504938   -0.8244151572    0.7149898557
  -3.0319003993   -1.0525066378    0.7149898557
  -3.0169504938   -1.2805981185    0.7149898557
  -2.9723565744   -1.5047868907    0.7149898557
  -2.8988816554   -1.7212370224    0.7149898557
  -2.7977829130   -1.9262449918    0.7149898557
  -2.6707901747   -2.1163030557    0.7149898557
  -2.5200763216   -2.2881592679    0.7149898557
  -2.3482201093   -2.4388731211    0.7149898557
  -2.1581620454   -2.5658658594    0.7149898557
  -1.9531540760   -2.6669646018    0.7149898557
  -1.7367039443   -2.7404395208    0.7149898557
  -1.5125151721   -2.7850334402    0.7149898557
  -1.2844236915   -2.7999833457    0.7149898557
  -1.0563322108   -2.7850334402    0.7149898557
  -0.8321434386   -2.7404395208    0.7149898557
  -0.6156933069   -2.6669646018    0.7149898557
  -0.4106853376   -2.5658658594    0.7149898557
  -3.0670111698   -0.4854247371    0.5253737107
  -3.1231877907   -0.7087820571    0.5253737107
  -3.1514906222   -0.9373498913    0.5253737107
  -3.1514906222   -1.1676633844    0.5253737107
  -3.1231877907   -1.3962312186    0.5253737107
  -3.0670111698   -1.6195885386    0.5253737107
  -2.9838123398   -1.8343494750    0.5253737107
  -2.8748525102   -2.0372584709    0.5253737107
  -2.7417834008   -2.2252396329    0.5253737107
  -2.5866222038   -2.3954433580    0.5253737107
  -2.4117210048   -2.5452895314    0.5253737107
  -2.2197311276   -2.6725066378    0.5253737107
  -2.0135629430   -2.7751661956    0.5253737107
  -1.7963417507   -2.8517119904    0.5253737107
  -1.5713604024   -2.9009836661    0.5253737107
  -1.3420293860   -2.9222343143    0.5253737107
  -1.1118251260   -2.9151417967    0.5253737107
  -0.8842372844   -2.8798136289    0.5253737107
  -0.6627158607   -2.8167853497    0.5253737107
  -0.4506188941   -2.7270124037    0.5253737107
  -3.1386798501   -0.3776125894    0.3239248598
  -3.2044924501   -0.5974419825    0.3239248598
  -3.2443394140   -0.8234253444    0.3239248598
  -3.2576818800   -1.0525066378    0.3239248598
  -3.2443394140   -1.2815879313    0.3239248598
  -3.2044924501   -1.5075712932    0.3239248598
  -3.1386798501   -1.7274006863    0.3239248598
  -3.0477916165   -1.9381032952    0.3239248598
  -2.9330568567   -2.1368297285    0.3239248598
  -2.7960271616   -2.3208925521    0.3239248598
  -2.6385556227   -2.4878026322    0.3239248598
  -2.4627717724   -2.6353027961    0.3239248598
  -2.2710527857   -2.7613983573    0.3239248598
  -2.0659913331   -2.8643840896    0.3239248598
  -1.8503605189   -2.9428672875    0.3239248598
  -1.6270763800   -2.9957866006    0.3239248598
  -1.3991584512   -3.0224263858    0.3239248598
  -1.1696889317   -3.0224263858    0.3239248598
  -0.9417710030   -2.9957866006    0.3239248598
  -0.7184868640   -2.9428672875    0.3239248598
  -0.5028560498   -2.8643840896    0.3239248598
  -0.2977945972   -2.7613983573    0.3239248598
  -3.1877038465   -0.2794610403    0.1128504186
  -3.2611935961   -0.4935293674    0.1128504186
  -3.3106880367   -0.7143829213    0.1128504186
  -3.3355863731   -0.9393408392    0.1128504186
  -3.3355863731   -1.1656724365    0.1128504186
  -3.3106880367   -1.3906303543    0.1128504186
  -3.2611935961   -1.6114839083    0.1128504186
  -3.1877038465   -1.8255522354    0.1128504186
  -3.0911108542   -2.0302368361    0.1128504186
  -2.9725871271   -2.2230531167    0.1128504186
  -2.8335713827   -2.4016605487    0.1128504186
  -2.6757510839   -2.5638910798    0.1128504186
  -2.5010419553   -2.7077754512    0.1128504186
  -2.3115647291   -2.8315671015    0.1128504186
  -2.1096194020   -2.9337633677    0.1128504186
  -1.8976573169   -3.0131237257    0.1128504186
  -1.6782514063   -3.0686848481    0.1128504186
  -1.4540649607   -3.0997722982    0.1128504186
  -1.2278192999   -3.1060087166    0.1128504186
  -1.0022607397   -3.0873184014    0.1128504186
  -0.7801272555   -3.0439282278    0.1128504186
  -0.5641152470   -2.9763648938    0.1128504186
  -0.3568468071   -2.8854485267    0.1128504186
  -0.1608378942   -2.7722827281    0.1128504186
  -3.2019479650   -0.1653654405   -0.1055370371
  -3.2866241910   -0.3778867425   -0.1055370371
  -3.3478264468   -0.5983173459   -0.1055370371
  -3.3848371919   -0.8240729035   -0.1055370371
  -3.3972225091   -1.0525066378   -0.1055370371
  -3.3848371919   -1.2809403721   -0.1055370371
  -3.3478264468   -1.5066959297   -0.1055370371
  -3.2866241910   -1.7271265332   -0.1055370371
  -3.2019479650   -1.9396478351   -0.1055370371
  -3.0947905201   -2.1417682177   -0.1055370371
  -2.9664081794   -2.3311180041   -0.1055370371
  -2.8183061084   -2.5054772414   -0.1055370371
  -2.6522206685   -2.6628017267   -0.1055370371
  -2.4700990596   -2.8012469745   -0.1055370371
  -2.2740764911   -2.9191898407   -0.1055370371
  -2.0664511484   -3.0152475530   -0.1055370371
  -1.8496572488   -3.0882939227   -0.1055370371
  -1.6262365025   -3.1374725478   -0.1055370371
  -1.3988083135   -3.1622068539   -0.1055370371
  -1.1700390694   -3.1622068539   -0.1055370371
  -0.9426108805   -3.1374725478   -0.1055370371
  -0.7191901342   -3.0882939227   -0.1055370371
  -0.5023962345   -3.0152475530   -0.1055370371
  -0.2947708918   -2.9191898407   -0.1055370371
  -0.0987483233   -2.8012469745   -0.1055370371
  -3.1906043974   -0.0620028067   -0.3288448086
  -3.2850896076   -0.2702288003   -0.3288448086
  -3.3569064736   -0.4873183144   -0.3288448086
  -3.4052412815   -0.7108116380   -0.3288448086
  -3.4295463787   -0.9381765025   -0.3288448086
  -3.4295463787   -1.1668367731   -0.3288448086
  -3.4052412815   -1.3942016377   -0.3288448086
  -3.3569064736   -1.6176949613   -0.3288448086
  -3.2850896076   -1.8347844754   -0.3288448086
  -3.1906043974   -2.0430104690   -0.3288448086
  -3.0745213981   -2.2400136584   -0.3288448086
  -2.9381558765   -2.4235619187   -0.3288448086
  -2.7830529084   -2.5915755749   -0.3288448086
  -2.6109698725   -2.7421509651   -0.3288448086
  -2.4238565384   -2.8735820098   -0.3288448086
  -2.2238329747   -2.9843795430   -0.3288448086
  -2.0131655285   -3.0732881841   -0.3288448086
  -1.7942411461   -3.1393005630   -0.3288448086
  -1.5695403283   -3.1816687327   -0.3288448086
  -1.3416090250   -3.1999126452   -0.3288448086
  -1.1130297890   -3.1938255896   -0.3288448086
  -0.8863925145   -3.1634765346   -0.3288448086
  -0.6642650922   -3.1092093472   -0.3288448086
  -0.4491643146   -3.0316388963   -0.3288448086
  -0.2435273596   -2.9316440860   -0.3288448086
  -0.0496841759   -2.8103578976   -0.3288448086
  -3.1550385637    0.0274933622   -0.5546262893
  -3.2576818800   -0.1739554888   -0.5546262893
  -3.3387057667   -0.3850299300   -0.5546262893
  -3.3972225091   -0.6034173857   -0.5546262893
  -3.4325909855   -0.8267251572   -0.5546262893
  -3.4444236915   -1.0525066378   -0.5546262893
  -3.4325909855   -1.2782881185   -0.5546262893
  -3.3972225091   -1.5015958900   -0.5546262893
  -3.3387057667   -1.7199833457   -0.5546262893
  -3.2576818800   -1.9310577869   -0.5546262893
  -3.1550385637   -2.1325066378   -0.5546262893
  -3.0319003993   -2.3221227828   -0.5546262893
  -2.8896165145   -2.4978287476   -0.5546262893
  -2.7297458012   -2.6576994609   -0.5546262893
  -2.5540398364   -2.7999833457   -0.5546262893
  -2.3644236915   -2.9231215100   -0.5546262893
  -2.1629748405   -3.0257648263   -0.5546262893
  -1.9519003993   -3.1067887130   -0.5546262893
  -1.7335129436   -3.1653054554   -0.5546262893
  -1.5102051721   -3.2006739318   -0.5546262893
  -1.2844236915   -3.2125066378   -0.5546262893
  -1.0586422108   -3.2006739318   -0.5546262893
  -0.8353344393   -3.1653054554   -0.5546262893
  -0.6169469836   -3.1067887130   -0.5546262893
  -0.4058725424   -3.0257648263   -0.5546262893
  -0.2044236915   -2.9231215100   -0.5546262893
  -0.0148075465   -2.7999833457   -0.5546262893
  -3.1906043974   -0.0620028067   -0.7804077699
  -3.2850896076   -0.2702288003   -0.7804077699
  -3.3569064736   -0.4873183144   -0.7804077699
  -3.4052412815   -0.7108116380   -0.7804077699
  -3.4295463787   -0.9381765025   -0.7804077699
  -3.4295463787   -1.1668367731   -0.7804077699
  -3.4052412815   -1.3942016377   -0.7804077699
  -3.3569064736   -1.6176949613   -0.7804077699
  -3.2850896076   -1.8347844754   -0.7804077699
  -3.1906043974   -2.0430104690   -0.7804077699
  -3.0745213981   -2.2400136584   -0.7804077699
  -2.9381558765   -2.4235619187   -0.7804077699
  -2.7830529084   -2.5915755749   -0.7804077699
  -2.6109698725   -2.7421509651   -0.7804077699
  -2.4238565384   -2.8735820098   -0.7804077699
  -2.2238329747   -2.9843795430   -0.7804077699
  -2.0131655285   -3.0732881841   -0.7804077699
  -1.7942411461   -3.1393005630   -0.7804077699
  -1.5695403283   -3.1816687327   -0.7804077699
  -1.3416090250   -3.1999126452   -0.7804077699
  -1.1130297890   -3.1938255896   -0.7804077699
  -0.8863925145   -3.1634765346   -0.7804077699
  -0.6642650922   -3.1092093472   -0.7804077699
  -0.4491643146   -3.0316388963   -0.7804077699
  -0.2435273596   -2.9316440860   -0.7804077699
  -0.0496841759   -2.8103578976   -0.7804077699
   0.1301689158   -2.6691545521   -0.7804077699
  -3.0947905201    0.0367549420   -1.0037155414
  -3.2019479650   -0.1653654405   -1.0037155414
  -3.2866241910   -0.3778867425   -1.0037155414
  -3.3478264468   -0.5983173459   -1.0037155414
  -3.3848371919   -0.8240729035   -1.0037155414
  -3.3972225091   -1.0525066378   -1.0037155414
  -3.3848371919   -1.2809403721   -1.0037155414
  -3.3478264468   -1.5066959297   -1.0037155414
  -3.2866241910   -1.7271265332   -1.0037155414
  -3.2019479650   -1.9396478351   -1.0037155414
  -3.0947905201   -2.1417682177   -1.0037155414
  -2.9664081794   -2.3311180041   -1.0037155414
  -2.8183061084   -2.5054772414   -1.0037155414
  -2.6522206685   -2.6628017267   -1.0037155414
  -2.4700990596   -2.8012469745   -1.0037155414
  -2.2740764911   -2.9191898407   -1.0037155414
  -2.0664511484   -3.0152475530   -1.0037155414
  -1.8496572488   -3.0882939227   -1.0037155414
  -1.6262365025   -3.1374725478   -1.0037155414
  -1.3988083135   -3.1622068539   -1.0037155414
  -1.1700390694   -3.1622068539   -1.0037155414
  -0.9426108805   -3.1374725478   -1.0037155414
  -0.7191901342   -3.0882939227   -1.0037155414
  -0.5023962345   -3.0152475530   -1.0037155414
  -0.2947708918   -2.9191898407   -1.0037155414
  -0.0987483233   -2.8012469745   -1.0037155414
   0.0833732855   -2.6628017267   -1.0037155414
   0.2494587254   -2.5054772414   -1.0037155414
  -2.9725871271    0.1180398410   -1.2221029971
  -3.0911108542   -0.0747764396   -1.2221029971
  -3.1877038465   -0.2794610403   -1.2221029971
  -3.2611935961   -0.4935293674   -1.2221029971
  -3.3106880367   -0.7143829213   -1.2221029971
  -3.3355863731   -0.9393408392   -1.2221029971
  -3.3355863731   -1.1656724365   -1.2221029971
  -3.3106880367   -1.3906303543   -1.2221029971
  -3.2611935961   -1.6114839083   -1.2221029971
  -3.1877038465   -1.8255522354   -1.2221029971
  -3.0911108542   -2.0302368361   -1.2221029971
  -2.9725871271   -2.2230531167   -1.2221029971
  -2.8335713827   -2.4016605487   -1.2221029971
  -2.6757510839   -2.5638910798   -1.2221029971
  -2.5010419553   -2.7077754512   -1.2221029971
  -2.3115647291   -2.8315671015   -1.2221029971
  -2.1096194020   -2.9337633677   -1.2221029971
  -1.8976573169   -3.0131237257   -1.2221029971
  -1.6782514063   -3.0686848481   -1.2221029971
  -1.4540649607   -3.0997722982   -1.2221029971
  -1.2278192999   -3.1060087166   -1.2221029971
  -1.0022607397   -3.0873184014   -1.2221029971
  -0.7801272555   -3.0439282278   -1.2221029971
  -0.5641152470   -2.9763648938   -1.2221029971
  -0.3568468071   -2.8854485267   -1.2221029971
  -0.1608378942   -2.7722827281   -1.2221029971
   0.0215322092   -2.6382411774   -1.2221029971
   0.1880497771   -2.4849509574   -1.2221029971
   0.3366935118   -2.3142728039   -1.2221029971
  -2.9330568567    0.0318164528   -1.4331774383
  -3.0477916165   -0.1669099805   -1.4331774383
  -3.1386798501   -0.3776125894   -1.4331774383
  -3.2044924501   -0.5974419825   -1.4331774383
  -3.2443394140   -0.8234253444   -1.4331774383
  -3.2576818800   -1.0525066378   -1.4331774383
  -3.2443394140   -1.2815879313   -1.4331774383
  -3.2044924501   -1.5075712932   -1.4331774383
  -3.1386798501   -1.7274006863   -1.4331774383
  -3.0477916165   -1.9381032952   -1.4331774383
  -2.9330568567   -2.1368297285   -1.4331774383
  -2.7960271616   -2.3208925521   -1.4331774383
  -2.6385556227   -2.4878026322   -1.4331774383
  -2.4627717724   -2.6353027961   -1.4331774383
  -2.2710527857   -2.7613983573   -1.4331774383
  -2.0659913331   -2.8643840896   -1.4331774383
  -1.8503605189   -2.9428672875   -1.4331774383
  -1.6270763800   -2.9957866006   -1.4331774383
  -1.3991584512   -3.0224263858   -1.4331774383
  -1.1696889317   -3.0224263858   -1.4331774383
  -0.9417710030   -2.9957866006   -1.4331774383
  -0.7184868640   -2.9428672875   -1.4331774383
  -0.5028560498   -2.8643840896   -1.4331774383
  -0.2977945972   -2.7613983573   -1.4331774383
  -0.1060756106   -2.6353027961   -1.4331774383
   0.0697082397   -2.4878026322   -1.4331774383
   0.2271797787   -2.3208925521   -1.4331774383
   0.3642094738   -2.1368297285   -1.4331774383
  -2.7417834008    0.1202263572   -1.6346262893
  -2.8748525102   -0.0677548048   -1.6346262893
  -2.9838123398   -0.2706638007   -1.6346262893
  -3.0670111698   -0.4854247371   -1.6346262893
  -3.1231877907   -0.7087820571   -1.6346262893
  -3.1514906222   -0.9373498913   -1.6346262893
  -3.1514906222   -1.1676633844   -1.6346262893
  -3.1231877907   -1.3962312186   -1.6346262893
  -3.0670111698   -1.6195885386   -1.6346262893
  -2.9838123398   -1.8343494750   -1.6346262893
  -2.8748525102   -2.0372584709   -1.6346262893
  -2.7417834008   -2.2252396329   -1.6346262893
  -2.5866222038   -2.3954433580   -1.6346262893
  -2.4117210048   -2.5452895314   -1.6346262893
  -2.2197311276   -2.6725066378   -1.6346262893
  -2.0135629430   -2.7751661956   -1.6346262893
  -1.7963417507   -2.8517119904   -1.6346262893
  -1.5713604024   -2.9009836661   -1.6346262893
  -1.3420293860   -2.9222343143   -1.6346262893
  -1.1118251260   -2.9151417967   -1.6346262893
  -0.8842372844   -2.8798136289   -1.6346262893
  -0.6627158607   -2.8167853497   -1.6346262893
  -0.4506188941   -2.7270124037   -1.6346262893
  -0.2511615582   -2.6118556571   -1.6346262893
  -0.0673674230   -2.4730607689   -1.6346262893
   0.0979773797   -2.3127317282   -1.6346262893
   0.2423663914   -2.1332989596   -1.6346262893
   0.3636108217   -1.9374824812   -1.6346262893
  -2.6707901747    0.0112897800   -1.8242424342
  -2.7977829130   -0.1787682839   -1.8242424342
  -2.8988816554   -0.3837762533   -1.8242424342
  -2.9723565744   -0.6002263850   -1.8242424342
  -3.0169504938   -0.8244151572   -1.8242424342
  -3.0319003993   -1.0525066378   -1.8242424342
  -3.0169504938   -1.2805981185   -1.8242424342
  -2.9723565744   -1.5047868907   -1.8242424342
  -2.8988816554   -1.7212370224   -1.8242424342
  -2.7977829130   -1.9262449918   -1.8242424342
  -2.6707901747   -2.1163030557   -1.8242424342
  -2.5200763216   -2.2881592679   -1.8242424342
  -2.3482201093   -2.4388731211   -1.8242424342
  -2.1581620454   -2.5658658594   -1.8242424342
  -1.9531540760   -2.6669646018   -1.8242424342
  -1.7367039443   -2.7404395208   -1.8242424342
  -1.5125151721   -2.7850334402   -1.8242424342
  -1.2844236915   -2.7999833457   -1.8242424342
  -1.0563322108   -2.7850334402   -1.8242424342
  -0.8321434386   -2.7404395208   -1.8242424342
  -0.6156933069   -2.6669646018   -1.8242424342
  -0.4106853376   -2.5658658594   -1.8242424342
  -0.2206272737   -2.4388731211   -1.8242424342
  -0.0487710614   -2.2881592679   -1.8242424342
   0.1019427918   -2.1163030557   -1.8242424342
   0.2289355300   -1.9262449918   -1.8242424342
   0.3300342724   -1.7212370224   -1.8242424342
  -2.3356014417    0.1606171549   -1.9999483990
  -2.4975474842   -0.0013288876   -1.9999483990
  -2.6347978247   -0.1846738778   -1.9999483990
  -2.7445584420   -0.3856854404   -1.9999483990
  -2.8245949265   -0.6002715596   -1.9999483990
  -2.8732779661   -0.8240638808   -1.9999483990
  -2.8896165145   -1.0525066378   -1.9999483990
  -2.8732779661   -1.2809493948   -1.9999483990
  -2.8245949265   -1.5047417161   -1.9999483990
  -2.7445584420   -1.7193278353   -1.9999483990
  -2.6347978247   -1.9203393979   -1.9999483990
  -2.4975474842   -2.1036843880   -1.9999483990
  -2.3356014417   -2.2656304306   -1.9999483990
  -2.1522564515   -2.4028807711   -1.9999483990
  -1.9512448889   -2.5126413884   -1.9999483990
  -1.7366587697   -2.5926778728   -1.9999483990
  -1.5128664485   -2.6413609124   -1.9999483990
  -1.2844236915   -2.6576994609   -1.9999483990
  -1.0559809345   -2.6413609124   -1.9999483990
  -0.8321886132   -2.5926778728   -1.9999483990
  -0.6176024940   -2.5126413884   -1.9999483990
  -0.4165909315   -2.4028807711   -1.9999483990
  -0.2332459413   -2.2656304306   -1.9999483990
  -0.0712998987   -2.1036843880   -1.9999483990
   0.0659504418   -1.9203393979   -1.9999483990
   0.1757110591   -1.7193278353   -1.9999483990
   0.2557475435   -1.5047417161   -1.9999483990
  -2.1339627124    0.1167835113   -2.1598191123
  -2.3064207563   -0.0305095730   -2.1598191123
  -2.4537138406   -0.2029676169   -2.1598191123
  -2.5722151208   -0.3963441310   -2.1598191123
  -2.6590067021   -0.6058775436   -2.1598191123
  -2.7119514877   -0.8264084468   -2.1598191123
  -2.7297458012   -1.0525066378   -2.1598191123
  -2.7119514877   -1.2786048289   -2.1598191123
  -2.6590067021   -1.4991357321   -2.1598191123
  -2.5722151208   -1.7086691447   -2.1598191123
  -2.4537138406   -1.9020456587   -2.1598191123
  -2.3064207563   -2.0745037026   -2.1598191123
  -2.1339627124   -2.2217967870   -2.1598191123
  -1.9405861984   -2.3402980672   -2.1598191123
  -1.7310527857   -2.4270896484   -2.1598191123
  -1.5105218825   -2.4800344340   -2.1598191123
  -1.2844236915   -2.4978287476   -2.1598191123
  -1.0583255004   -2.4800344340   -2.1598191123
  -0.8377945972   -2.4270896484   -2.1598191123
  -0.6282611846   -2.3402980672   -2.1598191123
  -0.4348846706   -2.2217967870   -2.1598191123
  -0.2624266267   -2.0745037026   -2.1598191123
  -0.1151335424   -1.9020456587   -2.1598191123
   0.0033677378   -1.7086691447   -2.1598191123
   0.0901593191   -1.4991357321   -2.1598191123
  -0.6827923870    0.0655116666   -2.3021029971
  -0.8920907264    0.1549700700   -2.3021029971
  -1.7834146170    0.1149406679   -2.3021029971
  -1.9838513933    0.0070810392   -2.3021029971
  -2.1618079878   -0.1348346092   -2.3021029971
  -2.3115647291   -0.3062449918   -2.3021029971
  -2.4283083123   -0.5016408376   -2.3021029971
  -2.5082865026   -0.7147419636   -2.3021029971
  -2.5489287351   -0.9386991240   -2.3021029971
  -2.5489287351   -1.1663141516   -2.3021029971
  -2.5082865026   -1.3902713121   -2.3021029971
  -2.4283083123   -1.6033724380   -2.3021029971
  -2.3115647291   -1.7987682839   -2.3021029971
  -2.1618079878   -1.9701786664   -2.3021029971
  -1.9838513933   -2.1120943149   -2.3021029971
  -1.7834146170   -2.2199539436   -2.3021029971
  -1.5669398618   -2.2902908553   -2.3021029971
  -1.3413848044   -2.3208443638   -2.3021029971
  -1.1139989700   -2.3106324542   -2.3021029971
  -0.8920907264   -2.2599833457   -2.3021029971
  -0.6827923870   -2.1705249423   -2.3021029971
  -0.4928309728   -2.0451325106   -2.3021029971
  -0.3283119999   -1.8878362667   -2.3021029971
  -0.1945232435   -1.7036918412   -2.3021029971
  -0.0957647842   -1.4986177874   -2.3021029971
  -0.0352108003   -1.2792053543   -2.3021029971
  -0.2044236915   -1.0525066378   -2.4252411615
  -0.2280242827   -0.8279620118   -2.4252411615
  -0.2977945972   -0.6132310633   -2.4252411615
  -0.4106853376   -0.4176985654   -2.4252411615
  -0.5617626366   -0.2499102263   -2.4252411615
  -0.7444236915   -0.1171992017   -2.4252411615
  -0.9506853376   -0.0253656002   -2.4252411615
  -1.1715329512    0.0215770092   -2.4252411615
  -1.3973144318    0.0215770092   -2.4252411615
  -1.6181620454   -0.0253656002   -2.4252411615
  -1.8244236915   -0.1171992017   -2.4252411615
  -2.0070847463   -0.2499102263   -2.4252411615
  -2.1581620454   -0.4176985654   -2.4252411615
  -2.2710527857   -0.6132310633   -2.4252411615
  -2.3408231003   -0.8279620118   -2.4252411615
  -2.3644236915   -1.0525066378   -2.4252411615
  -2.3408231003   -1.2770512639   -2.4252411615
  -2.2710527857   -1.4917822124   -2.4252411615
  -2.1581620454   -1.6873147103   -2.4252411615
  -2.0070847463   -1.8551030493   -2.4252411615
  -1.8244236915   -1.9878140739   -2.4252411615
  -1.6181620454   -2.0796476754   -2.4252411615
  -1.3973144318   -2.1265902848   -2.4252411615
  -1.1715329512   -2.1265902848   -2.4252411615
  -0.9506853376   -2.0796476754   -2.4252411615
  -0.7444236915   -1.9878140739   -2.4252411615
  -0.5617626366   -1.8551030493   -2.4252411615
  -0.4106853376   -1.6873147103   -2.4252411615
  -0.2977945972   -1.4917822124   -2.4252411615
  -0.2280242827   -1.2770512639   -2.4252411615
  -0.4058725424   -1.0525066378   -2.5278844778
  -0.4358084469   -0.8251208684   -2.5278844778
  -0.5235760779   -0.6132310633   -2.5278844778
  -0.6631942164   -0.4312771627   -2.5278844778
  -0.8451481170   -0.2916590242   -2.5278844778
  -1.0570379220   -0.2038913933   -2.5278844778
  -1.2844236915   -0.1739554888   -2.5278844778
  -1.5118094609   -0.2038913933   -2.5278844778
  -1.7236992660   -0.2916590242   -2.5278844778
  -1.9056531666   -0.4312771627   -2.5278844778
  -2.0452713051   -0.6132310633   -2.5278844778
  -2.1330389361   -0.8251208684   -2.5278844778
  -2.1629748405   -1.0525066378   -2.5278844778
  -2.1330389361   -1.2798924073   -2.5278844778
  -2.0452713051   -1.4917822124   -2.5278844778
  -1.9056531666   -1.6737361129   -2.5278844778
  -1.7236992660   -1.8133542514   -2.5278844778
  -1.5118094609   -1.9011218824   -2.5278844778
  -1.2844236915   -1.9310577869   -2.5278844778
  -1.0570379220   -1.9011218824   -2.5278844778
  -0.8451481170   -1.8133542514   -2.5278844778
  -0.6631942164   -1.6737361129   -2.5278844778
  -0.5235760779   -1.4917822124   -2.5278844778
  -0.4358084469   -1.2798924073   -2.5278844778
  -0.6169469836   -1.0525066378   -2.6089083645
  -0.6572007546   -0.8242161585   -2.6089083645
  -0.7731068685   -0.6234608803   -2.6089083645
  -0.9506853376   -0.4744548524   -2.6089083645
  -1.1685175775   -0.3951704010   -2.6089083645
  -1.4003298054   -0.3951704010   -2.6089083645
  -1.6181620454   -0.4744548524   -2.6089083645
  -1.7957405144   -0.6234608803   -2.6089083645
  -1.9116466284   -0.8242161585   -2.6089083645
  -1.9519003993   -1.0525066378   -2.6089083645
  -1.9116466284   -1.2807971171   -2.6089083645
  -1.7957405144   -1.4815523954   -2.6089083645
  -1.6181620454   -1.6305584233   -2.6089083645
  -1.4003298054   -1.7098428747   -2.6089083645
  -1.1685175775   -1.7098428747   -2.6089083645
  -0.9506853376   -1.6305584233   -2.6089083645
  -0.7731068685   -1.4815523954   -2.6089083645
  -0.6572007546   -1.2807971171   -2.6089083645
  -0.8353344393   -1.0525066378   -2.6674251069
  -0.8955009905   -0.8279620118   -2.6674251069
  -1.0598790654   -0.6635839369   -2.6674251069
  -1.2844236915   -0.6034173857   -2.6674251069
  -1.5089683176   -0.6635839369   -2.6674251069
  -1.6733463924   -0.8279620118   -2.6674251069
  -1.7335129436   -1.0525066378   -2.6674251069
  -1.6733463924   -1.2770512639   -2.6674251069
  -1.5089683176   -1.4414293388   -2.6674251069
  -1.2844236915   -1.5015958900   -2.6674251069
  -1.0598790654   -1.4414293388   -2.6674251069
  -0.8955009905   -1.2770512639   -2.6674251069
  -1.0586422108   -1.0525066378   -2.7027935833
  -1.1715329512   -0.8569741399   -2.7027935833
  -1.3973144318   -0.8569741399   -2.7027935833
  -1.5102051721   -1.0525066378   -2.7027935833
  -1.3973144318   -1.2480391358   -2.7027935833
  -1.1715329512   -1.2480391358   -2.7027935833
  -1.2844236915   -1.0525066378   -2.7146262893
   0.6371731675   -0.1996587632    2.2784967351
   3.1485220335   -0.0020884873    0.0035607189
   3.1485220335   -0.0020884873   -0.2248324770
   3.1376669568    0.2257876176   -0.2248324770
   3.1376669568   -0.2299645923   -0.2248324770
   3.1268118800   -0.0020884873   -0.4521914909
   3.1160551085    0.2237239363   -0.4521914909
   3.1160551085   -0.2279009110   -0.4521914909
   3.0835881835   -0.0020884873   -0.6764573243
   3.0726999321    0.2230155403   -0.6764573243
   3.0401368388    0.4460178323   -0.6764573243
   3.0401368388   -0.4501948070   -0.6764573243
   3.0726999321   -0.2271925150   -0.6764573243
   3.0192423844   -0.0020884873   -0.8955989910
   3.0079721732    0.2237315844   -0.8955989910
   2.9742735479    0.4473073548   -0.8955989910
   2.9184814206    0.6664168274   -0.8955989910
   2.9184814206   -0.6705938021   -0.8955989910
   2.9742735479   -0.4514843295   -0.8955989910
   3.0079721732   -0.2279085591   -0.8955989910
   2.9343572083   -0.0020884873   -1.1076319103
   2.9223978661    0.2261093557   -1.1076319103
   2.8866508686    0.4518070155   -1.1076319103
   2.8275078674    0.6725317011   -1.1076319103
   2.7456168454    0.8858651068   -1.1076319103
   2.8275078674   -0.6767086758   -1.1076319103
   2.8866508686   -0.4559839902   -1.1076319103
   2.9223978661   -0.2302863304   -1.1076319103
   0.8637660279    2.0733242397   -1.3106358791
   0.6387148111    2.0733242397   -1.3106358791
   0.6375683090    1.9495862770   -1.5027724620
   0.6375683090   -1.9537632516   -1.5027724620
   0.4113683825   -1.7837600993   -1.6823016405
   0.6373510393   -1.8123083478   -1.6823016405
   0.8651297997   -1.8123083478   -1.6823016405
   2.9239526396    0.0652336927   -1.1726395596
   2.9104763439    0.2923181809   -1.1726395596
   2.8702366346    0.5162149006   -1.1726395596
   2.8037983890    0.7337808327   -1.1726395596
   2.7120942543    0.9419618285   -1.1726395596
   2.5964115557    1.1378354830   -1.1726395596
   2.8702366346   -0.3857475152   -1.1726395596
   2.9104763439   -0.1618507955   -1.1726395596
   2.9099536779    0.0652336927   -1.4040699857
   2.8960567843    0.2949767304   -1.4040699857
   2.8545687517    0.5213695973   -1.4040699857
   2.7860945690    0.7411109756   -1.4040699857
   2.6916327438    0.9509965411   -1.4040699857
   2.5725607425    1.1479656898   -1.4040699857
   2.4306149028    1.3291461678   -1.4040699857
   2.2678651147    1.4918959559   -1.4040699857
   2.0866846367    1.6338417956   -1.4040699857
   1.8897154880    1.7529137969   -1.4040699857
   2.4306149028   -1.1986787824   -1.4040699857
   2.5725607425   -1.0174983044   -1.4040699857
   2.6916327438   -0.8205291557   -1.4040699857
   2.7860945690   -0.6106435902   -1.4040699857
   2.8545687517   -0.3909022119   -1.4040699857
   2.8960567843   -0.1645093450   -1.4040699857
   2.8681609291    0.0652336927   -1.6321256350
   2.8540311804    0.2943230628   -1.6321256350
   2.8118561268    0.5199396716   -1.6321256350
   2.7422750993    0.7386634013   -1.6321256350
   2.6463428753    0.9471786230   -1.6321256350
   2.5255136894    1.1423244586   -1.6321256350
   2.3816191891    1.3211426962   -1.6321256350
   2.2168406681    1.4809226334   -1.6321256350
   2.0336760010    1.6192421693   -1.6321256350
   1.8349017774    1.7340045209   -1.6321256350
   1.6235312118    1.8234700077   -1.6321256350
   1.4027684667    1.8862824242   -1.6321256350
   1.1759600802    1.9214895982   -1.6321256350
   0.9465442362    1.9285578249   -1.6321256350
   0.7179986450    1.9073799571   -1.6321256350
   0.4937878250    1.8582770297   -1.6321256350
   1.8349017774   -1.6035371355   -1.6321256350
   2.0336760010   -1.4887747839   -1.6321256350
   2.2168406681   -1.3504552480   -1.6321256350
   2.3816191891   -1.1906753108   -1.6321256350
   2.5255136894   -1.0118570732   -1.6321256350
   2.6463428753   -0.8167112376   -1.6321256350
   2.7422750993   -0.6081960159   -1.6321256350
   2.8118561268   -0.3894722862   -1.6321256350
   2.8540311804   -0.1638556774   -1.6321256350
   2.7991838256    0.0652336927   -1.8534809427
   2.7844450023    0.2948027613   -1.8534809427
   2.7404705437    0.5206023122   -1.8534809427
   2.6679825092    0.7389247229   -1.8534809427
   2.5681711501    0.9461851455   -1.8534809427
   2.4426753664    1.1389803697   -1.8534809427
   2.2935557953    1.3141447031   -1.8534809427
   2.1232609760    1.4688019522   -1.8534809427
   1.9345871448    1.6004126493   -1.8534809427
   1.7306323207    1.7068157504   -1.8534809427
   1.5147454364    1.7862641194   -1.8534809427
   1.2904713484    1.8374532165   -1.8534809427
   1.0614926312    1.8595425180   -1.8534809427
   0.8315691089    1.8521693181   -1.8534809427
   0.6044761194    1.8154546847   -1.8534809427
   0.3839425234    1.7500014710   -1.8534809427
   0.3839425234   -1.6195340856   -1.8534809427
   0.6044761194   -1.6849872993   -1.8534809427
   0.8315691089   -1.7217019327   -1.8534809427
   1.0614926312   -1.7290751326   -1.8534809427
   1.2904713484   -1.7069858311   -1.8534809427
   1.5147454364   -1.6557967341   -1.8534809427
   1.7306323207   -1.5763483650   -1.8534809427
   1.9345871448   -1.4699452639   -1.8534809427
   2.1232609760   -1.3383345668   -1.8534809427
   2.2935557953   -1.1836773177   -1.8534809427
   2.4426753664   -1.0085129843   -1.8534809427
   2.5681711501   -0.8157177602   -1.8534809427
   2.6679825092   -0.6084573375   -1.8534809427
   2.7404705437   -0.3901349268   -1.8534809427
   2.7844450023   -0.1643353759   -1.8534809427
   2.7040282089    0.0652336927   -2.0649080499
   2.6881936133    0.2967272862   -2.0649080499
   2.6409847950    0.5239085920   -2.0649080499
   2.5632811651    0.7425456523   -2.0649080499
   2.4565301952    0.9485656723   -2.0649080499
   2.3227204537    1.1381308889   -2.0649080499
   2.1643445631    1.3077100607   -2.0649080499
   1.9843527665    1.4541442486   -2.0649080499
   1.7860979705    1.5747056608   -2.0649080499
   1.5732732869    1.6671484663   -2.0649080499
   1.3498432368    1.7297506304   -2.0649080499
   1.1199698993    1.7613459934   -2.0649080499
   0.8879353799    1.7613459934   -2.0649080499
   0.6580620424    1.7297506304   -2.0649080499
   0.4346319923    1.6671484663   -2.0649080499
   0.2218073087    1.5747056608   -2.0649080499
   0.2218073087   -1.4442382754   -2.0649080499
   0.4346319923   -1.5366810809   -2.0649080499
   0.6580620424   -1.5992832450   -2.0649080499
   0.8879353799   -1.6308786080   -2.0649080499
   1.1199698993   -1.6308786080   -2.0649080499
   1.3498432368   -1.5992832450   -2.0649080499
   1.5732732869   -1.5366810809   -2.0649080499
   1.7860979705   -1.4442382754   -2.0649080499
   1.9843527665   -1.3236768632   -2.0649080499
   2.1643445631   -1.1772426753   -2.0649080499
   2.3227204537   -1.0076635035   -2.0649080499
   2.4565301952   -0.8180982869   -2.0649080499
   2.5632811651   -0.6120782669   -2.0649080499
   2.6409847950   -0.3934412066   -2.0649080499
   2.6881936133   -0.1662599008   -2.0649080499
   2.5840816621    0.0652336927   -2.2633238733
   2.5672428087    0.2953023235   -2.2633238733
   2.5170851395    0.5204674410   -2.2633238733
   2.4346776780    0.7359300414   -2.2633238733
   2.3217767964    0.9370979136   -2.2633238733
   2.1807887807    1.1196835136   -2.2633238733
   2.0147185459    1.2797953463   -2.2633238733
   1.8271055906    1.4140209061   -2.2633238733
   1.6219485593    1.5194994081   -2.2633238733
   1.4036200179    1.5939827612   -2.2633238733
   1.1767732602    1.6358834821   -2.2633238733
   0.9462431310    1.6443085296   -2.2633238733
   0.7169429798    1.6190783384   -2.2633238733
   0.4937599412    1.5607306463   -2.2633238733
   0.2814507742    1.4705090331   -2.2633238733
   0.0845404801    1.3503364157   -2.2633238733
  -0.0927741400    1.2027740650   -2.2633238733
   0.0845404801   -1.2198690304   -2.2633238733
   0.2814507742   -1.3400416477   -2.2633238733
   0.4937599412   -1.4302632609   -2.2633238733
   0.7169429798   -1.4886109530   -2.2633238733
   0.9462431310   -1.5138411442   -2.2633238733
   1.1767732602   -1.5054160967   -2.2633238733
   1.4036200179   -1.4635153758   -2.2633238733
   1.6219485593   -1.3890320227   -2.2633238733
   1.8271055906   -1.2835535207   -2.2633238733
   2.0147185459   -1.1493279609   -2.2633238733
   2.1807887807   -0.9892161282   -2.2633238733
   2.3217767964   -0.8066305282   -2.2633238733
   2.4346776780   -0.6054626560   -2.2633238733
   2.5170851395   -0.3900000556   -2.2633238733
   2.5672428087   -0.1648349382   -2.2633238733
   2.4410932761    0.0652336927   -2.4458350634
   2.4224826823    0.2957672630   -2.4458350634
   2.3671329055    0.5203301349   -2.4458350634
   2.2764774759    0.7331062480   -2.4458350634
   2.1528643214    0.9285848127   -2.4458350634
   1.9994949579    1.1017030369   -2.4458350634
   1.8203415713    1.2479772495   -2.4458350634
   1.6200441402    1.3636190253   -2.4458350634
   1.4037902628    1.4456333030   -2.4458350634
   1.1771808010    1.4918959559   -2.4458350634
   0.9460848208    1.5012088055   -2.4458350634
   0.7164875867    1.4733306540   -2.4458350634
   0.4943355465    1.4089835308   -2.4458350634
   0.2853823214    1.3098339927   -2.4458350634
   0.0950396900    1.1784499606   -2.4458350634
  -0.0717625734    1.0182342118   -2.4458350634
  -0.2107043779    0.8333362502   -2.4458350634
  -0.3181872036    0.6285448359   -2.4458350634
  -0.3914273019    0.4091639588   -2.4458350634
  -0.4285277926    0.1808754685   -2.4458350634
  -0.4285277926   -0.0504080831   -2.4458350634
  -0.3914273019   -0.2786965734   -2.4458350634
  -0.3181872036   -0.4980774505   -2.4458350634
  -0.2107043779   -0.7028688648   -2.4458350634
  -0.0717625734   -0.8877668264   -2.4458350634
   0.0950396900   -1.0479825752   -2.4458350634
   0.2853823214   -1.1793666073   -2.4458350634
   0.4943355465   -1.2785161454   -2.4458350634
   0.7164875867   -1.3428632686   -2.4458350634
   0.9460848208   -1.3707414201   -2.4458350634
   1.1771808010   -1.3614285705   -2.4458350634
   1.4037902628   -1.3151659176   -2.4458350634
   1.6200441402   -1.2331516399   -2.4458350634
   1.8203415713   -1.1175098642   -2.4458350634
   1.9994949579   -0.9712356515   -2.4458350634
   2.1528643214   -0.7981174273   -2.4458350634
   2.2764774759   -0.6026388626   -2.4458350634
   2.3671329055   -0.3898627495   -2.4458350634
   2.4224826823   -0.1652998776   -2.4458350634
   2.2771481434    0.0652336927   -2.6097801961
   2.2566873679    0.2925715283   -2.6097801961
   2.1959626674    0.5126025389   -2.6097801961
   2.0969257839    0.7182547466   -2.6097801961
   1.9627598442    0.9029183204   -2.6097801961
   1.7977770520    1.0606580209   -2.6097801961
   1.6072800901    1.1864039645   -2.6097801961
   1.3973916874    1.2761145731   -2.6097801961
   1.1748578301    1.3269064739   -2.6097801961
   0.9468309393    1.3371471734   -2.6097801961
   0.7206399870    1.3065075270   -2.6097801961
   0.5035549364    1.2359723183   -2.6097801961
   0.3025530797    1.1278086069   -2.6097801961
   0.1240947821    0.9854928635   -2.6097801961
  -0.0260841602    0.8135992331   -2.6097801961
  -0.1431568721    0.6176525185   -2.6097801961
  -0.2233605405    0.4039506083   -2.6097801961
  -0.2641173534    0.1793620578   -2.6097801961
  -0.2641173534   -0.0488946724   -2.6097801961
  -0.2233605405   -0.2734832229   -2.6097801961
  -0.1431568721   -0.4871851331   -2.6097801961
  -0.0260841602   -0.6831318477   -2.6097801961
   0.1240947821   -0.8550254781   -2.6097801961
   0.3025530797   -0.9973412216   -2.6097801961
   0.5035549364   -1.1055049330   -2.6097801961
   0.7206399870   -1.1760401416   -2.6097801961
   0.9468309393   -1.2066797880   -2.6097801961
   1.1748578301   -1.1964390885   -2.6097801961
   1.3973916874   -1.1456471877   -2.6097801961
   1.6072800901   -1.0559365792   -2.6097801961
   1.7977770520   -0.9301906355   -2.6097801961
   1.9627598442   -0.7724509350   -2.6097801961
   2.0969257839   -0.5877873612   -2.6097801961
   2.1959626674   -0.3821351535   -2.6097801961
   2.2566873679   -0.1621041429   -2.6097801961
   2.0946369533    0.0652336927   -2.7527685821
   2.0708028842    0.2919997125   -2.7527685821
   2.0003423401    0.5088549691   -2.7527685821
   1.8863347849    0.7063218472   -2.7527685821
   1.7337628958    0.8757700967   -2.7527685821
   1.5492947965    1.0097940159   -2.7527685821
   1.3409926280    1.1025361165   -2.7527685821
   1.1179601948    1.1499431236   -2.7527685821
   0.8899450844    1.1499431236   -2.7527685821
   0.6669126512    1.1025361165   -2.7527685821
   0.4586104827    1.0097940159   -2.7527685821
   0.2741423834    0.8757700967   -2.7527685821
   0.1215704943    0.7063218472   -2.7527685821
   0.0075629391    0.5088549691   -2.7527685821
  -0.0628976050    0.2919997125   -2.7527685821
  -0.0867316741    0.0652336927   -2.7527685821
  -0.0628976050   -0.1615323271   -2.7527685821
   0.0075629391   -0.3783875837   -2.7527685821
   0.1215704943   -0.5758544618   -2.7527685821
   0.2741423834   -0.7453027113   -2.7527685821
   0.4586104827   -0.8793266305   -2.7527685821
   0.6669126512   -0.9720687311   -2.7527685821
   0.8899450844   -1.0194757382   -2.7527685821
   1.1179601948   -1.0194757382   -2.7527685821
   1.3409926280   -0.9720687311   -2.7527685821
   1.5492947965   -0.8793266305   -2.7527685821
   1.7337628958   -0.7453027113   -2.7527685821
   1.8863347849   -0.5758544618   -2.7527685821
   2.0003423401   -0.3783875837   -2.7527685821
   2.0708028842   -0.1615323271   -2.7527685821
   1.8962211299    0.0652336927   -2.8727151288
   1.8658178184    0.2961697713   -2.8727151288
   1.7766798192    0.5113679379   -2.8727151288
   1.6348817397    0.6961627928   -2.8727151288
   1.4500868848    0.8379608723   -2.8727151288
   1.2348887182    0.9270988715   -2.8727151288
   1.0039526396    0.9575021830   -2.8727151288
   0.7730165610    0.9270988715   -2.8727151288
   0.5578183944    0.8379608723   -2.8727151288
   0.3730235395    0.6961627928   -2.8727151288
   0.2312254600    0.5113679379   -2.8727151288
   0.1420874608    0.2961697713   -2.8727151288
   0.1116841493    0.0652336927   -2.8727151288
   0.1420874608   -0.1657023859   -2.8727151288
   0.2312254600   -0.3809005525   -2.8727151288
   0.3730235395   -0.5656954075   -2.8727151288
   0.5578183944   -0.7074934869   -2.8727151288
   0.7730165610   -0.7966314861   -2.8727151288
   1.0039526396   -0.8270347976   -2.8727151288
   1.2348887182   -0.7966314861   -2.8727151288
   1.4500868848   -0.7074934869   -2.8727151288
   1.6348817397   -0.5656954075   -2.8727151288
   1.7766798192   -0.3809005525   -2.8727151288
   1.8658178184   -0.1657023859   -2.8727151288
   1.6847940227    0.0652336927   -2.9678707455
   1.6437342632    0.2980951601   -2.9678707455
   1.5255073978    0.5028700979   -2.9678707455
   1.3443733312    0.6548596264   -2.9678707455
   1.1221795051    0.7357315654   -2.9678707455
   0.8857257741    0.7357315654   -2.9678707455
   0.6635319480    0.6548596264   -2.9678707455
   0.4823978814    0.5028700979   -2.9678707455
   0.3641710160    0.2980951601   -2.9678707455
   0.3231112565    0.0652336927   -2.9678707455
   0.3641710160   -0.1676277747   -2.9678707455
   0.4823978814   -0.3724027125   -2.9678707455
   0.6635319480   -0.5243922410   -2.9678707455
   0.8857257741   -0.6052641800   -2.9678707455
   1.1221795051   -0.6052641800   -2.9678707455
   1.3443733312   -0.5243922410   -2.9678707455
   1.5255073978   -0.3724027125   -2.9678707455
   1.6437342632   -0.1676277747   -2.9678707455
   1.4634387150    0.0652336927   -3.0368478490
   1.4018792536    0.2949767304   -3.0368478490
   1.2336956773    0.4631603067   -3.0368478490
   1.0039526396    0.5247197681   -3.0368478490
   0.7742096019    0.4631603067   -3.0368478490
   0.6060260256    0.2949767304   -3.0368478490
   0.5444665642    0.0652336927   -3.0368478490
   0.6060260256   -0.1645093450   -3.0368478490
   0.7742096019   -0.3326929213   -3.0368478490
   1.0039526396   -0.3942523827   -3.0368478490
   1.2336956773   -0.3326929213   -3.0368478490
   1.4018792536   -0.1645093450   -3.0368478490
   1.2353830657    0.0652336927   -3.0786405978
   1.1196678526    0.2656583209   -3.0786405978
   0.8882374266    0.2656583209   -3.0786405978
   0.7725222135    0.0652336927   -3.0786405978
   0.8882374266   -0.1351909355   -3.0786405978
   1.1196678526   -0.1351909355   -3.0786405978
   1.0039526396    0.0652336927   -3.0926395596
   1.2842995597    1.0524608032    2.7150088012
   1.5100810404    1.0524608032    2.7031760952
   1.3971903001    1.2479933011    2.7031760952
   1.1714088194    1.2479933011    2.7031760952
   1.0585180791    1.0524608032    2.7031760952
   1.1714088194    0.8569283052    2.7031760952
   1.3971903001    0.8569283052    2.7031760952
   1.7333888119    1.0524608032    2.6678076188
   1.6732222607    1.2770054292    2.6678076188
   1.5088441858    1.4413835041    2.6678076188
   1.2842995597    1.5015500553    2.6678076188
   1.0597549337    1.4413835041    2.6678076188
   0.8953768588    1.2770054292    2.6678076188
   0.8352103076    1.0524608032    2.6678076188
   0.8953768588    0.8279161771    2.6678076188
   1.0597549337    0.6635381022    2.6678076188
   1.2842995597    0.6033715510    2.6678076188
   1.5088441858    0.6635381022    2.6678076188
   1.6732222607    0.8279161771    2.6678076188
   1.9517762676    1.0524608032    2.6092908764
   1.9115224966    1.2807512824    2.6092908764
   1.7956163827    1.4815065607    2.6092908764
   1.6180379137    1.6305125886    2.6092908764
   1.4002056737    1.7097970400    2.6092908764
   1.1683934458    1.7097970400    2.6092908764
   0.9505612058    1.6305125886    2.6092908764
   0.7729827368    1.4815065607    2.6092908764
   0.6570766228    1.2807512824    2.6092908764
   0.6168228519    1.0524608032    2.6092908764
   0.6570766228    0.8241703239    2.6092908764
   0.7729827368    0.6234150456    2.6092908764
   0.9505612058    0.4744090177    2.6092908764
   1.1683934458    0.3951245663    2.6092908764
   1.4002056737    0.3951245663    2.6092908764
   1.6180379137    0.4744090177    2.6092908764
   1.7956163827    0.6234150456    2.6092908764
   1.9115224966    0.8241703239    2.6092908764
   2.1628507088    1.0524608032    2.5282669898
   2.1329148043    1.2798465726    2.5282669898
   2.0451471733    1.4917363777    2.5282669898
   1.9055290348    1.6736902783    2.5282669898
   1.7235751343    1.8133084168    2.5282669898
   1.5116853292    1.9010760477    2.5282669898
   1.2842995597    1.9310119522    2.5282669898
   1.0569137903    1.9010760477    2.5282669898
   0.8450239852    1.8133084168    2.5282669898
   0.6630700846    1.6736902783    2.5282669898
   0.5234519461    1.4917363777    2.5282669898
   0.4356843152    1.2798465726    2.5282669898
   0.4057484107    1.0524608032    2.5282669898
   0.4356843152    0.8250750337    2.5282669898
   0.5234519461    0.6131852286    2.5282669898
   0.6630700846    0.4312313281    2.5282669898
   0.8450239852    0.2916131896    2.5282669898
   1.0569137903    0.2038455586    2.5282669898
   1.2842995597    0.1739096541    2.5282669898
   1.5116853292    0.2038455586    2.5282669898
   1.7235751343    0.2916131896    2.5282669898
   1.9055290348    0.4312313281    2.5282669898
   2.0451471733    0.6131852286    2.5282669898
   2.1329148043    0.8250750337    2.5282669898
   2.3642995597    1.0524608032    2.4256236734
   2.3406989685    1.2770054292    2.4256236734
   2.2709286540    1.4917363777    2.4256236734
   2.1580379137    1.6872688756    2.4256236734
   2.0069606146    1.8550572147    2.4256236734
   1.8242995597    1.9877682392    2.4256236734
   1.6180379137    2.0796018408    2.4256236734
   1.3971903001    2.1265444502    2.4256236734
   1.1714088194    2.1265444502    2.4256236734
   0.9505612058    2.0796018408    2.4256236734
   0.7442995597    1.9877682392    2.4256236734
   0.5616385049    1.8550572147    2.4256236734
   0.4105612058    1.6872688756    2.4256236734
   0.2976704655    1.4917363777    2.4256236734
   0.2279001509    1.2770054292    2.4256236734
   0.2042995597    1.0524608032    2.4256236734
   0.2279001509    0.8279161771    2.4256236734
   0.2976704655    0.6131852286    2.4256236734
   0.4105612058    0.4176527307    2.4256236734
   0.5616385049    0.2498643916    2.4256236734
   0.7442995597    0.1171533671    2.4256236734
   0.9505612058    0.0253197656    2.4256236734
   1.1714088194   -0.0216228438    2.4256236734
   1.3971903001   -0.0216228438    2.4256236734
   1.6180379137    0.0253197656    2.4256236734
   1.8242995597    0.1171533671    2.4256236734
   2.0069606146    0.2498643916    2.4256236734
   2.1580379137    0.4176527307    2.4256236734
   2.2709286540    0.6131852286    2.4256236734
   2.3406989685    0.8279161771    2.4256236734
   2.5539157047    1.0524608032    2.3024855091
   2.5335124509    1.2791595196    2.3024855091
   2.4729584670    1.4985719527    2.3024855091
   2.3742000077    1.7036460065    2.3024855091
   2.2404112513    1.8877904320    2.3024855091
   2.0758922784    2.0450866759    2.3024855091
   1.8859308642    2.1704791076    2.3024855091
   1.6766325249    2.2599375110    2.3024855091
   1.4547242812    2.3105866195    2.3024855091
   1.2273384468    2.3207985291    2.3024855091
   1.0017833894    2.2902450206    2.3024855091
   0.7853086342    2.2199081089    2.3024855091
   0.5848718579    2.1120484802    2.3024855091
   0.4069152634    1.9701328318    2.3024855091
   0.2571585221    1.7987224492    2.3024855091
   0.1404149389    1.6033266034    2.3024855091
   0.0604367487    1.3902254774    2.3024855091
   0.0197945161    1.1662683170    2.3024855091
   0.5848718579   -0.0071268739    2.3024855091
   0.7853086342   -0.1149865026    2.3024855091
   1.6766325249   -0.1550159047    2.3024855091
   1.8859308642   -0.0655575013    2.3024855091
   2.0758922784    0.0598349304    2.3024855091
   2.2404112513    0.2171311743    2.3024855091
   2.3742000077    0.4012755998    2.3024855091
   2.4729584670    0.6063496536    2.3024855091
   2.5335124509    0.8257620867    2.3024855091
   2.7296216695    1.0524608032    2.1602016243
   2.7118273559    1.2785589942    2.1602016243
   2.6588825703    1.4990898974    2.1602016243
   2.5720909891    1.7086233100    2.1602016243
   2.4535897089    1.9019998241    2.1602016243
   2.3062966245    2.0744578680    2.1602016243
   2.1338385806    2.2217509523    2.1602016243
   1.9404620666    2.3402522325    2.1602016243
   1.7309286540    2.4270438138    2.1602016243
   1.5103977508    2.4799885994    2.1602016243
   1.2842995597    2.4977829129    2.1602016243
   1.0582013687    2.4799885994    2.1602016243
   0.8376704655    2.4270438138    2.1602016243
   0.6281370529    2.3402522325    2.1602016243
   0.4347605388    2.2217509523    2.1602016243
   0.2623024949    2.0744578680    2.1602016243
   0.1150094106    1.9019998241    2.1602016243
  -0.0034918696    1.7086233100    2.1602016243
  -0.0902834509    1.4990898974    2.1602016243
   2.1338385806   -0.1168293460    2.1602016243
   2.3062966245    0.0304637384    2.1602016243
   2.4535897089    0.2029217822    2.1602016243
   2.5720909891    0.3962982963    2.1602016243
   2.6588825703    0.6058317089    2.1602016243
   2.7118273559    0.8263626121    2.1602016243
   2.8894923828    1.0524608032    2.0003309110
   2.8731538343    1.2809035602    2.0003309110
   2.8244707947    1.5046958814    2.0003309110
   2.7444343103    1.7192820006    2.0003309110
   2.6346736930    1.9202935632    2.0003309110
   2.4974233525    2.1036385534    2.0003309110
   2.3354773099    2.2655845959    2.0003309110
   2.1521323198    2.4028349364    2.0003309110
   1.9511207572    2.5125955537    2.0003309110
   1.7365346380    2.5926320382    2.0003309110
   1.5127423167    2.6413150778    2.0003309110
   1.2842995597    2.6576536262    2.0003309110
   1.0558568027    2.6413150778    2.0003309110
   0.8320644815    2.5926320382    2.0003309110
   0.6174783623    2.5125955537    2.0003309110
   0.4164667997    2.4028349364    2.0003309110
   0.2331218095    2.2655845959    2.0003309110
   0.0711757670    2.1036385534    2.0003309110
  -0.0660745735    1.9202935632    2.0003309110
  -0.1758351908    1.7192820006    2.0003309110
  -0.2558716753    1.5046958814    2.0003309110
   2.3354773099   -0.1606629896    2.0003309110
   2.4974233525    0.0012830529    2.0003309110
   2.6346736930    0.1846280431    2.0003309110
   2.7444343103    0.3856396057    2.0003309110
   2.8244707947    0.6002257249    2.0003309110
   2.8731538343    0.8240180462    2.0003309110
   3.0317762676    1.0524608032    1.8246249462
   3.0168263621    1.2805522838    1.8246249462
   2.9722324427    1.5047410560    1.8246249462
   2.8987575237    1.7211911877    1.8246249462
   2.7976587813    1.9261991571    1.8246249462
   2.6706660430    2.1162572210    1.8246249462
   2.5199521898    2.2881134332    1.8246249462
   2.3480959776    2.4388272864    1.8246249462
   2.1580379137    2.5658200247    1.8246249462
   1.9530299443    2.6669187671    1.8246249462
   1.7365798126    2.7403936861    1.8246249462
   1.5123910404    2.7849876055    1.8246249462
   1.2842995597    2.7999375110    1.8246249462
   1.0562080791    2.7849876055    1.8246249462
   0.8320193069    2.7403936861    1.8246249462
   0.6155691752    2.6669187671    1.8246249462
   0.4105612058    2.5658200247    1.8246249462
   0.2205031419    2.4388272864    1.8246249462
   0.0486469296    2.2881134332    1.8246249462
  -0.1020669235    2.1162572210    1.8246249462
  -0.2290596618    1.9261991571    1.8246249462
  -0.3301584042    1.7211911877    1.8246249462
   2.6706660430   -0.0113356147    1.8246249462
   2.7976587813    0.1787224492    1.8246249462
   2.8987575237    0.3837304186    1.8246249462
   2.9722324427    0.6001805503    1.8246249462
   3.0168263621    0.8243693225    1.8246249462
   3.1549144319    1.0524608032    1.6350088012
   3.1407361246    1.2823374673    1.6350088012
   3.0984161313    1.5087294355    1.6350088012
   3.0285959799    1.7282048364    1.6350088012
   2.9323340729    1.9374366465    1.6350088012
   2.8110896426    2.1332531249    1.6350088012
   2.6667006310    2.3126858935    1.6350088012
   2.5013558282    2.4730149343    1.6350088012
   2.3175616930    2.6118098224    1.6350088012
   2.1181043571    2.7269665690    1.6350088012
   1.9060073905    2.8167395150    1.6350088012
   1.6844859668    2.8797677942    1.6350088012
   1.4568981252    2.9150959621    1.6350088012
   1.2266938652    2.9221884796    1.6350088012
   0.9973628488    2.9009378314    1.6350088012
   0.7723815005    2.8516661557    1.6350088012
   0.5551603082    2.7751203609    1.6350088012
   0.3489921236    2.6724608032    1.6350088012
   0.1570022464    2.5452436968    1.6350088012
  -0.0178989526    2.3953975234    1.6350088012
  -0.1730601496    2.2251937982    1.6350088012
  -0.3061292589    2.0372126362    1.6350088012
  -0.4150890886    1.8343036403    1.6350088012
   2.8110896426   -0.0283315186    1.6350088012
   2.9323340729    0.1674849598    1.6350088012
   3.0285959799    0.3767167699    1.6350088012
   3.0984161313    0.5961921708    1.6350088012
   3.1407361246    0.8225841390    1.6350088012
   3.2575577482    1.0524608032    1.4335599503
   3.2442152823    1.2815420966    1.4335599503
   3.2043683184    1.5075254585    1.4335599503
   3.1385557184    1.7273548516    1.4335599503
   3.0476674848    1.9380574605    1.4335599503
   2.9329327250    2.1367838938    1.4335599503
   2.7959030299    2.3208467174    1.4335599503
   2.6384314910    2.4877567975    1.4335599503
   2.4626476406    2.6352569615    1.4335599503
   2.2709286540    2.7613525226    1.4335599503
   2.0658672014    2.8643382549    1.4335599503
   1.8502363872    2.9428214528    1.4335599503
   1.6269522482    2.9957407659    1.4335599503
   1.3990343195    3.0223805511    1.4335599503
   1.1695648000    3.0223805511    1.4335599503
   0.9416468712    2.9957407659    1.4335599503
   0.7183627323    2.9428214528    1.4335599503
   0.5027319181    2.8643382549    1.4335599503
   0.2976704655    2.7613525226    1.4335599503
   0.1059514788    2.6352569615    1.4335599503
  -0.0698323715    2.4877567975    1.4335599503
  -0.2273039104    2.3208467174    1.4335599503
  -0.3643336055    2.1367838938    1.4335599503
   2.9329327250   -0.0318622875    1.4335599503
   3.0476674848    0.1668641458    1.4335599503
   3.1385557184    0.3775667547    1.4335599503
   3.2043683184    0.5973961478    1.4335599503
   3.2442152823    0.8233795097    1.4335599503
   3.3385816349    1.0524608032    1.2224855091
   3.3261135341    1.2784487197    1.2224855091
   3.2888605776    1.5016934490    1.2224855091
   3.2272749658    1.7194851026    1.2224855091
   3.1421042645    1.9291799847    1.2224855091
   3.0343823308    2.1282326836    1.2224855091
   2.9054167630    2.3142269692    1.2224855091
   2.7567730284    2.4849051227    1.2224855091
   2.5902554605    2.6381953427    1.2224855091
   2.4078853570    2.7722368934    1.2224855091
   2.2118764441    2.8854026921    1.2224855091
   2.0046080043    2.9763190592    1.2224855091
   1.7885959957    3.0438823932    1.2224855091
   1.5664625115    3.0872725667    1.2224855091
   1.3409039514    3.1059628819    1.2224855091
   1.1146582905    3.0997264636    1.2224855091
   0.8904718449    3.0686390134    1.2224855091
   0.6710659343    3.0130778910    1.2224855091
   0.4591038492    2.9337175331    1.2224855091
   0.2571585221    2.8315212668    1.2224855091
   0.0676812959    2.7077296165    1.2224855091
  -0.1070278327    2.5638452452    1.2224855091
  -0.2648481315    2.4016147140    1.2224855091
   3.0343823308   -0.0233110773    1.2224855091
   3.1421042645    0.1757416216    1.2224855091
   3.2272749658    0.3854365037    1.2224855091
   3.2888605776    0.6032281573    1.2224855091
   3.3261135341    0.8264728866    1.2224855091
   3.3970983773    1.0524608032    1.0040980534
   3.3847130601    1.2808945374    1.0040980534
   3.3477023151    1.5066500951    1.0040980534
   3.2865000593    1.7270806985    1.0040980534
   3.2018238333    1.9396020005    1.0040980534
   3.0946663884    2.1417223830    1.0040980534
   2.9662840476    2.3310721695    1.0040980534
   2.8181819766    2.5054314067    1.0040980534
   2.6520965367    2.6627558920    1.0040980534
   2.4699749279    2.8012011398    1.0040980534
   2.2739523594    2.9191440060    1.0040980534
   2.0663270167    3.0152017184    1.0040980534
   1.8495331170    3.0882480880    1.0040980534
   1.6261123708    3.1374267131    1.0040980534
   1.3986841818    3.1621610193    1.0040980534
   1.1699149377    3.1621610193    1.0040980534
   0.9424867487    3.1374267131    1.0040980534
   0.7190660024    3.0882480880    1.0040980534
   0.5022721028    3.0152017184    1.0040980534
   0.2946467601    2.9191440060    1.0040980534
   0.0986241916    2.8012011398    1.0040980534
  -0.0834974173    2.6627558920    1.0040980534
  -0.2495828572    2.5054314067    1.0040980534
   3.0946663884   -0.0368007767    1.0040980534
   3.2018238333    0.1653196059    1.0040980534
   3.2865000593    0.3778409078    1.0040980534
   3.3477023151    0.5982715113    1.0040980534
   3.3847130601    0.8240270689    1.0040980534
   3.4324668537    1.0524608032    0.7807902819
   3.4202970568    1.2807969926    0.7807902819
   3.3839255548    1.5065460418    0.7807902819
   3.3237644512    1.7271501237    0.7807902819
   3.2404953956    1.9401097061    0.7807902819
   3.1350618594    2.1430118717    0.7807902819
   3.0086584468    2.3335576580    0.7807902819
   2.8627173591    2.5095881050    0.7807902819
   2.6988921670    2.6691087174    0.7807902819
   2.5190390754    2.8103120630    0.7807902819
   2.3251958917    2.9315982513    0.7807902819
   2.1195589366    3.0315930616    0.7807902819
   1.9044581590    3.1091635125    0.7807902819
   1.6823307368    3.1634306999    0.7807902819
   1.4556934622    3.1937797549    0.7807902819
   1.2271142262    3.1998668106    0.7807902819
   0.9991829229    3.1816228981    0.7807902819
   0.7744821051    3.1392547283    0.7807902819
   0.5555577227    3.0732423495    0.7807902819
   0.3448902765    2.9843337083    0.7807902819
   0.1448667129    2.8735361751    0.7807902819
  -0.0422466213    2.7421051304    0.7807902819
   3.1350618594   -0.0380902654    0.7807902819
   3.2404953956    0.1648119002    0.7807902819
   3.3237644512    0.3777714826    0.7807902819
   3.3839255548    0.5983755646    0.7807902819
   3.4202970568    0.8241246137    0.7807902819
   3.4442995597    1.0524608032    0.5550088012
   3.4324668537    1.2782422838    0.5550088012
   3.3970983773    1.5015500553    0.5550088012
   3.3385816349    1.7199375110    0.5550088012
   3.2575577482    1.9310119522    0.5550088012
   3.1549144319    2.1324608032    0.5550088012
   3.0317762676    2.3220769481    0.5550088012
   2.8894923828    2.4977829129    0.5550088012
   2.7296216695    2.6576536262    0.5550088012
   2.5539157047    2.7999375110    0.5550088012
   2.3642995597    2.9230756753    0.5550088012
   2.1628507088    3.0257189917    0.5550088012
   1.9517762676    3.1067428784    0.5550088012
   1.7333888119    3.1652596207    0.5550088012
   1.5100810404    3.2006280972    0.5550088012
   1.2842995597    3.2124608032    0.5550088012
   1.0585180791    3.2006280972    0.5550088012
   0.8352103076    3.1652596207    0.5550088012
   0.6168228519    3.1067428784    0.5550088012
   0.4057484107    3.0257189917    0.5550088012
   0.2042995597    2.9230756753    0.5550088012
   0.0146834148    2.7999375110    0.5550088012
   3.1549144319   -0.0275391968    0.5550088012
   3.2575577482    0.1739096541    0.5550088012
   3.3385816349    0.3849840953    0.5550088012
   3.3970983773    0.6033715510    0.5550088012
   3.4324668537    0.8266793225    0.5550088012
   3.4324668537    1.0524608032    0.3292273206
   3.4202970568    1.2807969926    0.3292273206
   3.3839255548    1.5065460418    0.3292273206
   3.3237644512    1.7271501237    0.3292273206
   3.2404953956    1.9401097061    0.3292273206
   3.1350618594    2.1430118717    0.3292273206
   3.0086584468    2.3335576580    0.3292273206
   2.8627173591    2.5095881050    0.3292273206
   2.6988921670    2.6691087174    0.3292273206
   2.5190390754    2.8103120630    0.3292273206
   2.3251958917    2.9315982513    0.3292273206
   2.1195589366    3.0315930616    0.3292273206
   1.9044581590    3.1091635125    0.3292273206
   1.6823307368    3.1634306999    0.3292273206
   1.4556934622    3.1937797549    0.3292273206
   1.2271142262    3.1998668106    0.3292273206
   0.9991829229    3.1816228981    0.3292273206
   0.7744821051    3.1392547283    0.3292273206
   0.5555577227    3.0732423495    0.3292273206
   0.3448902765    2.9843337083    0.3292273206
   0.1448667129    2.8735361751    0.3292273206
   3.1350618594   -0.0380902654    0.3292273206
   3.2404953956    0.1648119002    0.3292273206
   3.3237644512    0.3777714826    0.3292273206
   3.3839255548    0.5983755646    0.3292273206
   3.4202970568    0.8241246137    0.3292273206
   3.3970983773    1.0524608032    0.1059195491
   3.3847130601    1.2808945374    0.1059195491
   3.3477023151    1.5066500951    0.1059195491
   3.2865000593    1.7270806985    0.1059195491
   3.2018238333    1.9396020005    0.1059195491
   3.0946663884    2.1417223830    0.1059195491
   2.9662840476    2.3310721695    0.1059195491
   2.8181819766    2.5054314067    0.1059195491
   2.6520965367    2.6627558920    0.1059195491
   2.4699749279    2.8012011398    0.1059195491
   2.2739523594    2.9191440060    0.1059195491
   2.0663270167    3.0152017184    0.1059195491
   1.8495331170    3.0882480880    0.1059195491
   1.6261123708    3.1374267131    0.1059195491
   1.3986841818    3.1621610193    0.1059195491
   1.1699149377    3.1621610193    0.1059195491
   0.9424867487    3.1374267131    0.1059195491
   0.7190660024    3.0882480880    0.1059195491
   0.5022721028    3.0152017184    0.1059195491
   0.2946467601    2.9191440060    0.1059195491
   0.0986241916    2.8012011398    0.1059195491
   3.2018238333    0.1653196059    0.1059195491
   3.2865000593    0.3778409078    0.1059195491
   3.3477023151    0.5982715113    0.1059195491
   3.3847130601    0.8240270689    0.1059195491
   3.3385816349    1.0524608032   -0.1124679066
   3.3261135341    1.2784487197   -0.1124679066
   3.2888605776    1.5016934490   -0.1124679066
   3.2272749658    1.7194851026   -0.1124679066
   3.1421042645    1.9291799847   -0.1124679066
   3.0343823308    2.1282326836   -0.1124679066
   2.9054167630    2.3142269692   -0.1124679066
   2.7567730284    2.4849051227   -0.1124679066
   2.5902554605    2.6381953427   -0.1124679066
   2.4078853570    2.7722368934   -0.1124679066
   2.2118764441    2.8854026921   -0.1124679066
   2.0046080043    2.9763190592   -0.1124679066
   1.7885959957    3.0438823932   -0.1124679066
   1.5664625115    3.0872725667   -0.1124679066
   1.3409039514    3.1059628819   -0.1124679066
   1.1146582905    3.0997264636   -0.1124679066
   0.8904718449    3.0686390134   -0.1124679066
   0.6710659343    3.0130778910   -0.1124679066
   0.4591038492    2.9337175331   -0.1124679066
   0.2571585221    2.8315212668   -0.1124679066
   3.2272749658    0.3854365037   -0.1124679066
   3.2888605776    0.6032281573   -0.1124679066
   3.3261135341    0.8264728866   -0.1124679066
   3.2575577482    1.0524608032   -0.3235423478
   3.2442152823    1.2815420966   -0.3235423478
   3.2043683184    1.5075254585   -0.3235423478
   3.1385557184    1.7273548516   -0.3235423478
   3.0476674848    1.9380574605   -0.3235423478
   2.9329327250    2.1367838938   -0.3235423478
   2.7959030299    2.3208467174   -0.3235423478
   2.6384314910    2.4877567975   -0.3235423478
   2.4626476406    2.6352569615   -0.3235423478
   2.2709286540    2.7613525226   -0.3235423478
   2.0658672014    2.8643382549   -0.3235423478
   1.8502363872    2.9428214528   -0.3235423478
   1.6269522482    2.9957407659   -0.3235423478
   1.3990343195    3.0223805511   -0.3235423478
   1.1695648000    3.0223805511   -0.3235423478
   0.9416468712    2.9957407659   -0.3235423478
   0.7183627323    2.9428214528   -0.3235423478
   0.5027319181    2.8643382549   -0.3235423478
   0.2976704655    2.7613525226   -0.3235423478
   3.1385557184    0.3775667547   -0.3235423478
   3.2043683184    0.5973961478   -0.3235423478
   3.2442152823    0.8233795097   -0.3235423478
   3.1549144319    1.0524608032   -0.5249911988
   3.1407361246    1.2823374673   -0.5249911988
   3.0984161313    1.5087294355   -0.5249911988
   3.0285959799    1.7282048364   -0.5249911988
   2.9323340729    1.9374366465   -0.5249911988
   2.8110896426    2.1332531249   -0.5249911988
   2.6667006310    2.3126858935   -0.5249911988
   2.5013558282    2.4730149343   -0.5249911988
   2.3175616930    2.6118098224   -0.5249911988
   2.1181043571    2.7269665690   -0.5249911988
   1.9060073905    2.8167395150   -0.5249911988
   1.6844859668    2.8797677942   -0.5249911988
   1.4568981252    2.9150959621   -0.5249911988
   1.2266938652    2.9221884796   -0.5249911988
   0.9973628488    2.9009378314   -0.5249911988
   0.7723815005    2.8516661557   -0.5249911988
   0.5551603082    2.7751203609   -0.5249911988
   0.3489921236    2.6724608032   -0.5249911988
   3.0984161313    0.5961921708   -0.5249911988
   3.1407361246    0.8225841390   -0.5249911988
   3.0317762676    1.0524608032   -0.7146073437
   3.0168263621    1.2805522838   -0.7146073437
   2.9722324427    1.5047410560   -0.7146073437
   2.8987575237    1.7211911877   -0.7146073437
   2.7976587813    1.9261991571   -0.7146073437
   2.6706660430    2.1162572210   -0.7146073437
   2.5199521898    2.2881134332   -0.7146073437
   2.3480959776    2.4388272864   -0.7146073437
   2.1580379137    2.5658200247   -0.7146073437
   1.9530299443    2.6669187671   -0.7146073437
   1.7365798126    2.7403936861   -0.7146073437
   1.5123910404    2.7849876055   -0.7146073437
   1.2842995597    2.7999375110   -0.7146073437
   1.0562080791    2.7849876055   -0.7146073437
   0.8320193069    2.7403936861   -0.7146073437
   0.6155691752    2.6669187671   -0.7146073437
   0.4105612058    2.5658200247   -0.7146073437
   3.0168263621    0.8243693225   -0.7146073437
   2.8894923828    1.0524608032   -0.8903133085
   2.8731538343    1.2809035602   -0.8903133085
   2.8244707947    1.5046958814   -0.8903133085
   2.7444343103    1.7192820006   -0.8903133085
   2.6346736930    1.9202935632   -0.8903133085
   2.4974233525    2.1036385534   -0.8903133085
   2.3354773099    2.2655845959   -0.8903133085
   2.1521323198    2.4028349364   -0.8903133085
   1.9511207572    2.5125955537   -0.8903133085
   1.7365346380    2.5926320382   -0.8903133085
   1.5127423167    2.6413150778   -0.8903133085
   1.2842995597    2.6576536262   -0.8903133085
   1.0558568027    2.6413150778   -0.8903133085
   0.8320644815    2.5926320382   -0.8903133085
   0.6174783623    2.5125955537   -0.8903133085
   2.8731538343    0.8240180462   -0.8903133085
   2.7296216695    1.0524608032   -1.0501840218
   2.7118273559    1.2785589942   -1.0501840218
   2.6588825703    1.4990898974   -1.0501840218
   2.5720909891    1.7086233100   -1.0501840218
   2.4535897089    1.9019998241   -1.0501840218
   2.3062966245    2.0744578680   -1.0501840218
   2.1338385806    2.2217509523   -1.0501840218
   1.9404620666    2.3402522325   -1.0501840218
   1.7309286540    2.4270438138   -1.0501840218
   1.5103977508    2.4799885994   -1.0501840218
   1.2842995597    2.4977829129   -1.0501840218
   1.0582013687    2.4799885994   -1.0501840218
   0.8376704655    2.4270438138   -1.0501840218
   0.6281370529    2.3402522325   -1.0501840218
   2.5335124509    1.2791595196   -1.1924679066
   2.4729584670    1.4985719527   -1.1924679066
   2.3742000077    1.7036460065   -1.1924679066
   2.2404112513    1.8877904320   -1.1924679066
   2.0758922784    2.0450866759   -1.1924679066
   1.8859308642    2.1704791076   -1.1924679066
   1.6766325249    2.2599375110   -1.1924679066
   1.4547242812    2.3105866195   -1.1924679066
   1.2273384468    2.3207985291   -1.1924679066
   1.0017833894    2.2902450206   -1.1924679066
   0.7853086342    2.2199081089   -1.1924679066
   2.1580379137    1.6872688756   -1.3156060709
   2.0069606146    1.8550572147   -1.3156060709
   1.8242995597    1.9877682392   -1.3156060709
   1.6180379137    2.0796018408   -1.3156060709
   1.3971903001    2.1265444502   -1.3156060709
   1.1714088194    2.1265444502   -1.3156060709
   0.9505612058    2.0796018408   -1.3156060709
   1.5116853292    1.9010760477   -1.4182493873
   1.2567879697   -1.1482106479    2.5689281412
   1.4825694504   -1.1482106479    2.5570954352
   1.3696787100   -0.9526781499    2.5570954352
   1.1438972294   -0.9526781499    2.5570954352
   1.0310064891   -1.1482106479    2.5570954352
   1.1438972294   -1.3437431458    2.5570954352
   1.3696787100   -1.3437431458    2.5570954352
   1.7058772219   -1.1482106479    2.5217269588
   1.6457106707   -0.9236660218    2.5217269588
   1.4813325958   -0.7592879469    2.5217269588
   1.2567879697   -0.6991213957    2.5217269588
   1.0322433436   -0.7592879469    2.5217269588
   0.8678652688   -0.9236660218    2.5217269588
   0.8076987176   -1.1482106479    2.5217269588
   0.8678652688   -1.3727552740    2.5217269588
   1.0322433436   -1.5371333488    2.5217269588
   1.2567879697   -1.5972999000    2.5217269588
   1.4813325958   -1.5371333488    2.5217269588
   1.6457106707   -1.3727552740    2.5217269588
   1.9242646776   -1.1482106479    2.4632102164
   1.8840109066   -0.9199201686    2.4632102164
   1.7681047927   -0.7191648903    2.4632102164
   1.5905263236   -0.5701588624    2.4632102164
   1.3726940837   -0.4908744110    2.4632102164
   1.1408818558   -0.4908744110    2.4632102164
   0.9230496158   -0.5701588624    2.4632102164
   0.7454711468   -0.7191648903    2.4632102164
   0.6295650328   -0.9199201686    2.4632102164
   0.5893112619   -1.1482106479    2.4632102164
   0.6295650328   -1.3765011272    2.4632102164
   0.7454711468   -1.5772564054    2.4632102164
   0.9230496158   -1.7262624333    2.4632102164
   1.1408818558   -1.8055468847    2.4632102164
   1.3726940837   -1.8055468847    2.4632102164
   1.5905263236   -1.7262624333    2.4632102164
   1.7681047927   -1.5772564054    2.4632102164
   1.8840109066   -1.3765011272    2.4632102164
   2.1353391188   -1.1482106479    2.3821863297
   2.1054032143   -0.9208248784    2.3821863297
   2.0176355833   -0.7089350734    2.3821863297
   1.8780174448   -0.5269811728    2.3821863297
   1.6960635442   -0.3873630343    2.3821863297
   1.4841737392   -0.2995954033    2.3821863297
   1.2567879697   -0.2696594988    2.3821863297
   1.0294022003   -0.2995954033    2.3821863297
   0.8175123952   -0.3873630343    2.3821863297
   0.6355584946   -0.5269811728    2.3821863297
   0.4959403561   -0.7089350734    2.3821863297
   0.4081727251   -0.9208248784    2.3821863297
   0.3782368207   -1.1482106479    2.3821863297
   0.4081727251   -1.3755964173    2.3821863297
   0.4959403561   -1.5874862224    2.3821863297
   0.6355584946   -1.7694401230    2.3821863297
   0.8175123952   -1.9090582615    2.3821863297
   1.0294022003   -1.9968258925    2.3821863297
   1.2567879697   -2.0267617969    2.3821863297
   1.4841737392   -1.9968258925    2.3821863297
   1.6960635442   -1.9090582615    2.3821863297
   1.8780174448   -1.7694401230    2.3821863297
   2.0176355833   -1.5874862224    2.3821863297
   2.1054032143   -1.3755964173    2.3821863297
   2.3367879697   -1.1482106479    2.2795430133
   2.3131873785   -0.9236660218    2.2795430133
   2.2434170640   -0.7089350734    2.2795430133
   2.1305263236   -0.5134025754    2.2795430133
   1.9794490246   -0.3456142364    2.2795430133
   1.7967879697   -0.2129032118    2.2795430133
   0.1767879697   -1.1482106479    2.2795430133
   0.2003885609   -1.3727552740    2.2795430133
   0.2701588755   -1.5874862224    2.2795430133
   0.3830496158   -1.7830187204    2.2795430133
   0.5341269149   -1.9508070594    2.2795430133
   0.7167879697   -2.0835180840    2.2795430133
   0.9230496158   -2.1753516855    2.2795430133
   1.1438972294   -2.2222942949    2.2795430133
   1.3696787100   -2.2222942949    2.2795430133
   1.5905263236   -2.1753516855    2.2795430133
   1.7967879697   -2.0835180840    2.2795430133
   1.9794490246   -1.9508070594    2.2795430133
   2.1305263236   -1.7830187204    2.2795430133
   2.2434170640   -1.5874862224    2.2795430133
   2.3131873785   -1.3727552740    2.2795430133
   2.5264041147   -1.1482106479    2.1564048490
   2.5060008609   -0.9215119315    2.1564048490
   2.4454468770   -0.7020994983    2.1564048490
   2.3466884177   -0.4970254446    2.1564048490
   2.2128996613   -0.3128810190    2.1564048490
   0.0329251586   -1.4859753222    2.1564048490
   0.1129033489   -1.6990764481    2.1564048490
   0.2296469321   -1.8944722940    2.1564048490
   0.3794036734   -2.0658826765    2.1564048490
   0.5573602679   -2.2077983249    2.1564048490
   0.7577970442   -2.3156579536    2.1564048490
   0.9742717994   -2.3859948653    2.1564048490
   1.1998268568   -2.4165483739    2.1564048490
   1.4272126912   -2.4063364643    2.1564048490
   1.6491209348   -2.3556873557    2.1564048490
   1.8584192742   -2.2662289523    2.1564048490
   2.0483806884   -2.1408365207    2.1564048490
   2.2128996613   -1.9835402767    2.1564048490
   2.3466884177   -1.7993958512    2.1564048490
   2.4454468770   -1.5943217975    2.1564048490
   2.5060008609   -1.3749093643    2.1564048490
   2.7021100795   -1.1482106479    2.0141209642
   2.6843157659   -0.9221124568    2.0141209642
   2.6313709803   -0.7015815536    2.0141209642
   2.5445793990   -0.4920481410    2.0141209642
   2.4260781188   -0.2986716270    2.0141209642
  -0.1177950409   -1.5948397421    2.0141209642
  -0.0310034596   -1.8043731548    2.0141209642
   0.0874978206   -1.9977496688    2.0141209642
   0.2347909049   -2.1702077127    2.0141209642
   0.4072489488   -2.3175007970    2.0141209642
   0.6006254628   -2.4360020772    2.0141209642
   0.8101588755   -2.5227936585    2.0141209642
   1.0306897787   -2.5757384441    2.0141209642
   1.2567879697   -2.5935327576    2.0141209642
   1.4828861608   -2.5757384441    2.0141209642
   1.7034170640   -2.5227936585    2.0141209642
   1.9129504766   -2.4360020772    2.0141209642
   2.1063269906   -2.3175007970    2.0141209642
   2.2787850345   -2.1702077127    2.0141209642
   2.4260781188   -1.9977496688    2.0141209642
   2.5445793990   -1.8043731548    2.0141209642
   2.6313709803   -1.5948397421    2.0141209642
   2.6843157659   -1.3743088389    2.0141209642
   2.8619807928   -1.1482106479    1.8542502509
   2.8456422443   -0.9197678909    1.8542502509
   2.7969592047   -0.6959755696    1.8542502509
   2.7169227203   -0.4813894504    1.8542502509
   2.6071621030   -0.2803778879    1.8542502509
  -0.2033467808   -1.8150318453    1.8542502509
  -0.0935861635   -2.0160434079    1.8542502509
   0.0436641770   -2.1993883981    1.8542502509
   0.2056102195   -2.3613344406    1.8542502509
   0.3889552097   -2.4985847811    1.8542502509
   0.5899667723   -2.6083453984    1.8542502509
   0.8045528915   -2.6883818829    1.8542502509
   1.0283452127   -2.7370649225    1.8542502509
   1.2567879697   -2.7534034709    1.8542502509
   1.4852307267   -2.7370649225    1.8542502509
   1.7090230480   -2.6883818829    1.8542502509
   1.9236091672   -2.6083453984    1.8542502509
   2.1246207297   -2.4985847811    1.8542502509
   2.3079657199   -2.3613344406    1.8542502509
   2.4699117625   -2.1993883981    1.8542502509
   2.6071621030   -2.0160434079    1.8542502509
   2.7169227203   -1.8150318453    1.8542502509
   2.7969592047   -1.6004457261    1.8542502509
   2.8456422443   -1.3766534049    1.8542502509
   3.0042646776   -1.1482106479    1.6785442861
   2.9893147721   -0.9201191672    1.6785442861
   2.9447208527   -0.6959303950    1.6785442861
   2.8712459336   -0.4794802633    1.6785442861
   2.7701471912   -0.2744722940    1.6785442861
  -0.3576699942   -1.8169410324    1.6785442861
  -0.2565712518   -2.0219490018    1.6785442861
  -0.1295785135   -2.2120070657    1.6785442861
   0.0211353396   -2.3838632780    1.6785442861
   0.1929915519   -2.5345771311    1.6785442861
   0.3830496158   -2.6615698694    1.6785442861
   0.5880575852   -2.7626686118    1.6785442861
   0.8045077169   -2.8361435308    1.6785442861
   1.0286964891   -2.8807374502    1.6785442861
   1.2567879697   -2.8956873557    1.6785442861
   1.4848794504   -2.8807374502    1.6785442861
   1.7090682226   -2.8361435308    1.6785442861
   1.9255183543   -2.7626686118    1.6785442861
   2.1305263236   -2.6615698694    1.6785442861
   2.3205843876   -2.5345771311    1.6785442861
   2.4924405998   -2.3838632780    1.6785442861
   2.6431544530   -2.2120070657    1.6785442861
   2.7701471912   -2.0219490018    1.6785442861
   2.8712459336   -1.8169410324    1.6785442861
   2.9447208527   -1.6004909007    1.6785442861
   2.9893147721   -1.3763021285    1.6785442861
   3.1274028419   -1.1482106479    1.4889281412
   3.1132245346   -0.9183339837    1.4889281412
   3.0709045413   -0.6919420155    1.4889281412
   3.0010843899   -0.4724666147    1.4889281412
   2.9048224829   -0.2632348045    1.4889281412
  -0.3336408490   -2.1329624809    1.4889281412
  -0.2005717396   -2.3209436429    1.4889281412
  -0.0454105426   -2.4911473681    1.4889281412
   0.1294906564   -2.6409935415    1.4889281412
   0.3214805336   -2.7682106479    1.4889281412
   0.5276487182   -2.8708702056    1.4889281412
   0.7448699105   -2.9474160004    1.4889281412
   0.9698512588   -2.9966876761    1.4889281412
   1.1991822752   -3.0179383243    1.4889281412
   1.4293865352   -3.0108458068    1.4889281412
   1.6569743768   -2.9755176389    1.4889281412
   1.8784958005   -2.9124893598    1.4889281412
   2.0905927671   -2.8227164137    1.4889281412
   2.2900501030   -2.7075596672    1.4889281412
   2.4738442382   -2.5687647790    1.4889281412
   2.6391890409   -2.4084357382    1.4889281412
   2.7835780526   -2.2290029697    1.4889281412
   2.9048224829   -2.0331864912    1.4889281412
   3.0010843899   -1.8239546811    1.4889281412
   3.0709045413   -1.6044792802    1.4889281412
   3.1132245346   -1.3780873120    1.4889281412
   3.2300461582   -1.1482106479    1.2874792902
   3.2167036923   -0.9191293545    1.2874792902
   3.1768567284   -0.6931459925    1.2874792902
   3.1110441284   -0.4733165994    1.2874792902
   3.0201558948   -0.2626139906    1.2874792902
  -0.3918451955   -2.2325337385    1.2874792902
  -0.2548155004   -2.4165965622    1.2874792902
  -0.0973439615   -2.5835066422    1.2874792902
   0.0784398888   -2.7310068062    1.2874792902
   0.2701588755   -2.8571023674    1.2874792902
   0.4752203281   -2.9600880996    1.2874792902
   0.6908511423   -3.0385712976    1.2874792902
   0.9141352812   -3.0914906106    1.2874792902
   1.1420532100   -3.1181303958    1.2874792902
   1.3715227295   -3.1181303958    1.2874792902
   1.5994406582   -3.0914906106    1.2874792902
   1.8227247972   -3.0385712976    1.2874792902
   2.0383556114   -2.9600880996    1.2874792902
   2.2434170640   -2.8571023674    1.2874792902
   2.4351360506   -2.7310068062    1.2874792902
   2.6109199009   -2.5835066422    1.2874792902
   2.7683914399   -2.4165965622    1.2874792902
   2.9054211350   -2.2325337385    1.2874792902
   3.0201558948   -2.0338073052    1.2874792902
   3.1110441284   -1.8231046963    1.2874792902
   3.1768567284   -1.6032753032    1.2874792902
   3.2167036923   -1.3772919413    1.2874792902
   3.3110700449   -1.1482106479    1.0764048490
   3.2986019441   -0.9222227314    1.0764048490
   3.2613489876   -0.6989780020    1.0764048490
   3.1997633758   -0.4811863485    1.0764048490
   3.1145926745   -0.2714914663    1.0764048490
  -0.4313754659   -2.3187571267    1.0764048490
  -0.2923597215   -2.4973645587    1.0764048490
  -0.1345394227   -2.6595950899    1.0764048490
   0.0401697059   -2.8034794613    1.0764048490
   0.2296469321   -2.9272711115    1.0764048490
   0.4315922592   -3.0294673778    1.0764048490
   0.6435543443   -3.1088277357    1.0764048490
   0.8629602549   -3.1643888581    1.0764048490
   1.0871467005   -3.1954763083    1.0764048490
   1.3133923613   -3.2017127266    1.0764048490
   1.5389509215   -3.1830224114    1.0764048490
   1.7610844057   -3.1396322379    1.0764048490
   1.9770964142   -3.0720689039    1.0764048490
   2.1843648541   -2.9811525368    1.0764048490
   2.3803737670   -2.8679867381    1.0764048490
   2.5627438704   -2.7339451874    1.0764048490
   2.7292614383   -2.5806549675    1.0764048490
   2.8779051730   -2.4099768139    1.0764048490
   3.0068707408   -2.2239825284    1.0764048490
   3.1145926745   -2.0249298294    1.0764048490
   3.1997633758   -1.8152349473    1.0764048490
   3.2613489876   -1.5974432937    1.0764048490
   3.2986019441   -1.3741985644    1.0764048490
   3.3695867873   -1.1482106479    0.8580173933
   3.3572014701   -0.9197769136    0.8580173933
   3.3201907251   -0.6940213560    0.8580173933
   3.2589884693   -0.4735907526    0.8580173933
   3.1743122433   -0.2610694506    0.8580173933
  -0.2770944472   -2.6011812514    0.8580173933
  -0.1110090073   -2.7585057368    0.8580173933
   0.0711126016   -2.8969509845    0.8580173933
   0.2671351701   -3.0148938507    0.8580173933
   0.4747605128   -3.1109515631    0.8580173933
   0.6915544124   -3.1839979328    0.8580173933
   0.9149751587   -3.2331765579    0.8580173933
   1.1424033477   -3.2579108640    0.8580173933
   1.3711725918   -3.2579108640    0.8580173933
   1.5986007807   -3.2331765579    0.8580173933
   1.8220215270   -3.1839979328    0.8580173933
   2.0388154267   -3.1109515631    0.8580173933
   2.2464407694   -3.0148938507    0.8580173933
   2.4424633379   -2.8969509845    0.8580173933
   2.6245849467   -2.7585057368    0.8580173933
   2.7906703866   -2.6011812514    0.8580173933
   2.9387724576   -2.4268220142    0.8580173933
   3.0671547984   -2.2374722277    0.8580173933
   3.1743122433   -2.0353518452    0.8580173933
   3.2589884693   -1.8228305432    0.8580173933
   3.3201907251   -1.6023999398    0.8580173933
   3.3572014701   -1.3766443822    0.8580173933
   3.4049552637   -1.1482106479    0.6347096218
   3.3927854668   -0.9198744584    0.6347096218
   3.3564139648   -0.6941254093    0.6347096218
   3.2962528612   -0.4735213273    0.6347096218
   3.2129838055   -0.2605617449    0.6347096218
  -0.2418412472   -2.6872795850    0.6347096218
  -0.0697582113   -2.8378549751    0.6347096218
   0.1173551228   -2.9692860199    0.6347096218
   0.3173786865   -3.0800835530    0.6347096218
   0.5280461327   -3.1689921942    0.6347096218
   0.7469705151   -3.2350045730    0.6347096218
   0.9716713329   -3.2773727428    0.6347096218
   1.1996026362   -3.2956166553    0.6347096218
   1.4281818722   -3.2895295996    0.6347096218
   1.6548191468   -3.2591805447    0.6347096218
   1.8769465690   -3.2049133572    0.6347096218
   2.0920473466   -3.1273429063    0.6347096218
   2.2976843016   -3.0273480961    0.6347096218
   2.4915274853   -2.9060619077    0.6347096218
   2.6713805770   -2.7648585621    0.6347096218
   2.8352057691   -2.6053379497    0.6347096218
   2.9811468568   -2.4293075027    0.6347096218
   3.1075502694   -2.2387617164    0.6347096218
   3.2129838055   -2.0358595508    0.6347096218
   3.2962528612   -1.8228999685    0.6347096218
   3.3564139648   -1.6022958865    0.6347096218
   3.3927854668   -1.3765468373    0.6347096218
   3.4167879697   -1.1482106479    0.4089281412
   3.4049552637   -0.9224291672    0.4089281412
   3.3695867873   -0.6991213957    0.4089281412
   3.3110700449   -0.4807339400    0.4089281412
   3.2300461582   -0.2696594988    0.4089281412
   3.1274028419   -0.0682106479    0.4089281412
  -0.1885341400   -2.7534034709    0.4089281412
  -0.0128281752   -2.8956873557    0.4089281412
   0.1767879697   -3.0188255201    0.4089281412
   0.3782368207   -3.1214688364    0.4089281412
   0.5893112619   -3.2024927231    0.4089281412
   0.8076987176   -3.2610094655    0.4089281412
   1.0310064891   -3.2963779419    0.4089281412
   1.2567879697   -3.3082106479    0.4089281412
   1.4825694504   -3.2963779419    0.4089281412
   1.7058772219   -3.2610094655    0.4089281412
   1.9242646776   -3.2024927231    0.4089281412
   2.1353391188   -3.1214688364    0.4089281412
   2.3367879697   -3.0188255201    0.4089281412
   2.5264041147   -2.8956873557    0.4089281412
   2.7021100795   -2.7534034709    0.4089281412
   2.8619807928   -2.5935327576    0.4089281412
   3.0042646776   -2.4178267928    0.4089281412
   3.1274028419   -2.2282106479    0.4089281412
   3.2300461582   -2.0267617969    0.4089281412
   3.3110700449   -1.8156873557    0.4089281412
   3.3695867873   -1.5972999000    0.4089281412
   3.4049552637   -1.3739921285    0.4089281412
   3.4049552637   -1.1482106479    0.1831466605
   3.3927854668   -0.9198744584    0.1831466605
   3.3564139648   -0.6941254093    0.1831466605
   3.2962528612   -0.4735213273    0.1831466605
   3.2129838055   -0.2605617449    0.1831466605
  -0.0697582113   -2.8378549751    0.1831466605
   0.1173551228   -2.9692860199    0.1831466605
   0.3173786865   -3.0800835530    0.1831466605
   0.5280461327   -3.1689921942    0.1831466605
   0.7469705151   -3.2350045730    0.1831466605
   0.9716713329   -3.2773727428    0.1831466605
   1.1996026362   -3.2956166553    0.1831466605
   1.4281818722   -3.2895295996    0.1831466605
   1.6548191468   -3.2591805447    0.1831466605
   1.8769465690   -3.2049133572    0.1831466605
   2.0920473466   -3.1273429063    0.1831466605
   2.2976843016   -3.0273480961    0.1831466605
   2.4915274853   -2.9060619077    0.1831466605
   2.6713805770   -2.7648585621    0.1831466605
   2.8352057691   -2.6053379497    0.1831466605
   2.9811468568   -2.4293075027    0.1831466605
   3.1075502694   -2.2387617164    0.1831466605
   3.2129838055   -2.0358595508    0.1831466605
   3.2962528612   -1.8228999685    0.1831466605
   3.3564139648   -1.6022958865    0.1831466605
   3.3927854668   -1.3765468373    0.1831466605
   3.3695867873   -1.1482106479   -0.0401611110
   3.3572014701   -0.9197769136   -0.0401611110
   3.3201907251   -0.6940213560   -0.0401611110
   3.2589884693   -0.4735907526   -0.0401611110
   3.1743122433   -0.2610694506   -0.0401611110
   0.0711126016   -2.8969509845   -0.0401611110
   0.2671351701   -3.0148938507   -0.0401611110
   0.4747605128   -3.1109515631   -0.0401611110
   0.6915544124   -3.1839979328   -0.0401611110
   0.9149751587   -3.2331765579   -0.0401611110
   1.1424033477   -3.2579108640   -0.0401611110
   1.3711725918   -3.2579108640   -0.0401611110
   1.5986007807   -3.2331765579   -0.0401611110
   1.8220215270   -3.1839979328   -0.0401611110
   2.0388154267   -3.1109515631   -0.0401611110
   2.2464407694   -3.0148938507   -0.0401611110
   2.4424633379   -2.8969509845   -0.0401611110
   2.6245849467   -2.7585057368   -0.0401611110
   2.7906703866   -2.6011812514   -0.0401611110
   2.9387724576   -2.4268220142   -0.0401611110
   3.0671547984   -2.2374722277   -0.0401611110
   3.1743122433   -2.0353518452   -0.0401611110
   3.2589884693   -1.8228305432   -0.0401611110
   3.3201907251   -1.6023999398   -0.0401611110
   3.3572014701   -1.3766443822   -0.0401611110
   3.3110700449   -1.1482106479   -0.2585485667
   3.2986019441   -0.9222227314   -0.2585485667
   3.2613489876   -0.6989780020   -0.2585485667
   3.1997633758   -0.4811863485   -0.2585485667
   0.0401697059   -2.8034794613   -0.2585485667
   0.2296469321   -2.9272711115   -0.2585485667
   0.4315922592   -3.0294673778   -0.2585485667
   0.6435543443   -3.1088277357   -0.2585485667
   0.8629602549   -3.1643888581   -0.2585485667
   1.0871467005   -3.1954763083   -0.2585485667
   1.3133923613   -3.2017127266   -0.2585485667
   1.5389509215   -3.1830224114   -0.2585485667
   1.7610844057   -3.1396322379   -0.2585485667
   1.9770964142   -3.0720689039   -0.2585485667
   2.1843648541   -2.9811525368   -0.2585485667
   2.3803737670   -2.8679867381   -0.2585485667
   2.5627438704   -2.7339451874   -0.2585485667
   2.7292614383   -2.5806549675   -0.2585485667
   2.8779051730   -2.4099768139   -0.2585485667
   3.0068707408   -2.2239825284   -0.2585485667
   3.1145926745   -2.0249298294   -0.2585485667
   3.1997633758   -1.8152349473   -0.2585485667
   3.2613489876   -1.5974432937   -0.2585485667
   3.2986019441   -1.3741985644   -0.2585485667
   3.2300461582   -1.1482106479   -0.4696230079
   3.2167036923   -0.9191293545   -0.4696230079
   3.1768567284   -0.6931459925   -0.4696230079
   3.1110441284   -0.4733165994   -0.4696230079
   0.0784398888   -2.7310068062   -0.4696230079
   0.2701588755   -2.8571023674   -0.4696230079
   0.4752203281   -2.9600880996   -0.4696230079
   0.6908511423   -3.0385712976   -0.4696230079
   0.9141352812   -3.0914906106   -0.4696230079
   1.1420532100   -3.1181303958   -0.4696230079
   1.3715227295   -3.1181303958   -0.4696230079
   1.5994406582   -3.0914906106   -0.4696230079
   1.8227247972   -3.0385712976   -0.4696230079
   2.0383556114   -2.9600880996   -0.4696230079
   2.2434170640   -2.8571023674   -0.4696230079
   2.4351360506   -2.7310068062   -0.4696230079
   2.6109199009   -2.5835066422   -0.4696230079
   2.7683914399   -2.4165965622   -0.4696230079
   2.9054211350   -2.2325337385   -0.4696230079
   3.0201558948   -2.0338073052   -0.4696230079
   3.1110441284   -1.8231046963   -0.4696230079
   3.1768567284   -1.6032753032   -0.4696230079
   3.2167036923   -1.3772919413   -0.4696230079
   3.1274028419   -1.1482106479   -0.6710718588
   3.1132245346   -0.9183339837   -0.6710718588
   3.0709045413   -0.6919420155   -0.6710718588
   0.3214805336   -2.7682106479   -0.6710718588
   0.5276487182   -2.8708702056   -0.6710718588
   0.7448699105   -2.9474160004   -0.6710718588
   0.9698512588   -2.9966876761   -0.6710718588
   1.1991822752   -3.0179383243   -0.6710718588
   1.4293865352   -3.0108458068   -0.6710718588
   1.6569743768   -2.9755176389   -0.6710718588
   1.8784958005   -2.9124893598   -0.6710718588
   2.0905927671   -2.8227164137   -0.6710718588
   2.2900501030   -2.7075596672   -0.6710718588
   2.4738442382   -2.5687647790   -0.6710718588
   2.6391890409   -2.4084357382   -0.6710718588
   2.7835780526   -2.2290029697   -0.6710718588
   2.9048224829   -2.0331864912   -0.6710718588
   3.0010843899   -1.8239546811   -0.6710718588
   3.0709045413   -1.6044792802   -0.6710718588
   3.1132245346   -1.3780873120   -0.6710718588
   3.0042646776   -1.1482106479   -0.8606880038
   2.9893147721   -0.9201191672   -0.8606880038
   2.9447208527   -0.6959303950   -0.8606880038
   0.3830496158   -2.6615698694   -0.8606880038
   0.5880575852   -2.7626686118   -0.8606880038
   0.8045077169   -2.8361435308   -0.8606880038
   1.0286964891   -2.8807374502   -0.8606880038
   1.2567879697   -2.8956873557   -0.8606880038
   1.4848794504   -2.8807374502   -0.8606880038
   1.7090682226   -2.8361435308   -0.8606880038
   1.9255183543   -2.7626686118   -0.8606880038
   2.1305263236   -2.6615698694   -0.8606880038
   2.3205843876   -2.5345771311   -0.8606880038
   2.4924405998   -2.3838632780   -0.8606880038
   2.6431544530   -2.2120070657   -0.8606880038
   2.7701471912   -2.0219490018   -0.8606880038
   2.8712459336   -1.8169410324   -0.8606880038
   2.9447208527   -1.6004909007   -0.8606880038
   2.9893147721   -1.3763021285   -0.8606880038
   2.8619807928   -1.1482106479   -1.0363939686
   2.8456422443   -0.9197678909   -1.0363939686
   0.3889552097   -2.4985847811   -1.0363939686
   0.5899667723   -2.6083453984   -1.0363939686
   0.8045528915   -2.6883818829   -1.0363939686
   1.0283452127   -2.7370649225   -1.0363939686
   1.2567879697   -2.7534034709   -1.0363939686
   1.4852307267   -2.7370649225   -1.0363939686
   1.7090230480   -2.6883818829   -1.0363939686
   1.9236091672   -2.6083453984   -1.0363939686
   2.1246207297   -2.4985847811   -1.0363939686
   2.3079657199   -2.3613344406   -1.0363939686
   2.4699117625   -2.1993883981   -1.0363939686
   2.6071621030   -2.0160434079   -1.0363939686
   2.7169227203   -1.8150318453   -1.0363939686
   2.7969592047   -1.6004457261   -1.0363939686
   2.8456422443   -1.3766534049   -1.0363939686
   2.7021100795   -1.1482106479   -1.1962646819
   2.6843157659   -0.9221124568   -1.1962646819
   0.4072489488   -2.3175007970   -1.1962646819
   0.6006254628   -2.4360020772   -1.1962646819
   0.8101588755   -2.5227936585   -1.1962646819
   1.0306897787   -2.5757384441   -1.1962646819
   1.2567879697   -2.5935327576   -1.1962646819
   1.4828861608   -2.5757384441   -1.1962646819
   1.7034170640   -2.5227936585   -1.1962646819
   1.9129504766   -2.4360020772   -1.1962646819
   2.1063269906   -2.3175007970   -1.1962646819
   2.2787850345   -2.1702077127   -1.1962646819
   2.4260781188   -1.9977496688   -1.1962646819
   2.5445793990   -1.8043731548   -1.1962646819
   2.6313709803   -1.5948397421   -1.1962646819
   2.6843157659   -1.3743088389   -1.1962646819
   2.5264041147   -1.1482106479   -1.3385485667
   0.5573602679   -2.2077983249   -1.3385485667
   0.7577970442   -2.3156579536   -1.3385485667
   0.9742717994   -2.3859948653   -1.3385485667
   1.1998268568   -2.4165483739   -1.3385485667
   1.4272126912   -2.4063364643   -1.3385485667
   1.6491209348   -2.3556873557   -1.3385485667
   1.8584192742   -2.2662289523   -1.3385485667
   2.0483806884   -2.1408365207   -1.3385485667
   2.2128996613   -1.9835402767   -1.3385485667
   2.3466884177   -1.7993958512   -1.3385485667
   2.4454468770   -1.5943217975   -1.3385485667
   2.5060008609   -1.3749093643   -1.3385485667
   0.7167879697   -2.0835180840   -1.4616867310
   0.9230496158   -2.1753516855   -1.4616867310
   1.1438972294   -2.2222942949   -1.4616867310
   1.3696787100   -2.2222942949   -1.4616867310
   1.5905263236   -2.1753516855   -1.4616867310
   1.7967879697   -2.0835180840   -1.4616867310
   1.9794490246   -1.9508070594   -1.4616867310
   2.1305263236   -1.7830187204   -1.4616867310
   2.2434170640   -1.5874862224   -1.4616867310
   2.3131873785   -1.3727552740   -1.4616867310
   1.0294022003   -1.9968258925   -1.5643300473
   1.2567879697   -2.0267617969   -1.5643300473
   1.4841737392   -1.9968258925   -1.5643300473
   1.6960635442   -1.9090582615   -1.5643300473
   1.8780174448   -1.7694401230   -1.5643300473
   2.0176355833   -1.5874862224   -1.5643300473
   1.3726940837   -1.8055468847   -1.6453539340
   1.5905263236   -1.7262624333   -1.6453539340
  -1.0039204113   -0.0648267274    3.3326666415
  -0.7781389307   -0.0648267274    3.3208339355
  -0.8910296710    0.1307057706    3.3208339355
  -1.1168111517    0.1307057706    3.3208339355
  -1.2297018920   -0.0648267274    3.3208339355
  -1.1168111517   -0.2603592253    3.3208339355
  -0.8910296710   -0.2603592253    3.3208339355
  -0.5548311592   -0.0648267274    3.2854654591
  -0.6149977104    0.1597178987    3.2854654591
  -0.7793757853    0.3240959736    3.2854654591
  -1.0039204113    0.3842625248    3.2854654591
  -1.2284650374    0.3240959736    3.2854654591
  -1.3928431123    0.1597178987    3.2854654591
  -1.4530096635   -0.0648267274    3.2854654591
  -1.3928431123   -0.2893713535    3.2854654591
  -1.2284650374   -0.4537494283    3.2854654591
  -1.0039204113   -0.5139159795    3.2854654591
  -0.7793757853   -0.4537494283    3.2854654591
  -0.6149977104   -0.2893713535    3.2854654591
  -0.3364437035   -0.0648267274    3.2269487167
  -0.3766974744    0.1634637519    3.2269487167
  -0.4926035884    0.3642190302    3.2269487167
  -0.6701820574    0.5132250581    3.2269487167
  -0.8880142974    0.5925095095    3.2269487167
  -1.1198265253    0.5925095095    3.2269487167
  -1.3376587653    0.5132250581    3.2269487167
  -1.5152372343    0.3642190302    3.2269487167
  -1.6311433483    0.1634637519    3.2269487167
  -1.6713971192   -0.0648267274    3.2269487167
  -1.6311433483   -0.2931172067    3.2269487167
  -1.5152372343   -0.4938724849    3.2269487167
  -1.3376587653   -0.6428785128    3.2269487167
  -1.1198265253   -0.7221629642    3.2269487167
  -0.8880142974   -0.7221629642    3.2269487167
  -0.6701820574   -0.6428785128    3.2269487167
  -0.4926035884   -0.4938724849    3.2269487167
  -0.3766974744   -0.2931172067    3.2269487167
  -0.1253692623   -0.0648267274    3.1459248300
  -0.1553051668    0.1625590421    3.1459248300
  -0.2430727978    0.3744488472    3.1459248300
  -0.3826909362    0.5564027477    3.1459248300
  -0.5646448368    0.6960208862    3.1459248300
  -0.7765346419    0.7837885172    3.1459248300
  -1.0039204113    0.8137244217    3.1459248300
  -1.2313061808    0.7837885172    3.1459248300
  -1.4431959859    0.6960208862    3.1459248300
  -1.6251498865    0.5564027477    3.1459248300
  -1.7647680249    0.3744488472    3.1459248300
  -1.8525356559    0.1625590421    3.1459248300
  -1.8824715604   -0.0648267274    3.1459248300
  -1.8525356559   -0.2922124968    3.1459248300
  -1.7647680249   -0.5041023019    3.1459248300
  -1.6251498865   -0.6860562025    3.1459248300
  -1.4431959859   -0.8256743410    3.1459248300
  -1.2313061808   -0.9134419719    3.1459248300
  -1.0039204113   -0.9433778764    3.1459248300
  -0.7765346419   -0.9134419719    3.1459248300
  -0.5646448368   -0.8256743410    3.1459248300
  -0.3826909362   -0.6860562025    3.1459248300
  -0.2430727978   -0.5041023019    3.1459248300
  -0.1553051668   -0.2922124968    3.1459248300
   0.0760795887   -0.0648267274    3.0432815137
   0.0524789974    0.1597178987    3.0432815137
  -0.0172913171    0.3744488472    3.0432815137
  -0.1301820574    0.5699813451    3.0432815137
  -0.2812593565    0.7377696841    3.0432815137
  -0.4639204113    0.8704807087    3.0432815137
  -0.6701820574    0.9623143102    3.0432815137
  -0.8910296710    1.0092569196    3.0432815137
  -1.1168111517    1.0092569196    3.0432815137
  -1.3376587653    0.9623143102    3.0432815137
  -1.5439204113    0.8704807087    3.0432815137
  -1.7265814662    0.7377696841    3.0432815137
  -1.8776587653    0.5699813451    3.0432815137
  -1.9905495056    0.3744488472    3.0432815137
  -2.0603198201    0.1597178987    3.0432815137
  -2.0839204113   -0.0648267274    3.0432815137
  -2.0603198201   -0.2893713535    3.0432815137
  -1.9905495056   -0.5041023019    3.0432815137
  -1.8776587653   -0.6996347998    3.0432815137
  -1.7265814662   -0.8674231389    3.0432815137
  -1.5439204113   -1.0001341635    3.0432815137
  -1.3376587653   -1.0919677650    3.0432815137
  -1.1168111517   -1.1389103744    3.0432815137
  -0.8910296710   -1.1389103744    3.0432815137
  -0.6701820574   -1.0919677650    3.0432815137
  -0.4639204113   -1.0001341635    3.0432815137
  -0.2812593565   -0.8674231389    3.0432815137
  -0.1301820574   -0.6996347998    3.0432815137
  -0.0172913171   -0.5041023019    3.0432815137
   0.0524789974   -0.2893713535    3.0432815137
   0.2656957336   -0.0648267274    2.9201433494
   0.2452924798    0.1618719891    2.9201433494
   0.1847384959    0.3812844222    2.9201433494
   0.0859800366    0.5863584760    2.9201433494
  -0.0478087198    0.7705029015    2.9201433494
  -0.2123276927    0.9277991454    2.9201433494
  -0.4022891069    1.0531915771    2.9201433494
  -0.6115874462    1.1426499805    2.9201433494
  -0.8334956899    1.1932990890    2.9201433494
  -1.0608815243    1.2035109986    2.9201433494
  -1.2864365817    1.1729574901    2.9201433494
  -1.5029113369    1.1026205784    2.9201433494
  -1.7033481132    0.9947609497    2.9201433494
  -1.8813047077    0.8528453012    2.9201433494
  -2.0310614489    0.6814349187    2.9201433494
  -2.1478050321    0.4860390728    2.9201433494
  -2.2277832224    0.2729379469    2.9201433494
  -2.2684254550    0.0489807864    2.9201433494
  -2.2684254550   -0.1786342412    2.9201433494
  -2.2277832224   -0.4025914017    2.9201433494
  -2.1478050321   -0.6156925276    2.9201433494
  -2.0310614489   -0.8110883734    2.9201433494
  -1.8813047077   -0.9824987560    2.9201433494
  -1.7033481132   -1.1244144044    2.9201433494
  -1.5029113369   -1.2322740331    2.9201433494
  -1.2864365817   -1.3026109448    2.9201433494
  -1.0608815243   -1.3331644533    2.9201433494
  -0.8334956899   -1.3229525437    2.9201433494
  -0.6115874462   -1.2723034352    2.9201433494
  -0.4022891069   -1.1828450318    2.9201433494
  -0.2123276927   -1.0574526001    2.9201433494
  -0.0478087198   -0.9001563562    2.9201433494
   0.0859800366   -0.7160119307    2.9201433494
   0.1847384959   -0.5109378770    2.9201433494
   0.2452924798   -0.2915254438    2.9201433494
   0.4414016984   -0.0648267274    2.7778594646
   0.4236073848    0.1612714637    2.7778594646
   0.3706625993    0.3818023669    2.7778594646
   0.2838710180    0.5913357795    2.7778594646
   0.1653697378    0.7847122935    2.7778594646
   0.0180766534    0.9571703374    2.7778594646
  -0.1543813904    1.1044634218    2.7778594646
  -0.3477579045    1.2229647020    2.7778594646
  -0.5572913171    1.3097562832    2.7778594646
  -0.7778222203    1.3627010688    2.7778594646
  -1.0039204113    1.3804953824    2.7778594646
  -1.2300186024    1.3627010688    2.7778594646
  -1.4505495056    1.3097562832    2.7778594646
  -1.6600829182    1.2229647020    2.7778594646
  -1.8534594323    1.1044634218    2.7778594646
  -2.0259174761    0.9571703374    2.7778594646
  -2.1732105605    0.7847122935    2.7778594646
  -2.2917118407    0.5913357795    2.7778594646
  -2.3785034220    0.3818023669    2.7778594646
  -2.4314482075    0.1612714637    2.7778594646
  -2.4492425211   -0.0648267274    2.7778594646
  -2.4314482075   -0.2909249184    2.7778594646
  -2.3785034220   -0.5114558216    2.7778594646
  -2.2917118407   -0.7209892343    2.7778594646
  -2.1732105605   -0.9143657483    2.7778594646
  -2.0259174761   -1.0868237922    2.7778594646
  -1.8534594323   -1.2341168765    2.7778594646
  -1.6600829182   -1.3526181567    2.7778594646
  -1.4505495056   -1.4394097380    2.7778594646
  -1.2300186024   -1.4923545236    2.7778594646
  -1.0039204113   -1.5101488371    2.7778594646
  -0.7778222203   -1.4923545236    2.7778594646
  -0.5572913171   -1.4394097380    2.7778594646
  -0.3477579045   -1.3526181567    2.7778594646
  -0.1543813904   -1.2341168765    2.7778594646
   0.0180766534   -1.0868237922    2.7778594646
   0.1653697378   -0.9143657483    2.7778594646
   0.2838710180   -0.7209892343    2.7778594646
   0.3706625993   -0.5114558216    2.7778594646
   0.4236073848   -0.2909249184    2.7778594646
   0.6012724117   -0.0648267274    2.6179887513
  -0.1360876513    1.2855474059    2.6179887513
  -0.3370992139    1.3953080232    2.6179887513
  -0.5516853331    1.4753445076    2.6179887513
  -0.7754776543    1.5240275472    2.6179887513
  -1.0039204113    1.5403660957    2.6179887513
  -1.2323631684    1.5240275472    2.6179887513
  -1.4561554896    1.4753445076    2.6179887513
  -1.6707416088    1.3953080232    2.6179887513
  -1.8717531714    1.2855474059    2.6179887513
  -2.0550981616    1.1482970654    2.6179887513
  -2.2170442041    0.9863510228    2.6179887513
  -2.3542945446    0.8030060327    2.6179887513
  -2.4640551619    0.6019944701    2.6179887513
  -2.5440916463    0.3874083509    2.6179887513
  -2.5927746859    0.1636160296    2.6179887513
  -2.6091132344   -0.0648267274    2.6179887513
  -2.5927746859   -0.2932694844    2.6179887513
  -2.5440916463   -0.5170618056    2.6179887513
  -2.4640551619   -0.7316479248    2.6179887513
  -2.3542945446   -0.9326594874    2.6179887513
  -2.2170442041   -1.1160044776    2.6179887513
  -2.0550981616   -1.2779505201    2.6179887513
  -1.8717531714   -1.4152008606    2.6179887513
  -1.6707416088   -1.5249614779    2.6179887513
  -1.4561554896   -1.6049979624    2.6179887513
  -1.2323631684   -1.6536810020    2.6179887513
  -1.0039204113   -1.6700195504    2.6179887513
  -0.7754776543   -1.6536810020    2.6179887513
  -0.5516853331   -1.6049979624    2.6179887513
  -0.3370992139   -1.5249614779    2.6179887513
  -0.1360876513   -1.4152008606    2.6179887513
   0.0472573389   -1.2779505201    2.6179887513
   0.2092033814   -1.1160044776    2.6179887513
   0.5849338632   -0.2932694844    2.6179887513
  -0.3351900268    1.5496312366    2.4422827865
  -0.5516401585    1.6231061556    2.4422827865
  -0.7758289307    1.6677000750    2.4422827865
  -1.0039204113    1.6826499805    2.4422827865
  -1.2320118920    1.6677000750    2.4422827865
  -1.4562006642    1.6231061556    2.4422827865
  -1.6726507959    1.5496312366    2.4422827865
  -1.8776587653    1.4485324942    2.4422827865
  -2.0677168292    1.3215397559    2.4422827865
  -2.2395730414    1.1708259027    2.4422827865
  -2.3902868946    0.9989696905    2.4422827865
  -2.5172796329    0.8089116266    2.4422827865
  -2.6183783753    0.6039036572    2.4422827865
  -2.6918532943    0.3874535255    2.4422827865
  -2.7364472137    0.1632647533    2.4422827865
  -2.7513971192   -0.0648267274    2.4422827865
  -2.7364472137   -0.2929182080    2.4422827865
  -2.6918532943   -0.5171069802    2.4422827865
  -2.6183783753   -0.7335571119    2.4422827865
  -2.5172796329   -0.9385650813    2.4422827865
  -2.3902868946   -1.1286231452    2.4422827865
  -2.2395730414   -1.3004793575    2.4422827865
  -2.0677168292   -1.4511932106    2.4422827865
  -1.8776587653   -1.5781859489    2.4422827865
  -1.6726507959   -1.6792846913    2.4422827865
  -1.4562006642   -1.7527596103    2.4422827865
  -1.2320118920   -1.7973535297    2.4422827865
  -1.0039204113   -1.8123034352    2.4422827865
  -0.7758289307   -1.7973535297    2.4422827865
  -0.5516401585   -1.7527596103    2.4422827865
  -0.3351900268   -1.6792846913    2.4422827865
  -0.1301820574   -1.5781859489    2.4422827865
  -0.3822125806    1.6994519845    2.2526666415
  -0.6037340043    1.7624802637    2.2526666415
  -0.8313218459    1.7978084315    2.2526666415
  -1.0615261059    1.8049009490    2.2526666415
  -1.2908571222    1.7836503009    2.2526666415
  -1.5158384705    1.7343786252    2.2526666415
  -1.7330596629    1.6578328304    2.2526666415
  -1.9392278474    1.5551732726    2.2526666415
  -2.1312177246    1.4279561662    2.2526666415
  -2.3061189237    1.2781099928    2.2526666415
  -2.4612801207    1.1079062677    2.2526666415
  -2.5943492300    0.9199251057    2.2526666415
  -2.7033090597    0.7170161098    2.2526666415
  -2.7865078897    0.5022551734    2.2526666415
  -2.8426845106    0.2788978534    2.2526666415
  -2.8709873421    0.0503300192    2.2526666415
  -2.8709873421   -0.1799834739    2.2526666415
  -2.8426845106   -0.4085513081    2.2526666415
  -2.7865078897   -0.6319086281    2.2526666415
  -2.7033090597   -0.8466695645    2.2526666415
  -2.5943492300   -1.0495785604    2.2526666415
  -2.4612801207   -1.2375597224    2.2526666415
  -2.3061189237   -1.4077634476    2.2526666415
  -2.1312177246   -1.5576096210    2.2526666415
  -1.9392278474   -1.6848267274    2.2526666415
  -1.7330596629   -1.7874862851    2.2526666415
  -1.5158384705   -1.8640320799    2.2526666415
  -1.2908571222   -1.9133037556    2.2526666415
  -1.0615261059   -1.9345544038    2.2526666415
  -0.8313218459   -1.9274618863    2.2526666415
  -0.6037340043   -1.8921337184    2.2526666415
  -0.3822125806   -1.8291054392    2.2526666415
  -0.6612677228    1.8784532354    2.0512177906
  -0.8891856516    1.9050930206    2.0512177906
  -1.1186551711    1.9050930206    2.0512177906
  -1.3465730998    1.8784532354    2.0512177906
  -1.5698572388    1.8255339223    2.0512177906
  -1.7854880530    1.7470507244    2.0512177906
  -1.9905495056    1.6440649921    2.0512177906
  -2.1822684923    1.5179694309    2.0512177906
  -2.3580523426    1.3704692670    2.0512177906
  -2.5155238815    1.2035591869    2.0512177906
  -2.6525535766    1.0194963633    2.0512177906
  -2.7672883364    0.8207699300    2.0512177906
  -2.8581765700    0.6100673211    2.0512177906
  -2.9239891700    0.3902379280    2.0512177906
  -2.9638361339    0.1642545661    2.0512177906
  -2.9771785999   -0.0648267274    2.0512177906
  -2.9638361339   -0.2939080208    2.0512177906
  -2.9239891700   -0.5198913827    2.0512177906
  -2.8581765700   -0.7397207758    2.0512177906
  -2.7672883364   -0.9504233847    2.0512177906
  -2.6525535766   -1.1491498180    2.0512177906
  -2.5155238815   -1.3332126417    2.0512177906
  -2.3580523426   -1.5001227217    2.0512177906
  -2.1822684923   -1.6476228857    2.0512177906
  -1.9905495056   -1.7737184468    2.0512177906
  -1.7854880530   -1.8767041791    2.0512177906
  -1.5698572388   -1.9551873770    2.0512177906
  -1.3465730998   -2.0081066901    2.0512177906
  -1.1186551711   -2.0347464753    2.0512177906
  -0.8891856516   -2.0347464753    2.0512177906
  -0.6612677228   -2.0081066901    2.0512177906
  -0.4379835839   -1.9551873770    2.0512177906
  -2.0310614489    1.7142337363    1.8401433494
  -2.2205386752    1.5904420860    1.8401433494
  -2.3952478038    1.4465577146    1.8401433494
  -2.5530681026    1.2843271835    1.8401433494
  -2.6920838470    1.1057197515    1.8401433494
  -2.8106075741    0.9129034709    1.8401433494
  -2.9072005664    0.7082188702    1.8401433494
  -2.9806903159    0.4941505431    1.8401433494
  -3.0301847566    0.2732969891    1.8401433494
  -3.0550830930    0.0483390713    1.8401433494
  -3.0550830930   -0.1779925260    1.8401433494
  -3.0301847566   -0.4029504439    1.8401433494
  -2.9806903159   -0.6238039978    1.8401433494
  -2.9072005664   -0.8378723249    1.8401433494
  -2.8106075741   -1.0425569256    1.8401433494
  -2.6920838470   -1.2353732062    1.8401433494
  -2.5530681026   -1.4139806382    1.8401433494
  -2.3952478038   -1.5762111694    1.8401433494
  -2.2205386752   -1.7200955407    1.8401433494
  -2.0310614489   -1.8438871910    1.8401433494
  -1.8291161219   -1.9460834573    1.8401433494
  -1.6171540368   -2.0254438152    1.8401433494
  -1.3977481261   -2.0810049376    1.8401433494
  -1.1735616805   -2.1120923878    1.8401433494
  -0.9473160197   -2.1183288061    1.8401433494
  -0.7217574596   -2.0996384909    1.8401433494
  -0.4996239754   -2.0562483174    1.8401433494
  -2.6859048993    1.2137846389    1.6217558937
  -2.8142872400    1.0244348525    1.6217558937
  -2.9214446849    0.8223144699    1.6217558937
  -3.0061209109    0.6097931680    1.6217558937
  -3.0673231667    0.3893625645    1.6217558937
  -3.1043339117    0.1636070069    1.6217558937
  -3.1167192289   -0.0648267274    1.6217558937
  -3.1043339117   -0.2932604617    1.6217558937
  -3.0673231667   -0.5190160193    1.6217558937
  -3.0061209109   -0.7394466227    1.6217558937
  -2.9214446849   -0.9519679247    1.6217558937
  -2.8142872400   -1.1540883072    1.6217558937
  -2.6859048993   -1.3434380937    1.6217558937
  -2.5378028283   -1.5177973309    1.6217558937
  -2.3717173884   -1.6751218162    1.6217558937
  -2.1895957795   -1.8135670640    1.6217558937
  -1.9935732110   -1.9315099302    1.6217558937
  -1.7859478683   -2.0275676426    1.6217558937
  -1.5691539687   -2.1006140122    1.6217558937
  -3.0764031934    0.5003615961    1.3984481222
  -3.1247380014    0.2768682724    1.3984481222
  -3.1490430986    0.0495034079    1.3984481222
  -3.1490430986   -0.1791568627    1.3984481222
  -3.1247380014   -0.4065217272    1.3984481222
  -3.0764031934   -0.6300150508    1.3984481222
  -3.0045863275   -0.8471045649    1.3984481222
  -2.9101011172   -1.0553305585    1.3984481222
  -2.7940181180   -1.2523337479    1.3984481222
  -0.5788573076    1.8623928680    2.0599131047
  -0.5243049765    2.0161985181    1.8944534042
  -0.7512362812    2.0289427068    1.8944534042
  -0.9781675860    2.0161985181    1.8944534042
  -1.2022450979    1.9781262176    1.8944534042
  -0.9781458594   -2.1567729422    1.7161412271
  -0.7512362812   -2.1686647693    1.7161412271
  -0.8085551494   -2.2962865786    1.5262613166
  -0.5794221804   -2.2905723591    1.5262613166
  -2.9894383610    0.8981684290    1.3261817620
  -3.0644777157    0.6813564524    1.3261817620
  -3.1185679978    0.4583932731    1.3261817620
  -3.1512193572    0.2312980801    1.3261817620
  -3.1621360982    0.0021274827    1.3261817620
  -2.8941295017   -1.1026107547    1.3261817620
  -3.1303689738    0.7871482428    1.1173441410
  -3.1918976071    0.5675496743    1.1173441410
  -3.2332021521    0.3432658395    1.1173441410
  -3.2539403461    0.1161552249    1.1173441410
  -3.2539403461   -0.1119002596    1.1173441410
  -3.2332021521   -0.3390108742    1.1173441410
  -3.1918976071   -0.5632947090    1.1173441410
  -3.1303689738   -0.7828932774    1.1173441410
  -3.0491260977   -0.9959869166    1.1173441410
  -3.2699621794    0.5686409612    0.9012531335
  -3.3101744773    0.3438188349    0.9012531335
  -3.3303596143    0.1163225104    0.9012531335
  -3.3303596143   -0.1120675450    0.9012531335
  -3.3101744773   -0.3395638695    0.9012531335
  -3.2699621794   -0.5643859959    0.9012531335
  -3.3686685516    0.3419453122    0.6794656800
  -3.3881916466    0.1156803277    0.6794656800
  -3.3881916466   -0.1114253624    0.6794656800
  -3.3686685516   -0.3376903468    0.6794656800
  -3.3297669039   -0.5614394390    0.6794656800
  -3.4197194582    0.2292488728    0.4535797643
  -3.4293674564    0.0021274827    0.4535797643
  -3.4197194582   -0.2249939075    0.4535797643
  -3.4390854732    0.2308971636    0.2252228997
  -3.4488034900    0.0021274827    0.2252228997
  -3.4390854732   -0.2266421983    0.2252228997
  -3.4488034900    0.0021274827   -0.0039595976
  -0.6367482832    0.2004265121   -2.5796415680
  -1.2566681615    2.0260275120    1.8565980982
  -1.4838639836    1.9961166146    1.8565980982
  -1.6955767859    1.9084223006    1.8565980982
  -0.9219581949    2.1783416170    1.7659373788
  -1.1434487623    2.2254208905    1.7659373788
  -1.3698875607    2.2254208905    1.7659373788
  -1.5913781280    2.1783416170    1.7659373788
  -1.7982402637    2.0862406603    1.7659373788
  -1.9814330998    1.9531432741    1.7659373788
  -2.1329502303    1.7848664527    1.7659373788
  -0.6504810785    2.2746946226    1.6567182206
  -0.8613643036    2.3648304387    1.6567182206
  -1.0849529199    2.4158630813    1.6567182206
  -1.3140606054    2.4261523194    1.6567182206
  -1.5413236505    2.3953674482    1.6567182206
  -1.7594376339    2.3244979189    1.6567182206
  -1.9613921929    2.2158215366    1.6567182206
  -2.1406963416    2.0728312495    1.6567182206
  -2.2915870972    1.9001228831    1.6567182206
  -2.4092147067    1.7032474264    1.6567182206
  -2.4897985219    1.4885326186    1.6567182206
  -0.5918434901    2.4530021475    1.5298724431
  -0.8041430054    2.5409394860    1.5298724431
  -1.0275851920    2.5945832089    1.5298724431
  -1.2566681615    2.6126124296    1.5298724431
  -1.4857511310    2.5945832089    1.5298724431
  -1.7091933175    2.5409394860    1.5298724431
  -1.9214928328    2.4530021475    1.5298724431
  -2.1174221583    2.3329365024    1.5298724431
  -2.2921568637    2.1836989655    1.5298724431
  -2.4413944007    2.0089642600    1.5298724431
  -2.5614600458    1.8130349346    1.5298724431
  -2.6493973843    1.6007354192    1.5298724431
  -2.7030411072    1.3772932327    1.5298724431
  -0.5390193430    2.6196083927    1.3864822496
  -0.7507824924    2.7051662587    1.3864822496
  -0.9723921309    2.7604197473    1.3864822496
  -1.1995348790    2.7842934121    1.3864822496
  -1.4277896614    2.7763225795    1.3864822496
  -1.6527137585    2.7366623925    1.3864822496
  -1.8699292785    2.6660847918    1.3864822496
  -2.0752083685    2.5659634898    1.3864822496
  -2.2645555044    2.4382472340    1.3864822496
  -2.4342852597    2.2854218759    1.3864822496
  -2.5810940376    2.1104619874    1.3864822496
  -2.7021243724    1.9167729636    1.3864822496
  -2.7950205462    1.7081247411    1.3864822496
  -2.8579744407    1.4885784201    1.3864822496
  -2.8897607299    1.2624072201    1.3864822496
  -0.4920572569    2.7730911458    1.2277709948
  -0.7017380174    2.8561096318    1.2277709948
  -0.9201703578    2.9121935245    1.2277709948
  -1.1439094696    2.9404583474    1.2277709948
  -1.3694268533    2.9404583474    1.2277709948
  -1.5931659651    2.9121935245    1.2277709948
  -1.8115983055    2.8561096318    1.2277709948
  -2.0212790660    2.7730911458    1.2277709948
  -2.2189014558    2.6644473176    1.2277709948
  -2.4013488518    2.5318915253    1.2277709948
  -2.5657439494    2.3775142530    1.2277709948
  -2.7094941399    2.2037501223    1.2277709948
  -2.8303323968    2.0133394976    1.2277709948
  -2.9263530287    1.8092852680    1.2277709948
  -2.9960417328    1.5948054907    1.2277709948
  -3.0382994766    1.3732826399    1.2277709948
  -3.0524598303    1.1482102632    1.2277709948
  -3.0382994766    0.9231378865    1.2277709948
  -0.4885974631    2.9287982833    1.0550927472
  -0.7005045345    3.0059261498    1.0550927472
  -0.9199327649    3.0579315957    1.0550927472
  -1.1439147639    3.0841113367    1.0550927472
  -1.3694215591    3.0841113367    1.0550927472
  -1.5934035580    3.0579315957    1.0550927472
  -1.8128317884    3.0059261498    1.0550927472
  -2.0247388598    2.9287982833    1.0550927472
  -2.2262590926    2.8275910185    1.0550927472
  -2.4146672714    2.7036730099    1.0550927472
  -2.5874154988    2.5587200361    1.0550927472
  -2.7421676513    2.3946923372    1.0550927472
  -2.8768309715    2.2138081066    1.0550927472
  -2.9895843691    2.0185134933    1.0550927472
  -3.0789030478    1.8114495217    1.0550927472
  -3.1435791257    1.5954163769    1.0550927472
  -3.1827379697    1.3733355366    1.0550927472
  -3.1958500238    1.1482102632    1.0550927472
  -3.1827379697    0.9230849898    1.0550927472
  -0.3237877629    2.9916321819    0.8699207366
  -0.5322412809    3.0830683725    0.8699207366
  -0.7494883599    3.1510180067    0.8699207366
  -0.9728919146    3.1946562679    0.8699207366
  -1.1997401285    3.2134534468    0.8699207366
  -1.4272793717    3.2071813712    0.8699207366
  -1.6527476259    3.1759161754    0.8699207366
  -1.8734080119    3.1200373767    0.8699207366
  -2.0865820116    3.0402232679    0.8699207366
  -2.2896819814    2.9374426842    0.8699207366
  -2.4802425628    2.8129432427    0.8699207366
  -2.6559506084    2.6682361979    0.8699207366
  -2.8146732606    2.5050780974    0.8699207366
  -2.9544838415    2.3254494594    0.8699207366
  -3.0736852400    2.1315307323    0.8699207366
  -3.1708305125    1.9256758268    0.8699207366
  -3.2447404470    1.7103835425    0.8699207366
  -3.2945178771    1.4882672361    0.8699207366
  -3.3195585723    1.2620230987    0.8699207366
  -3.3195585723    1.0343974277    0.8699207366
  -3.2945178771    0.8081532903    0.8699207366
  -0.1690447625    3.0320292498    0.6738347853
  -0.3719155810    3.1353970948    0.6738347853
  -0.5844799339    3.2169929050    0.6738347853
  -0.8044089218    3.2759226997    0.6738347853
  -1.0292929564    3.3115408316    0.6738347853
  -1.2566681615    3.3234570612    0.6738347853
  -1.4840433665    3.3115408316    0.6738347853
  -1.7089274012    3.2759226997    0.6738347853
  -1.9288563890    3.2169929050    0.6738347853
  -2.1414207419    3.1353970948    0.6738347853
  -2.3442915605    3.0320292498    0.6738347853
  -2.5352461494    2.9080218897    0.6738347853
  -2.7121923704    2.7647336653    0.6738347853
  -2.8731915635    2.6037344721    0.6738347853
  -3.0164797880    2.4267882512    0.6738347853
  -3.1404871480    2.2358336622    0.6738347853
  -3.2438549930    2.0329628437    0.6738347853
  -3.3254508032    1.8203984907    0.6738347853
  -3.3843805979    1.6004695029    0.6738347853
  -3.4199987299    1.3755854682    0.6738347853
  -3.4319149595    1.1482102632    0.6738347853
  -3.4199987299    0.9208350582    0.6738347853
  -3.3843805979    0.6959510235    0.6738347853
  -0.2229370034    3.1645774844    0.4685078296
  -0.4288391879    3.2574840881    0.4685078296
  -0.6429687087    3.3294277809    0.4685078296
  -0.8631974503    3.3796935540    0.4685078296
  -1.0873366806    3.4077818437    0.4685078296
  -1.3131588033    3.4134134958    0.4685078296
  -1.5384194966    3.3965325406    0.4685078296
  -1.7608800185    3.3573067484    0.4685078296
  -1.9783294565    3.2961259629    0.4685078296
  -2.1886067003    3.2135982262    0.4685078296
  -2.3896219202    3.1105437359    0.4685078296
  -2.5793773366    2.9879866941    0.4685078296
  -2.7559870751    2.8471451275    0.4685078296
  -2.9176959085    2.6894187829    0.4685078296
  -3.0628967020    2.5163752156    0.4685078296
  -3.1901463847    2.3297342104    0.4685078296
  -3.2981802922    2.1313506894    0.4685078296
  -3.3859247350    1.9231962771    0.4685078296
  -3.4525076693    1.7073397056    0.4685078296
  -3.4972673641    1.4859262546    0.4685078296
  -3.5197589774    1.2611564302    0.4685078296
  -3.5197589774    1.0352640962    0.4685078296
  -3.4972673641    0.8104942719    0.4685078296
  -3.4525076693    0.5890808208    0.4685078296
  -0.1208100806    3.1908800854    0.2556916467
  -0.3232587547    3.2909702735    0.2556916467
  -0.5344224209    3.3710540887    0.2556916467
  -0.7523295010    3.4303838101    0.2556916467
  -0.9749454553    3.4684054919    0.2556916467
  -1.2001917786    3.4847641360    0.2556916467
  -1.4259654067    3.4793070062    0.2556916467
  -1.6501583520    3.4520850541    0.2556916467
  -1.8706773855    3.4033524439    0.2556916467
  -2.0854635802    3.3335641788    0.2556916467
  -2.2925115354    3.2433718529    0.2556916467
  -2.4898881001    3.1336175678    0.2556916467
  -2.6757504226    3.0053260697    0.2556916467
  -2.8483631563    2.8596951816    0.2556916467
  -3.0061146627    2.6980846200    0.2556916467
  -3.1475320585    2.5220032991    0.2556916467
  -3.2712949675    2.3330952427    0.2556916467
  -3.3762478489    2.1331242346    0.2556916467
  -3.4614107858    1.9239573501    0.2556916467
  -3.5259886349    1.7075475240    0.2556916467
  -3.5693784501    1.4859153167    0.2556916467
  -3.5911751125    1.2611300482    0.2556916467
  -3.5911751125    1.0352904782    0.2556916467
  -3.5693784501    0.8105052097    0.2556916467
  -3.5259886349    0.5888730024    0.2556916467
  -3.4614107858    0.3724631763    0.2556916467
  -0.0623558454    3.2168198748    0.0372019091
  -0.2643976288    3.3209796536    0.0372019091
  -0.4754255679    3.4054624963    0.0372019091
  -0.6935285608    3.4695033132    0.0372019091
  -0.9167314332    3.5125221408    0.0372019091
  -1.1430128253    3.5341293939    0.0372019091
  -1.3703234977    3.5341293939    0.0372019091
  -1.5966048897    3.5125221408    0.0372019091
  -1.8198077621    3.4695033132    0.0372019091
  -2.0379107551    3.4054624963    0.0372019091
  -2.2489386941    3.3209796536    0.0372019091
  -2.4509804776    3.2168198748    0.0372019091
  -2.6422063838    3.0939264471    0.0372019091
  -2.8208846413    2.9534123123    0.0372019091
  -2.9853971121    2.7965499882    0.0372019091
  -3.1342539458    2.6247600443    0.0372019091
  -3.2661070719    2.4395982370    0.0372019091
  -3.3797624081    2.2427414201    0.0372019091
  -3.4741906740    2.0359723597    0.0372019091
  -3.5485367127    1.8211635882    0.0372019091
  -3.6021272348    1.6002604472    0.0372019091
  -3.6344769164    1.3752634697    0.0372019091
  -3.6452927937    1.1482102632    0.0372019091
  -3.6344769164    0.9211570567    0.0372019091
  -3.6021272348    0.6961600792    0.0372019091
  -3.5485367127    0.4752569382    0.0372019091
  -3.4741906740    0.2604481667    0.0372019091
   0.1747201058    3.0990450990   -0.1850973057
  -0.0142485199    3.2245104251   -0.1850973057
  -0.2141355740    3.3317291507   -0.1850973057
  -0.4231844420    3.4197590339   -0.1850973057
  -0.6395579949    3.4878264647   -0.1850973057
  -0.8613547341    3.5353332643   -0.1850973057
  -1.0866255019    3.5618619411   -0.1850973057
  -1.3133906107    3.5671793601   -0.1850973057
  -1.5396572407    3.5512387918   -0.1850973057
  -1.7634369524    3.5141803223   -0.1850973057
  -1.9827631617    3.4563296229   -0.1850973057
  -2.1957084221    3.3781950876   -0.1850973057
  -2.4004013629    3.2804633655   -0.1850973057
  -2.5950431352    3.1639933264   -0.1850973057
  -2.7779232201    3.0298085133   -0.1850973057
  -2.9474344609    2.8790881471   -0.1850973057
  -3.1020871866    2.7131567638   -0.1850973057
  -3.2405223036    2.5334725744   -0.1850973057
  -3.3615232391    2.3416146500   -0.1850973057
  -3.4640266324    2.1392690450   -0.1850973057
  -3.5471316801    1.9282139797   -0.1850973057
  -3.6101080521    1.7103042137   -0.1850973057
  -3.6524023097    1.4874547459   -0.1850973057
  -3.6736427695    1.2616239854   -0.1850973057
  -3.6736427695    1.0347965410   -0.1850973057
  -3.6524023097    0.8089657805   -0.1850973057
  -3.6101080521    0.5861163127   -0.1850973057
  -3.5471316801    0.3682065467   -0.1850973057
  -3.4640266324    0.1571514814   -0.1850973057
   0.2077340049    3.0873921255   -0.4093094192
   0.0225619943    3.2142379030   -0.4093094192
  -0.1735239569    3.3234570612   -0.4093094192
  -0.3788509126    3.4141177807   -0.4093094192
  -0.5916670956    3.4854465761   -0.4093094192
  -0.8101568332    3.5368348954   -0.4093094192
  -1.0324560480    3.5678443116   -0.4093094192
  -1.2566681615    3.5782102632   -0.4093094192
  -1.4808802750    3.5678443116   -0.4093094192
  -1.7031794898    3.5368348954   -0.4093094192
  -1.9216692273    3.4854465761   -0.4093094192
  -2.1344854103    3.4141177807   -0.4093094192
  -2.3398123660    3.3234570612   -0.4093094192
  -2.5358983173    3.2142379030   -0.4093094192
  -2.7210703279    3.0873921255   -0.4093094192
  -2.8937485755    2.9440019321   -0.4093094192
  -3.0524598303    2.7852906773   -0.4093094192
  -3.1958500238    2.6126124296   -0.4093094192
  -3.3226958013    2.4274404190   -0.4093094192
  -3.4319149595    2.2313544677   -0.4093094192
  -3.5225756789    2.0260275120   -0.4093094192
  -3.5939044744    1.8132113291   -0.4093094192
  -3.6452927937    1.5947215915   -0.4093094192
  -3.6763022099    1.3724223767   -0.4093094192
  -3.6866681615    1.1482102632   -0.4093094192
  -3.6763022099    0.9239981497   -0.4093094192
  -3.6452927937    0.7016989349   -0.4093094192
  -3.5939044744    0.4832091973   -0.4093094192
  -3.5225756789    0.2703930144   -0.4093094192
   0.3511096399    2.9564357662   -0.6335215327
   0.1747201058    3.0990450990   -0.6335215327
  -0.0142485199    3.2245104251   -0.6335215327
  -0.2141355740    3.3317291507   -0.6335215327
  -0.4231844420    3.4197590339   -0.6335215327
  -0.6395579949    3.4878264647   -0.6335215327
  -0.8613547341    3.5353332643   -0.6335215327
  -1.0866255019    3.5618619411   -0.6335215327
  -1.3133906107    3.5671793601   -0.6335215327
  -1.5396572407    3.5512387918   -0.6335215327
  -1.7634369524    3.5141803223   -0.6335215327
  -1.9827631617    3.4563296229   -0.6335215327
  -2.1957084221    3.3781950876   -0.6335215327
  -2.4004013629    3.2804633655   -0.6335215327
  -2.5950431352    3.1639933264   -0.6335215327
  -2.7779232201    3.0298085133   -0.6335215327
  -2.9474344609    2.8790881471   -0.6335215327
  -3.1020871866    2.7131567638   -0.6335215327
  -3.2405223036    2.5334725744   -0.6335215327
  -3.3615232391    2.3416146500   -0.6335215327
  -3.4640266324    2.1392690450   -0.6335215327
  -3.5471316801    1.9282139797   -0.6335215327
  -3.6101080521    1.7103042137   -0.6335215327
  -3.6524023097    1.4874547459   -0.6335215327
  -3.6736427695    1.2616239854   -0.6335215327
  -3.6736427695    1.0347965410   -0.6335215327
  -3.6524023097    0.8089657805   -0.6335215327
  -3.6101080521    0.5861163127   -0.6335215327
  -3.5471316801    0.3682065467   -0.6335215327
  -3.4640266324    0.1571514814   -0.6335215327
   0.3075483183    2.9534123123   -0.8558207475
   0.1288700608    3.0939264471   -0.8558207475
  -0.0623558454    3.2168198748   -0.8558207475
  -0.2643976288    3.3209796536   -0.8558207475
  -0.4754255679    3.4054624963   -0.8558207475
  -0.6935285608    3.4695033132   -0.8558207475
  -0.9167314332    3.5125221408   -0.8558207475
  -1.1430128253    3.5341293939   -0.8558207475
  -1.3703234977    3.5341293939   -0.8558207475
  -1.5966048897    3.5125221408   -0.8558207475
  -1.8198077621    3.4695033132   -0.8558207475
  -2.0379107551    3.4054624963   -0.8558207475
  -2.2489386941    3.3209796536   -0.8558207475
  -2.4509804776    3.2168198748   -0.8558207475
  -2.6422063838    3.0939264471   -0.8558207475
  -2.8208846413    2.9534123123   -0.8558207475
  -2.9853971121    2.7965499882   -0.8558207475
  -3.1342539458    2.6247600443   -0.8558207475
  -3.2661070719    2.4395982370   -0.8558207475
  -3.3797624081    2.2427414201   -0.8558207475
  -3.4741906740    2.0359723597   -0.8558207475
  -3.5485367127    1.8211635882   -0.8558207475
  -3.6021272348    1.6002604472   -0.8558207475
  -3.6344769164    1.3752634697   -0.8558207475
  -3.6452927937    1.1482102632   -0.8558207475
  -3.6344769164    0.9211570567   -0.8558207475
  -3.6021272348    0.6961600792   -0.8558207475
  -3.5485367127    0.4752569382   -0.8558207475
  -3.4741906740    0.2604481667   -0.8558207475
   0.4158557151    2.7807963910   -1.0743104851
   0.2504804742    2.9345967198   -1.0743104851
   0.0710333927    3.0717180395   -1.0743104851
  -0.1208100806    3.1908800854   -1.0743104851
  -0.3232587547    3.2909702735   -1.0743104851
  -0.5344224209    3.3710540887   -1.0743104851
  -0.7523295010    3.4303838101   -1.0743104851
  -0.9749454553    3.4684054919   -1.0743104851
  -1.2001917786    3.4847641360   -1.0743104851
  -1.4259654067    3.4793070062   -1.0743104851
  -1.6501583520    3.4520850541   -1.0743104851
  -1.8706773855    3.4033524439   -1.0743104851
  -2.0854635802    3.3335641788   -1.0743104851
  -2.2925115354    3.2433718529   -1.0743104851
  -2.4898881001    3.1336175678   -1.0743104851
  -2.6757504226    3.0053260697   -1.0743104851
  -2.8483631563    2.8596951816   -1.0743104851
  -3.0061146627    2.6980846200   -1.0743104851
  -3.1475320585    2.5220032991   -1.0743104851
  -3.2712949675    2.3330952427   -1.0743104851
  -3.3762478489    2.1331242346   -1.0743104851
  -3.4614107858    1.9239573501   -1.0743104851
  -3.5259886349    1.7075475240   -1.0743104851
  -3.5693784501    1.4859153167   -1.0743104851
  -3.5911751125    1.2611300482   -1.0743104851
  -3.5911751125    1.0352904782   -1.0743104851
  -3.5693784501    0.8105052097   -1.0743104851
  -3.5259886349    0.5888730024   -1.0743104851
  -3.4614107858    0.3724631763   -1.0743104851
  -3.3762478489    0.1632962918   -1.0743104851
   0.4791177009    2.6047075401   -1.2871266680
   0.3254718936    2.7702983384   -1.2871266680
   0.1561020676    2.9197680967   -1.2871266680
  -0.0273085036    3.0516313173   -1.2871266680
  -0.2229370034    3.1645774844   -1.2871266680
  -0.4288391879    3.2574840881   -1.2871266680
  -0.6429687087    3.3294277809   -1.2871266680
  -0.8631974503    3.3796935540   -1.2871266680
  -1.0873366806    3.4077818437   -1.2871266680
  -1.3131588033    3.4134134958   -1.2871266680
  -1.5384194966    3.3965325406   -1.2871266680
  -1.7608800185    3.3573067484   -1.2871266680
  -1.9783294565    3.2961259629   -1.2871266680
  -2.1886067003    3.2135982262   -1.2871266680
  -2.3896219202    3.1105437359   -1.2871266680
  -2.5793773366    2.9879866941   -1.2871266680
  -2.7559870751    2.8471451275   -1.2871266680
  -2.9176959085    2.6894187829   -1.2871266680
  -3.0628967020    2.5163752156   -1.2871266680
  -3.1901463847    2.3297342104   -1.2871266680
  -3.2981802922    2.1313506894   -1.2871266680
  -3.3859247350    1.9231962771   -1.2871266680
  -3.4525076693    1.7073397056   -1.2871266680
  -3.4972673641    1.4859262546   -1.2871266680
  -3.5197589774    1.2611564302   -1.2871266680
  -3.5197589774    1.0352640962   -1.2871266680
  -3.4972673641    0.8104942719   -1.2871266680
  -3.4525076693    0.5890808208   -1.2871266680
  -3.3859247350    0.3732242493   -1.2871266680
  -3.2981802922    0.1650698370   -1.2871266680
   0.5031434651    2.4267882512   -1.4924536237
   0.3598552406    2.6037344721   -1.4924536237
   0.1988560475    2.7647336653   -1.4924536237
   0.0219098265    2.9080218897   -1.4924536237
  -0.1690447625    3.0320292498   -1.4924536237
  -0.3719155810    3.1353970948   -1.4924536237
  -0.5844799339    3.2169929050   -1.4924536237
  -0.8044089218    3.2759226997   -1.4924536237
  -1.0292929564    3.3115408316   -1.4924536237
  -1.2566681615    3.3234570612   -1.4924536237
  -1.4840433665    3.3115408316   -1.4924536237
  -1.7089274012    3.2759226997   -1.4924536237
  -1.9288563890    3.2169929050   -1.4924536237
  -2.1414207419    3.1353970948   -1.4924536237
  -2.3442915605    3.0320292498   -1.4924536237
  -2.5352461494    2.9080218897   -1.4924536237
  -2.7121923704    2.7647336653   -1.4924536237
  -2.8731915635    2.6037344721   -1.4924536237
  -3.0164797880    2.4267882512   -1.4924536237
  -3.1404871480    2.2358336622   -1.4924536237
  -3.2438549930    2.0329628437   -1.4924536237
  -3.3254508032    1.8203984907   -1.4924536237
  -3.3843805979    1.6004695029   -1.4924536237
  -3.4199987299    1.3755854682   -1.4924536237
  -3.4319149595    1.1482102632   -1.4924536237
  -3.4199987299    0.9208350582   -1.4924536237
  -3.3843805979    0.6959510235   -1.4924536237
  -3.3254508032    0.4760220357   -1.4924536237
  -3.2438549930    0.2634576827   -1.4924536237
   0.5034208841    2.2301329777   -1.6885395750
   0.3737179426    2.4171907044   -1.6885395750
   0.2242243225    2.5888447274   -1.6885395750
   0.0567546736    2.7430113996   -1.6885395750
  -0.1266581492    2.8778193464   -1.6885395750
  -0.3237877629    2.9916321819   -1.6885395750
  -0.5322412809    3.0830683725   -1.6885395750
  -0.7494883599    3.1510180067   -1.6885395750
  -0.9728919146    3.1946562679   -1.6885395750
  -1.1997401285    3.2134534468   -1.6885395750
  -1.4272793717    3.2071813712   -1.6885395750
  -1.6527476259    3.1759161754   -1.6885395750
  -1.8734080119    3.1200373767   -1.6885395750
  -2.0865820116    3.0402232679   -1.6885395750
  -2.2896819814    2.9374426842   -1.6885395750
  -2.4802425628    2.8129432427   -1.6885395750
  -2.6559506084    2.6682361979   -1.6885395750
  -2.8146732606    2.5050780974   -1.6885395750
  -2.9544838415    2.3254494594   -1.6885395750
  -3.0736852400    2.1315307323   -1.6885395750
  -3.1708305125    1.9256758268   -1.6885395750
  -3.2447404470    1.7103835425   -1.6885395750
  -3.2945178771    1.4882672361   -1.6885395750
  -3.3195585723    1.2620230987   -1.6885395750
  -3.3195585723    1.0343974277   -1.6885395750
  -3.2945178771    0.8081532903   -1.6885395750
  -3.2447404470    0.5860369839   -1.6885395750
  -3.1708305125    0.3707446996   -1.6885395750
  -3.0736852400    0.1648897941   -1.6885395750
   0.3634946486    2.2138081066   -1.8737115856
   0.2288313283    2.3946923372   -1.8737115856
   0.0740791758    2.5587200361   -1.8737115856
  -0.0986690515    2.7036730099   -1.8737115856
  -0.2870772303    2.8275910185   -1.8737115856
  -0.4885974631    2.9287982833   -1.8737115856
  -0.7005045345    3.0059261498   -1.8737115856
  -0.9199327649    3.0579315957   -1.8737115856
  -1.1439147639    3.0841113367   -1.8737115856
  -1.3694215591    3.0841113367   -1.8737115856
  -1.5934035580    3.0579315957   -1.8737115856
  -1.8128317884    3.0059261498   -1.8737115856
  -2.0247388598    2.9287982833   -1.8737115856
  -2.2262590926    2.8275910185   -1.8737115856
  -2.4146672714    2.7036730099   -1.8737115856
  -2.5874154988    2.5587200361   -1.8737115856
  -2.7421676513    2.3946923372   -1.8737115856
  -2.8768309715    2.2138081066   -1.8737115856
  -2.9895843691    2.0185134933   -1.8737115856
  -3.0789030478    1.8114495217   -1.8737115856
  -3.1435791257    1.5954163769   -1.8737115856
  -3.1827379697    1.3733355366   -1.8737115856
  -3.1958500238    1.1482102632   -1.8737115856
  -3.1827379697    0.9230849898   -1.8737115856
  -3.1435791257    0.7010041495   -1.8737115856
  -3.0789030478    0.4849710047   -1.8737115856
  -2.9895843691    0.2779070332   -1.8737115856
   0.3169960739    2.0133394976   -2.0463898333
   0.1961578170    2.2037501223   -2.0463898333
   0.0524076265    2.3775142530   -2.0463898333
  -0.1119874712    2.5318915253   -2.0463898333
  -0.2944348671    2.6644473176   -2.0463898333
  -0.4920572569    2.7730911458   -2.0463898333
  -0.7017380174    2.8561096318   -2.0463898333
  -0.9201703578    2.9121935245   -2.0463898333
  -1.1439094696    2.9404583474   -2.0463898333
  -1.3694268533    2.9404583474   -2.0463898333
  -1.5931659651    2.9121935245   -2.0463898333
  -1.8115983055    2.8561096318   -2.0463898333
  -2.0212790660    2.7730911458   -2.0463898333
  -2.2189014558    2.6644473176   -2.0463898333
  -2.4013488518    2.5318915253   -2.0463898333
  -2.5657439494    2.3775142530   -2.0463898333
  -2.7094941399    2.2037501223   -2.0463898333
  -2.8303323968    2.0133394976   -2.0463898333
  -2.9263530287    1.8092852680   -2.0463898333
  -2.9960417328    1.5948054907   -2.0463898333
  -3.0382994766    1.3732826399   -2.0463898333
  -3.0524598303    1.1482102632   -2.0463898333
  -3.0382994766    0.9231378865   -2.0463898333
  -2.9960417328    0.7016150357   -2.0463898333
  -2.9263530287    0.4871352584   -2.0463898333
  -2.8303323968    0.2830810288   -2.0463898333
   0.2388792146    1.8140708553   -2.2051010881
   0.1316547669    2.0157307117   -2.2051010881
  -0.0025918073    2.2005052694   -2.2051010881
  -0.1612475513    2.3647981018   -2.2051010881
  -0.3412244115    2.5054114358   -2.2051010881
  -0.5390193430    2.6196083927   -2.2051010881
  -0.7507824924    2.7051662587   -2.2051010881
  -0.9723921309    2.7604197473   -2.2051010881
  -1.1995348790    2.7842934121   -2.2051010881
  -1.4277896614    2.7763225795   -2.2051010881
  -1.6527137585    2.7366623925   -2.2051010881
  -1.8699292785    2.6660847918   -2.2051010881
  -2.0752083685    2.5659634898   -2.2051010881
  -2.2645555044    2.4382472340   -2.2051010881
  -2.4342852597    2.2854218759   -2.2051010881
  -2.5810940376    2.1104619874   -2.2051010881
  -2.7021243724    1.9167729636   -2.2051010881
  -2.7950205462    1.7081247411   -2.2051010881
  -2.8579744407    1.4885784201   -2.2051010881
  -2.8897607299    1.2624072201   -2.2051010881
  -2.8897607299    1.0340133063   -2.2051010881
  -2.8579744407    0.8078421063   -2.2051010881
  -2.7950205462    0.5882957854   -2.2051010881
  -2.7021243724    0.3796475628   -2.2051010881
  -2.5810940376    0.1859585390   -2.2051010881
   0.0481237228    1.8130349346   -2.3484912815
  -0.0719419222    2.0089642600   -2.3484912815
  -0.2211794592    2.1836989655   -2.3484912815
  -0.3959141646    2.3329365024   -2.3484912815
  -0.5918434901    2.4530021475   -2.3484912815
  -0.8041430054    2.5409394860   -2.3484912815
  -1.0275851920    2.5945832089   -2.3484912815
  -1.2566681615    2.6126124296   -2.3484912815
  -1.4857511310    2.5945832089   -2.3484912815
  -1.7091933175    2.5409394860   -2.3484912815
  -1.9214928328    2.4530021475   -2.3484912815
  -2.1174221583    2.3329365024   -2.3484912815
  -2.2921568637    2.1836989655   -2.3484912815
  -2.4413944007    2.0089642600   -2.3484912815
  -2.5614600458    1.8130349346   -2.3484912815
  -2.6493973843    1.6007354192   -2.3484912815
  -2.7030411072    1.3772932327   -2.3484912815
  -2.7210703279    1.1482102632   -2.3484912815
  -2.7030411072    0.9191272937   -2.3484912815
  -2.6493973843    0.6956851072   -2.3484912815
  -2.5614600458    0.4833855919   -2.3484912815
  -2.4413944007    0.2874562664   -2.3484912815
  -0.0590082820    1.5976995342   -2.4753370590
  -0.1585145775    1.8043264857   -2.4753370590
  -0.2933164327    1.9898653221   -2.4753370590
  -0.4590812051    2.1483526723   -2.4753370590
  -0.6504810785    2.2746946226   -2.4753370590
  -0.8613643036    2.3648304387   -2.4753370590
  -1.0849529199    2.4158630813   -2.4753370590
  -1.3140606054    2.4261523194   -2.4753370590
  -1.5413236505    2.3953674482   -2.4753370590
  -1.7594376339    2.3244979189   -2.4753370590
  -1.9613921929    2.2158215366   -2.4753370590
  -2.1406963416    2.0728312495   -2.4753370590
  -2.2915870972    1.9001228831   -2.4753370590
  -2.4092147067    1.7032474264   -2.4753370590
  -2.4897985219    1.4885326186   -2.4753370590
  -2.5307485127    1.2628795703   -2.4753370590
  -2.5307485127    1.0335409561   -2.4753370590
  -2.4897985219    0.8078879078   -2.4753370590
  -2.4092147067    0.5931731000   -2.4753370590
  -2.2915870972    0.3962976433   -2.4753370590
  -2.1406963416    0.2235892769   -2.4753370590
  -0.1971932566    1.3734086062   -2.5845562172
  -0.2671666934    1.5887647009   -2.5845562172
  -0.3803860926    1.7848664527   -2.5845562172
  -0.5319032231    1.9531432741   -2.5845562172
  -0.7150960592    2.0862406603   -2.5845562172
  -0.9219581949    2.1783416170   -2.5845562172
  -1.1434487623    2.2254208905   -2.5845562172
  -1.3698875607    2.2254208905   -2.5845562172
  -1.5913781280    2.1783416170   -2.5845562172
  -1.7982402637    2.0862406603   -2.5845562172
  -1.9814330998    1.9531432741   -2.5845562172
  -2.1329502303    1.7848664527   -2.5845562172
  -2.2461696295    1.5887647009   -2.5845562172
  -2.3161430664    1.3734086062   -2.5845562172
  -2.3398123660    1.1482102632   -2.5845562172
  -2.3161430664    0.9230119202   -2.5845562172
  -2.2461696295    0.7076558255   -2.5845562172
  -2.1329502303    0.5115540737   -2.5845562172
  -1.9814330998    0.3432772524   -2.5845562172
  -1.7982402637    0.2101798661   -2.5845562172
  -0.7150960592    0.2101798661   -2.5845562172
  -0.3788509126    1.1482102632   -2.6752169367
  -0.4087618101    1.3754060853   -2.6752169367
  -0.4964561241    1.5871188876   -2.6752169367
  -0.6359576322    1.7689207925   -2.6752169367
  -0.8177595370    1.9084223006   -2.6752169367
  -1.0294723393    1.9961166146   -2.6752169367
  -1.2566681615    2.0260275120   -2.6752169367
  -1.4838639836    1.9961166146   -2.6752169367
  -1.6955767859    1.9084223006   -2.6752169367
  -1.8773786908    1.7689207925   -2.6752169367
  -2.0168801988    1.5871188876   -2.6752169367
  -2.1045745129    1.3754060853   -2.6752169367
  -2.1344854103    1.1482102632   -2.6752169367
  -2.1045745129    0.9210144411   -2.6752169367
  -2.0168801988    0.7093016388   -2.6752169367
  -1.8773786908    0.5274997339   -2.6752169367
  -1.6955767859    0.3879982258   -2.6752169367
  -1.4838639836    0.3003039118   -2.6752169367
  -1.2566681615    0.2703930144   -2.6752169367
  -1.0294723393    0.3003039118   -2.6752169367
  -0.8177595370    0.3879982258   -2.6752169367
  -0.6359576322    0.5274997339   -2.6752169367
  -0.4964561241    0.7093016388   -2.6752169367
  -0.4087618101    0.9210144411   -2.6752169367
  -0.5916670956    1.1482102632   -2.7465457321
  -0.6317715670    1.3756540231   -2.7465457321
  -0.7472477903    1.5756647088   -2.7465457321
  -0.9241676285    1.7241180798   -2.7465457321
  -1.1411919382    1.8031084686   -2.7465457321
  -1.3721443847    1.8031084686   -2.7465457321
  -1.5891686944    1.7241180798   -2.7465457321
  -1.7660885326    1.5756647088   -2.7465457321
  -1.8815647559    1.3756540231   -2.7465457321
  -1.9216692273    1.1482102632   -2.7465457321
  -1.8815647559    0.9207665033   -2.7465457321
  -1.7660885326    0.7207558176   -2.7465457321
  -1.5891686944    0.5723024466   -2.7465457321
  -1.3721443847    0.4933120578   -2.7465457321
  -1.1411919382    0.4933120578   -2.7465457321
  -0.9241676285    0.5723024466   -2.7465457321
  -0.7472477903    0.7207558176   -2.7465457321
  -0.6317715670    0.9207665033   -2.7465457321
  -0.8101568332    1.1482102632   -2.7979340514
  -0.8699780081    1.3714659274   -2.7979340514
  -1.0334124973    1.5349004166   -2.7979340514
  -1.2566681615    1.5947215915   -2.7979340514
  -1.4799238256    1.5349004166   -2.7979340514
  -1.6433583148    1.3714659274   -2.7979340514
  -1.7031794898    1.1482102632   -2.7979340514
  -1.6433583148    0.9249545991   -2.7979340514
  -1.4799238256    0.7615201098   -2.7979340514
  -1.2566681615    0.7016989349   -2.7979340514
  -1.0334124973    0.7615201098   -2.7979340514
  -0.8699780081    0.9249545991   -2.7979340514
  -1.0324560480    1.1482102632   -2.8289434676
  -1.1445621047    1.3423836493   -2.8289434676
  -1.3687742182    1.3423836493   -2.8289434676
  -1.4808802750    1.1482102632   -2.8289434676
  -1.3687742182    0.9540368771   -2.8289434676
  -1.1445621047    0.9540368771   -2.8289434676
  -1.2566681615    1.1482102632   -2.8393094192
  -2.3193426272   -1.8044192577    1.5114013505
  -2.1684518716   -1.9771276241    1.5114013505
  -1.9891477229   -2.1201179112    1.5114013505
  -1.7871931640   -2.2287942936    1.5114013505
  -1.5690791805   -2.2996638228    1.5114013505
  -1.3418161354   -2.3304486940    1.5114013505
  -1.1127084499   -2.3201594560    1.5114013505
  -2.6771529143   -1.5050317939    1.3845555730
  -2.5892155758   -1.7173313092    1.3845555730
  -2.4691499307   -1.9132606347    1.3845555730
  -2.3199123937   -2.0879953401    1.3845555730
  -2.1451776883   -2.2372328771    1.3845555730
  -1.9492483628   -2.3572985221    1.3845555730
  -1.7369488475   -2.4452358607    1.3845555730
  -1.5135066610   -2.4988795835    1.3845555730
  -1.2844236915   -2.5169088042    1.3845555730
  -1.0553407220   -2.4988795835    1.3845555730
  -0.8318985355   -2.4452358607    1.3845555730
  -2.9175162599   -1.1667035948    1.2411653796
  -2.8857299707   -1.3928747947    1.2411653796
  -2.8227760762   -1.6124211157    1.2411653796
  -2.7298799024   -1.8210693382    1.2411653796
  -2.6088495676   -2.0147583620    1.2411653796
  -2.4620407897   -2.1897182506    1.2411653796
  -2.2923110344   -2.3425436086    1.2411653796
  -2.1029638985   -2.4702598644    1.2411653796
  -1.8976848085   -2.5703811664    1.2411653796
  -1.6804692885   -2.6409587672    1.2411653796
  -1.4555451914   -2.6806189541    1.2411653796
  -1.2272904090   -2.6885897867    1.2411653796
  -1.0001476609   -2.6647161219    1.2411653796
  -0.7785380224   -2.6094626333    1.2411653796
  -0.5667748730   -2.5239047673    1.2411653796
  -3.0802153603   -1.0525066378    1.0824541248
  -3.0660550066   -1.2775790145    1.0824541248
  -3.0237972628   -1.4991018653    1.0824541248
  -2.9541085587   -1.7135816426    1.0824541248
  -2.8580879269   -1.9176358722    1.0824541248
  -2.7372496699   -2.1080464970    1.0824541248
  -2.5934994795   -2.2818106276    1.0824541248
  -2.4291043818   -2.4361878999    1.0824541248
  -2.2466569858   -2.5687436922    1.0824541248
  -2.0490345960   -2.6773875204    1.0824541248
  -1.8393538355   -2.7604060064    1.0824541248
  -1.6209214951   -2.8164898991    1.0824541248
  -1.3971823833   -2.8447547220    1.0824541248
  -1.1716649996   -2.8447547220    1.0824541248
  -0.9479258878   -2.8164898991    1.0824541248
  -0.7294935474   -2.7604060064    1.0824541248
  -0.5198127869   -2.6773875204    1.0824541248
  -3.2104934997   -0.8273813644    0.9097758771
  -3.2236055538   -1.0525066378    0.9097758771
  -3.2104934997   -1.2776319112    0.9097758771
  -3.1713346557   -1.4997127515    0.9097758771
  -3.1066585778   -1.7157458963    0.9097758771
  -3.0173398991   -1.9228098679    0.9097758771
  -2.9045865015   -2.1181044813    0.9097758771
  -2.7699231813   -2.2989887118    0.9097758771
  -2.6151710288   -2.4630164107    0.9097758771
  -2.4424228014   -2.6079693845    0.9097758771
  -2.2540146226   -2.7318873931    0.9097758771
  -2.0524943898   -2.8330946580    0.9097758771
  -1.8405873184   -2.9102225244    0.9097758771
  -1.6211590880   -2.9622279703    0.9097758771
  -1.3971770891   -2.9884077113    0.9097758771
  -1.1716702939   -2.9884077113    0.9097758771
  -0.9476882949   -2.9622279703    0.9097758771
  -0.7282600646   -2.9102225244    0.9097758771
  -0.5163529932   -2.8330946580    0.9097758771
  -3.3222734072   -0.7124496649    0.7246038665
  -3.3473141023   -0.9386938023    0.7246038665
  -3.3473141023   -1.1663194733    0.7246038665
  -3.3222734072   -1.3925636107    0.7246038665
  -3.2724959770   -1.6146799171    0.7246038665
  -3.1985860425   -1.8299722014    0.7246038665
  -3.1014407700   -2.0358271070    0.7246038665
  -2.9822393715   -2.2297458340    0.7246038665
  -2.8424287907   -2.4093744720    0.7246038665
  -2.6837061384   -2.5725325726    0.7246038665
  -2.5079980928   -2.7172396173    0.7246038665
  -2.3174375114   -2.8417390588    0.7246038665
  -2.1143375416   -2.9445196425    0.7246038665
  -1.9011635419   -3.0243337513    0.7246038665
  -1.6805031559   -3.0802125500    0.7246038665
  -1.4550349017   -3.1114777458    0.7246038665
  -1.2274956586   -3.1177498215    0.7246038665
  -1.0006474446   -3.0989526425    0.7246038665
  -0.7772438899   -3.0553143813    0.7246038665
  -0.5599968109   -2.9873647472    0.7246038665
  -3.4121361279   -0.6002473981    0.5285179153
  -3.4477542599   -0.8251314328    0.5285179153
  -3.4596704895   -1.0525066378    0.5285179153
  -3.4477542599   -1.2798818429    0.5285179153
  -3.4121361279   -1.5047658776    0.5285179153
  -3.3532063333   -1.7246948654    0.5285179153
  -3.2716105230   -1.9372592183    0.5285179153
  -3.1682426780   -2.1401300368    0.5285179153
  -3.0442353180   -2.3310846258    0.5285179153
  -2.9009470935   -2.5080308468    0.5285179153
  -2.7399479004   -2.6690300399    0.5285179153
  -2.5630016794   -2.8123182644    0.5285179153
  -2.3720470905   -2.9363256244    0.5285179153
  -2.1691762720   -3.0396934694    0.5285179153
  -1.9566119190   -3.1212892796    0.5285179153
  -1.7366829312   -3.1802190743    0.5285179153
  -1.5117988965   -3.2158372063    0.5285179153
  -1.2844236915   -3.2277534358    0.5285179153
  -1.0570484865   -3.2158372063    0.5285179153
  -0.8321644518   -3.1802190743    0.5285179153
  -0.6122354639   -3.1212892796    0.5285179153
  -0.3996711110   -3.0396934694    0.5285179153
  -3.4802631993   -0.4933771954    0.3231909596
  -3.5250228941   -0.7147906465    0.3231909596
  -3.5475145074   -0.9395604708    0.3231909596
  -3.5475145074   -1.1654528049    0.3231909596
  -3.5250228941   -1.3902226292    0.3231909596
  -3.4802631993   -1.6116360802    0.3231909596
  -3.4136802650   -1.8274926517    0.3231909596
  -3.3259358223   -2.0356470640    0.3231909596
  -3.2179019147   -2.2340305850    0.3231909596
  -3.0906522320   -2.4206715903    0.3231909596
  -2.9454514385   -2.5937151575    0.3231909596
  -2.7837426051   -2.7514415021    0.3231909596
  -2.6071328667   -2.8922830687    0.3231909596
  -2.4173774502   -3.0148401106    0.3231909596
  -2.2163622303   -3.1178946008    0.3231909596
  -2.0060849865   -3.2004223375    0.3231909596
  -1.7886355485   -3.2616031230    0.3231909596
  -1.5661750266   -3.3008289152    0.3231909596
  -1.3409143333   -3.3177098704    0.3231909596
  -1.1150922106   -3.3120782183    0.3231909596
  -0.8909529803   -3.2839899286    0.3231909596
  -0.6707242387   -3.2337241555    0.3231909596
  -0.4565947179   -3.1617804627    0.3231909596
  -0.2506925334   -3.0688738590    0.3231909596
  -3.4891663158   -0.2767595510    0.1103747766
  -3.5537441649   -0.4931693770    0.1103747766
  -3.5971339801   -0.7148015844    0.1103747766
  -3.6189306425   -0.9395868528    0.1103747766
  -3.6189306425   -1.1654264229    0.1103747766
  -3.5971339801   -1.3902116913    0.1103747766
  -3.5537441649   -1.6118438987    0.1103747766
  -3.4891663158   -1.8282537247    0.1103747766
  -3.4040033789   -2.0374206092    0.1103747766
  -3.2990504975   -2.2373916174    0.1103747766
  -3.1752875885   -2.4262996737    0.1103747766
  -3.0338701927   -2.6023809946    0.1103747766
  -2.8761186863   -2.7639915562    0.1103747766
  -2.7035059526   -2.9096224443    0.1103747766
  -2.5176436302   -3.0379139425    0.1103747766
  -2.3202670654   -3.1476682276    0.1103747766
  -2.1132191102   -3.2378605534    0.1103747766
  -1.8984329155   -3.3076488185    0.1103747766
  -1.6779138821   -3.3563814288    0.1103747766
  -1.4537209367   -3.3836033808    0.1103747766
  -1.2279473087   -3.3890605106    0.1103747766
  -1.0027009853   -3.3727018665    0.1103747766
  -0.7800850310   -3.3346801847    0.1103747766
  -0.5621779509   -3.2753504633    0.1103747766
  -0.3510142847   -3.1952666481    0.1103747766
  -3.5019462041   -0.1647445414   -0.1081149610
  -3.5762922427   -0.3795533129   -0.1081149610
  -3.6298827649   -0.6004564539   -0.1081149610
  -3.6622324464   -0.8254534314   -0.1081149610
  -3.6730483237   -1.0525066378   -0.1081149610
  -3.6622324464   -1.2795598443   -0.1081149610
  -3.6298827649   -1.5045568218   -0.1081149610
  -3.5762922427   -1.7254599628   -0.1081149610
  -3.5019462041   -1.9402687343   -0.1081149610
  -3.4075179381   -2.1470377948   -0.1081149610
  -3.2938626020   -2.3438946116   -0.1081149610
  -3.1620094758   -2.5290564190   -0.1081149610
  -3.0131526421   -2.7008463628   -0.1081149610
  -2.8486401713   -2.8577086869   -0.1081149610
  -2.6699619138   -2.9982228217   -0.1081149610
  -2.4787360076   -3.1211162495   -0.1081149610
  -2.2766942241   -3.2252760282   -0.1081149610
  -2.0656662851   -3.3097588709   -0.1081149610
  -1.8475632921   -3.3737996878   -0.1081149610
  -1.6243604197   -3.4168185154   -0.1081149610
  -1.3980790277   -3.4384257685   -0.1081149610
  -1.1707683553   -3.4384257685   -0.1081149610
  -0.9444869632   -3.4168185154   -0.1081149610
  -0.7212840909   -3.3737996878   -0.1081149610
  -0.5031810979   -3.3097588709   -0.1081149610
  -0.2921531588   -3.2252760282   -0.1081149610
  -0.0901113754   -3.1211162495   -0.1081149610
  -3.4917821624   -0.0614478561   -0.3304141758
  -3.5748872102   -0.2725029213   -0.3304141758
  -3.6378635821   -0.4904126873   -0.3304141758
  -3.6801578397   -0.7132621551   -0.3304141758
  -3.7013982995   -0.9390929156   -0.3304141758
  -3.7013982995   -1.1659203600   -0.3304141758
  -3.6801578397   -1.3917511206   -0.3304141758
  -3.6378635821   -1.6146005884   -0.3304141758
  -3.5748872102   -1.8325103543   -0.3304141758
  -3.4917821624   -2.0435654196   -0.3304141758
  -3.3892787691   -2.2459110247   -0.3304141758
  -3.2682778336   -2.4377689490   -0.3304141758
  -3.1298427166   -2.6174531384   -0.3304141758
  -2.9751899909   -2.7833845217   -0.3304141758
  -2.8056787501   -2.9341048879   -0.3304141758
  -2.6227986652   -3.0682897010   -0.3304141758
  -2.4281568929   -3.1847597401   -0.3304141758
  -2.2234639521   -3.2824914622   -0.3304141758
  -2.0105186917   -3.3606259976   -0.3304141758
  -1.7911924824   -3.4184766970   -0.3304141758
  -1.5674127707   -3.4555351664   -0.3304141758
  -1.3411461408   -3.4714757348   -0.3304141758
  -1.1143810319   -3.4661583157   -0.3304141758
  -0.8891102641   -3.4396296389   -0.3304141758
  -0.6673135249   -3.3921228394   -0.3304141758
  -0.4509399720   -3.3240554085   -0.3304141758
  -0.2418911040   -3.2360255254   -0.3304141758
  -0.0420040499   -3.1288067997   -0.3304141758
  -3.4596704895    0.0306375667   -0.5546262893
  -3.5503312089   -0.1746893890   -0.5546262893
  -3.6216600044   -0.3875055720   -0.5546262893
  -3.6730483237   -0.6059953095   -0.5546262893
  -3.7040577399   -0.8282945243   -0.5546262893
  -3.7144236915   -1.0525066378   -0.5546262893
  -3.7040577399   -1.2767187513   -0.5546262893
  -3.6730483237   -1.4990179661   -0.5546262893
  -3.6216600044   -1.7175077037   -0.5546262893
  -3.5503312089   -1.9303238867   -0.5546262893
  -3.4596704895   -2.1356508424   -0.5546262893
  -3.3504513313   -2.3317367936   -0.5546262893
  -3.2236055538   -2.5169088042   -0.5546262893
  -3.0802153603   -2.6895870519   -0.5546262893
  -2.9215041055   -2.8482983067   -0.5546262893
  -2.7488258579   -2.9916885001   -0.5546262893
  -2.5636538473   -3.1185342777   -0.5546262893
  -2.3675678960   -3.2277534358   -0.5546262893
  -2.1622409403   -3.3184141553   -0.5546262893
  -1.9494247574   -3.3897429507   -0.5546262893
  -1.7309350198   -3.4411312701   -0.5546262893
  -1.5086358050   -3.4721406862   -0.5546262893
  -1.2844236915   -3.4825066378   -0.5546262893
  -1.0602115780   -3.4721406862   -0.5546262893
  -0.8379123632   -3.4411312701   -0.5546262893
  -0.6194226256   -3.3897429507   -0.5546262893
  -0.4066064426   -3.3184141553   -0.5546262893
  -0.2012794869   -3.2277534358   -0.5546262893
  -0.0051935357   -3.1185342777   -0.5546262893
  -3.4917821624   -0.0614478561   -0.7788384028
  -3.5748872102   -0.2725029213   -0.7788384028
  -3.6378635821   -0.4904126873   -0.7788384028
  -3.6801578397   -0.7132621551   -0.7788384028
  -3.7013982995   -0.9390929156   -0.7788384028
  -3.7013982995   -1.1659203600   -0.7788384028
  -3.6801578397   -1.3917511206   -0.7788384028
  -3.6378635821   -1.6146005884   -0.7788384028
  -3.5748872102   -1.8325103543   -0.7788384028
  -3.4917821624   -2.0435654196   -0.7788384028
  -3.3892787691   -2.2459110247   -0.7788384028
  -3.2682778336   -2.4377689490   -0.7788384028
  -3.1298427166   -2.6174531384   -0.7788384028
  -2.9751899909   -2.7833845217   -0.7788384028
  -2.8056787501   -2.9341048879   -0.7788384028
  -2.6227986652   -3.0682897010   -0.7788384028
  -2.4281568929   -3.1847597401   -0.7788384028
  -2.2234639521   -3.2824914622   -0.7788384028
  -2.0105186917   -3.3606259976   -0.7788384028
  -1.7911924824   -3.4184766970   -0.7788384028
  -1.5674127707   -3.4555351664   -0.7788384028
  -1.3411461408   -3.4714757348   -0.7788384028
  -1.1143810319   -3.4661583157   -0.7788384028
  -0.8891102641   -3.4396296389   -0.7788384028
  -0.6673135249   -3.3921228394   -0.7788384028
  -0.4509399720   -3.3240554085   -0.7788384028
  -0.2418911040   -3.2360255254   -0.7788384028
  -0.0420040499   -3.1288067997   -0.7788384028
   0.1469645758   -3.0033414736   -0.7788384028
  -3.4075179381    0.0420245191   -1.0011376176
  -3.5019462041   -0.1647445414   -1.0011376176
  -3.5762922427   -0.3795533129   -1.0011376176
  -3.6298827649   -0.6004564539   -1.0011376176
  -3.6622324464   -0.8254534314   -1.0011376176
  -3.6730483237   -1.0525066378   -1.0011376176
  -3.6622324464   -1.2795598443   -1.0011376176
  -3.6298827649   -1.5045568218   -1.0011376176
  -3.5762922427   -1.7254599628   -1.0011376176
  -3.5019462041   -1.9402687343   -1.0011376176
  -3.4075179381   -2.1470377948   -1.0011376176
  -3.2938626020   -2.3438946116   -1.0011376176
  -3.1620094758   -2.5290564190   -1.0011376176
  -3.0131526421   -2.7008463628   -1.0011376176
  -2.8486401713   -2.8577086869   -1.0011376176
  -2.6699619138   -2.9982228217   -1.0011376176
  -2.4787360076   -3.1211162495   -1.0011376176
  -2.2766942241   -3.2252760282   -1.0011376176
  -2.0656662851   -3.3097588709   -1.0011376176
  -1.8475632921   -3.3737996878   -1.0011376176
  -1.6243604197   -3.4168185154   -1.0011376176
  -1.3980790277   -3.4384257685   -1.0011376176
  -1.1707683553   -3.4384257685   -1.0011376176
  -0.9444869632   -3.4168185154   -1.0011376176
  -0.7212840909   -3.3737996878   -1.0011376176
  -0.5031810979   -3.3097588709   -1.0011376176
  -0.2921531588   -3.2252760282   -1.0011376176
  -0.0901113754   -3.1211162495   -1.0011376176
   0.1011145308   -2.9982228217   -1.0011376176
  -3.4040033789   -0.0675926664   -1.2196273552
  -3.4891663158   -0.2767595510   -1.2196273552
  -3.5537441649   -0.4931693770   -1.2196273552
  -3.5971339801   -0.7148015844   -1.2196273552
  -3.6189306425   -0.9395868528   -1.2196273552
  -3.6189306425   -1.1654264229   -1.2196273552
  -3.5971339801   -1.3902116913   -1.2196273552
  -3.5537441649   -1.6118438987   -1.2196273552
  -3.4891663158   -1.8282537247   -1.2196273552
  -3.4040033789   -2.0374206092   -1.2196273552
  -3.2990504975   -2.2373916174   -1.2196273552
  -3.1752875885   -2.4262996737   -1.2196273552
  -3.0338701927   -2.6023809946   -1.2196273552
  -2.8761186863   -2.7639915562   -1.2196273552
  -2.7035059526   -2.9096224443   -1.2196273552
  -2.5176436302   -3.0379139425   -1.2196273552
  -2.3202670654   -3.1476682276   -1.2196273552
  -2.1132191102   -3.2378605534   -1.2196273552
  -1.8984329155   -3.3076488185   -1.2196273552
  -1.6779138821   -3.3563814288   -1.2196273552
  -1.4537209367   -3.3836033808   -1.2196273552
  -1.2279473087   -3.3890605106   -1.2196273552
  -1.0027009853   -3.3727018665   -1.2196273552
  -0.7800850310   -3.3346801847   -1.2196273552
  -0.5621779509   -3.2753504633   -1.2196273552
  -0.3510142847   -3.1952666481   -1.2196273552
  -0.1485656106   -3.0951764600   -1.2196273552
   0.0432778627   -2.9760144141   -1.2196273552
   0.2227249442   -2.8388930944   -1.2196273552
  -3.2179019147    0.1290173094   -1.4324435381
  -3.3259358223   -0.0693662117   -1.4324435381
  -3.4136802650   -0.2775206240   -1.4324435381
  -3.4802631993   -0.4933771954   -1.4324435381
  -3.5250228941   -0.7147906465   -1.4324435381
  -3.5475145074   -0.9395604708   -1.4324435381
  -3.5475145074   -1.1654528049   -1.4324435381
  -3.5250228941   -1.3902226292   -1.4324435381
  -3.4802631993   -1.6116360802   -1.4324435381
  -3.4136802650   -1.8274926517   -1.4324435381
  -3.3259358223   -2.0356470640   -1.4324435381
  -3.2179019147   -2.2340305850   -1.4324435381
  -3.0906522320   -2.4206715903   -1.4324435381
  -2.9454514385   -2.5937151575   -1.4324435381
  -2.7837426051   -2.7514415021   -1.4324435381
  -2.6071328667   -2.8922830687   -1.4324435381
  -2.4173774502   -3.0148401106   -1.4324435381
  -2.2163622303   -3.1178946008   -1.4324435381
  -2.0060849865   -3.2004223375   -1.4324435381
  -1.7886355485   -3.2616031230   -1.4324435381
  -1.5661750266   -3.3008289152   -1.4324435381
  -1.3409143333   -3.3177098704   -1.4324435381
  -1.1150922106   -3.3120782183   -1.4324435381
  -0.8909529803   -3.2839899286   -1.4324435381
  -0.6707242387   -3.2337241555   -1.4324435381
  -0.4565947179   -3.1617804627   -1.4324435381
  -0.2506925334   -3.0688738590   -1.4324435381
  -0.0550640336   -2.9559276920   -1.4324435381
   0.1283465376   -2.8240644713   -1.4324435381
   0.2977163636   -2.6745947131   -1.4324435381
  -3.1682426780    0.0351167612   -1.6377704938
  -3.2716105230   -0.1677540574   -1.6377704938
  -3.3532063333   -0.3803184103   -1.6377704938
  -3.4121361279   -0.6002473981   -1.6377704938
  -3.4477542599   -0.8251314328   -1.6377704938
  -3.4596704895   -1.0525066378   -1.6377704938
  -3.4477542599   -1.2798818429   -1.6377704938
  -3.4121361279   -1.5047658776   -1.6377704938
  -3.3532063333   -1.7246948654   -1.6377704938
  -3.2716105230   -1.9372592183   -1.6377704938
  -3.1682426780   -2.1401300368   -1.6377704938
  -3.0442353180   -2.3310846258   -1.6377704938
  -2.9009470935   -2.5080308468   -1.6377704938
  -2.7399479004   -2.6690300399   -1.6377704938
  -2.5630016794   -2.8123182644   -1.6377704938
  -2.3720470905   -2.9363256244   -1.6377704938
  -2.1691762720   -3.0396934694   -1.6377704938
  -1.9566119190   -3.1212892796   -1.6377704938
  -1.7366829312   -3.1802190743   -1.6377704938
  -1.5117988965   -3.2158372063   -1.6377704938
  -1.2844236915   -3.2277534358   -1.6377704938
  -1.0570484865   -3.2158372063   -1.6377704938
  -0.8321644518   -3.1802190743   -1.6377704938
  -0.6122354639   -3.1212892796   -1.6377704938
  -0.3996711110   -3.0396934694   -1.6377704938
  -0.1968002925   -2.9363256244   -1.6377704938
  -0.0058457035   -2.8123182644   -1.6377704938
   0.1711005174   -2.6690300399   -1.6377704938
   0.3320997106   -2.5080308468   -1.6377704938
   0.4753879351   -2.3310846258   -1.6377704938
  -2.9822393715    0.1247325584   -1.8338564451
  -3.1014407700   -0.0691861687   -1.8338564451
  -3.1985860425   -0.2750410743   -1.8338564451
  -3.2724959770   -0.4903333586   -1.8338564451
  -3.3222734072   -0.7124496649   -1.8338564451
  -3.3473141023   -0.9386938023   -1.8338564451
  -3.3473141023   -1.1663194733   -1.8338564451
  -3.3222734072   -1.3925636107   -1.8338564451
  -3.2724959770   -1.6146799171   -1.8338564451
  -3.1985860425   -1.8299722014   -1.8338564451
  -3.1014407700   -2.0358271070   -1.8338564451
  -2.9822393715   -2.2297458340   -1.8338564451
  -2.8424287907   -2.4093744720   -1.8338564451
  -2.6837061384   -2.5725325726   -1.8338564451
  -2.5079980928   -2.7172396173   -1.8338564451
  -2.3174375114   -2.8417390588   -1.8338564451
  -2.1143375416   -2.9445196425   -1.8338564451
  -1.9011635419   -3.0243337513   -1.8338564451
  -1.6805031559   -3.0802125500   -1.8338564451
  -1.4550349017   -3.1114777458   -1.8338564451
  -1.2274956586   -3.1177498215   -1.8338564451
  -1.0006474446   -3.0989526425   -1.8338564451
  -0.7772438899   -3.0553143813   -1.8338564451
  -0.5599968109   -2.9873647472   -1.8338564451
  -0.3515432929   -2.8959285566   -1.8338564451
  -0.1544136792   -2.7821157211   -1.8338564451
   0.0289991436   -2.6473077743   -1.8338564451
   0.1964687925   -2.4931411021   -1.8338564451
   0.3459624126   -2.3214870790   -1.8338564451
   0.4756653541   -2.1344293524   -1.8338564451
  -2.9045865015    0.0130912056   -2.0190284557
  -3.0173398991   -0.1822034078   -2.0190284557
  -3.1066585778   -0.3892673794   -2.0190284557
  -3.1713346557   -0.6053005241   -2.0190284557
  -3.2104934997   -0.8273813644   -2.0190284557
  -3.2236055538   -1.0525066378   -2.0190284557
  -3.2104934997   -1.2776319112   -2.0190284557
  -3.1713346557   -1.4997127515   -2.0190284557
  -3.1066585778   -1.7157458963   -2.0190284557
  -3.0173398991   -1.9228098679   -2.0190284557
  -2.9045865015   -2.1181044813   -2.0190284557
  -2.7699231813   -2.2989887118   -2.0190284557
  -2.6151710288   -2.4630164107   -2.0190284557
  -2.4424228014   -2.6079693845   -2.0190284557
  -2.2540146226   -2.7318873931   -2.0190284557
  -2.0524943898   -2.8330946580   -2.0190284557
  -1.8405873184   -2.9102225244   -2.0190284557
  -1.6211590880   -2.9622279703   -2.0190284557
  -1.3971770891   -2.9884077113   -2.0190284557
  -1.1716702939   -2.9884077113   -2.0190284557
  -0.9476882949   -2.9622279703   -2.0190284557
  -0.7282600646   -2.9102225244   -2.0190284557
  -0.5163529932   -2.8330946580   -2.0190284557
  -0.3148327603   -2.7318873931   -2.0190284557
  -0.1264245815   -2.6079693845   -2.0190284557
   0.0463236458   -2.4630164107   -2.0190284557
   0.2010757983   -2.2989887118   -2.0190284557
   0.3357391186   -2.1181044813   -2.0190284557
   0.4484925162   -1.9228098679   -2.0190284557
  -2.5934994795    0.1767973519   -2.1917067033
  -2.7372496699    0.0030332213   -2.1917067033
  -2.8580879269   -0.1873774034   -2.1917067033
  -2.9541085587   -0.3914316330   -2.1917067033
  -3.0237972628   -0.6059114103   -2.1917067033
  -3.0660550066   -0.8274342612   -2.1917067033
  -3.0802153603   -1.0525066378   -2.1917067033
  -3.0660550066   -1.2775790145   -2.1917067033
  -3.0237972628   -1.4991018653   -2.1917067033
  -2.9541085587   -1.7135816426   -2.1917067033
  -2.8580879269   -1.9176358722   -2.1917067033
  -2.7372496699   -2.1080464970   -2.1917067033
  -2.5934994795   -2.2818106276   -2.1917067033
  -2.4291043818   -2.4361878999   -2.1917067033
  -2.2466569858   -2.5687436922   -2.1917067033
  -2.0490345960   -2.6773875204   -2.1917067033
  -1.8393538355   -2.7604060064   -2.1917067033
  -1.6209214951   -2.8164898991   -2.1917067033
  -1.3971823833   -2.8447547220   -2.1917067033
  -1.1716649996   -2.8447547220   -2.1917067033
  -0.9479258878   -2.8164898991   -2.1917067033
  -0.7294935474   -2.7604060064   -2.1917067033
  -0.5198127869   -2.6773875204   -2.1917067033
  -0.3221903971   -2.5687436922   -2.1917067033
  -0.1397430012   -2.4361878999   -2.1917067033
   0.0246520965   -2.2818106276   -2.1917067033
   0.1684022870   -2.1080464970   -2.1917067033
   0.2892405439   -1.9176358722   -2.1917067033
  -2.4620407897    0.0847049749   -2.3504179581
  -2.6088495676   -0.0902549136   -2.3504179581
  -2.7298799024   -0.2839439374   -2.3504179581
  -2.8227760762   -0.4925921600   -2.3504179581
  -2.8857299707   -0.7121384809   -2.3504179581
  -2.9175162599   -0.9383096809   -2.3504179581
  -2.9175162599   -1.1667035948   -2.3504179581
  -2.8857299707   -1.3928747947   -2.3504179581
  -2.8227760762   -1.6124211157   -2.3504179581
  -2.7298799024   -1.8210693382   -2.3504179581
  -2.6088495676   -2.0147583620   -2.3504179581
  -2.4620407897   -2.1897182506   -2.3504179581
  -2.2923110344   -2.3425436086   -2.3504179581
  -2.1029638985   -2.4702598644   -2.3504179581
  -1.8976848085   -2.5703811664   -2.3504179581
  -1.6804692885   -2.6409587672   -2.3504179581
  -1.4555451914   -2.6806189541   -2.3504179581
  -1.2272904090   -2.6885897867   -2.3504179581
  -1.0001476609   -2.6647161219   -2.3504179581
  -0.7785380224   -2.6094626333   -2.3504179581
  -0.5667748730   -2.5239047673   -2.3504179581
  -0.3689799415   -2.4097078104   -2.3504179581
  -0.1890030814   -2.2690944764   -2.3504179581
  -0.0303473373   -2.1048016441   -2.3504179581
   0.1038992369   -1.9200270863   -2.3504179581
   0.2111236846   -1.7183672299   -2.3504179581
  -2.1451776883    0.1322196014   -2.4938081516
  -2.3199123937   -0.0170179356   -2.4938081516
  -2.4691499307   -0.1917526410   -2.4938081516
  -2.5892155758   -0.3876819665   -2.4938081516
  -2.6771529143   -0.5999814818   -2.4938081516
  -2.7307966372   -0.8234236683   -2.4938081516
  -2.7488258579   -1.0525066378   -2.4938081516
  -2.7307966372   -1.2815896073   -2.4938081516
  -2.6771529143   -1.5050317939   -2.4938081516
  -2.5892155758   -1.7173313092   -2.4938081516
  -2.4691499307   -1.9132606347   -2.4938081516
  -2.3199123937   -2.0879953401   -2.4938081516
  -2.1451776883   -2.2372328771   -2.4938081516
  -1.9492483628   -2.3572985221   -2.4938081516
  -1.7369488475   -2.4452358607   -2.4938081516
  -1.5135066610   -2.4988795835   -2.4938081516
  -1.2844236915   -2.5169088042   -2.4938081516
  -1.0553407220   -2.4988795835   -2.4938081516
  -0.8318985355   -2.4452358607   -2.4938081516
  -0.6195990201   -2.3572985221   -2.4938081516
  -0.4236696946   -2.2372328771   -2.4938081516
  -0.2489349892   -2.0879953401   -2.4938081516
  -0.0996974523   -1.9132606347   -2.4938081516
   0.0203681928   -1.7173313092   -2.4938081516
   0.1083055314   -1.5050317939   -2.4938081516
  -0.6782366086    0.0739777216   -2.6206539291
  -0.8891198336    0.1641135377   -2.6206539291
  -1.7871931640    0.1237810179   -2.6206539291
  -1.9891477229    0.0151046355   -2.6206539291
  -2.1684518716   -0.1278856516   -2.6206539291
  -2.3193426272   -0.3005940180   -2.6206539291
  -2.4369702367   -0.4974694746   -2.6206539291
  -2.5175540519   -0.7121842824   -2.6206539291
  -2.5585040428   -0.9378373307   -2.6206539291
  -2.5585040428   -1.1671759449   -2.6206539291
  -2.5175540519   -1.3928289932   -2.6206539291
  -2.4369702367   -1.6075438010   -2.6206539291
  -2.3193426272   -1.8044192577   -2.6206539291
  -2.1684518716   -1.9771276241   -2.6206539291
  -1.9891477229   -2.1201179112   -2.6206539291
  -1.7871931640   -2.2287942936   -2.6206539291
  -1.5690791805   -2.2996638228   -2.6206539291
  -1.3418161354   -2.3304486940   -2.6206539291
  -1.1127084499   -2.3201594560   -2.6206539291
  -0.8891198336   -2.2691268133   -2.6206539291
  -0.6782366086   -2.1789909972   -2.6206539291
  -0.4868367351   -2.0526490470   -2.6206539291
  -0.3210719627   -1.8941616967   -2.6206539291
  -0.1862701075   -1.7086228604   -2.6206539291
  -0.0867638121   -1.5019959088   -2.6206539291
  -0.0257512906   -1.2809220022   -2.6206539291
  -0.2012794869   -1.0525066378   -2.7298730873
  -0.2249487866   -0.8273082949   -2.7298730873
  -0.5596587531   -0.2475736270   -2.7298730873
  -0.7428515892   -0.1144762407   -2.7298730873
  -0.9497137249   -0.0223752840   -2.7298730873
  -1.1712042923    0.0247039894   -2.7298730873
  -1.3976430907    0.0247039894   -2.7298730873
  -1.6191336580   -0.0223752840   -2.7298730873
  -1.8259957937   -0.1144762407   -2.7298730873
  -2.0091886298   -0.2475736270   -2.7298730873
  -2.1607057603   -0.4158504483   -2.7298730873
  -2.2739251595   -0.6119522001   -2.7298730873
  -2.3438985964   -0.8273082949   -2.7298730873
  -2.3675678960   -1.0525066378   -2.7298730873
  -2.3438985964   -1.2777049808   -2.7298730873
  -2.2739251595   -1.4930610756   -2.7298730873
  -2.1607057603   -1.6891628274   -2.7298730873
  -2.0091886298   -1.8574396487   -2.7298730873
  -1.8259957937   -1.9905370349   -2.7298730873
  -1.6191336580   -2.0826379916   -2.7298730873
  -1.3976430907   -2.1297172651   -2.7298730873
  -1.1712042923   -2.1297172651   -2.7298730873
  -0.9497137249   -2.0826379916   -2.7298730873
  -0.7428515892   -1.9905370349   -2.7298730873
  -0.5596587531   -1.8574396487   -2.7298730873
  -0.4081416227   -1.6891628274   -2.7298730873
  -0.2949222235   -1.4930610756   -2.7298730873
  -0.2249487866   -1.2777049808   -2.7298730873
  -0.4066064426   -1.0525066378   -2.8205338067
  -0.4365173401   -0.8253108157   -2.8205338067
  -0.5242116541   -0.6135980134   -2.8205338067
  -0.6637131622   -0.4317961085   -2.8205338067
  -0.8455150671   -0.2922946005   -2.8205338067
  -1.0572278694   -0.2046002864   -2.8205338067
  -1.2844236915   -0.1746893890   -2.8205338067
  -1.5116195136   -0.2046002864   -2.8205338067
  -1.7233323159   -0.2922946005   -2.8205338067
  -1.9051342208   -0.4317961085   -2.8205338067
  -2.0446357289   -0.6135980134   -2.8205338067
  -2.1323300429   -0.8253108157   -2.8205338067
  -2.1622409403   -1.0525066378   -2.8205338067
  -2.1323300429   -1.2797024600   -2.8205338067
  -2.0446357289   -1.4914152623   -2.8205338067
  -1.9051342208   -1.6732171671   -2.8205338067
  -1.7233323159   -1.8127186752   -2.8205338067
  -1.5116195136   -1.9004129892   -2.8205338067
  -1.2844236915   -1.9303238867   -2.8205338067
  -1.0572278694   -1.9004129892   -2.8205338067
  -0.8455150671   -1.8127186752   -2.8205338067
  -0.6637131622   -1.6732171671   -2.8205338067
  -0.5242116541   -1.4914152623   -2.8205338067
  -0.4365173401   -1.2797024600   -2.8205338067
  -0.6194226256   -1.0525066378   -2.8918626022
  -0.6595270971   -0.8250628780   -2.8918626022
  -0.7750033203   -0.6250521923   -2.8918626022
  -0.9519231585   -0.4765988212   -2.8918626022
  -1.1689474682   -0.3976084324   -2.8918626022
  -1.3998999147   -0.3976084324   -2.8918626022
  -1.6169242244   -0.4765988212   -2.8918626022
  -1.7938440627   -0.6250521923   -2.8918626022
  -1.9093202859   -0.8250628780   -2.8918626022
  -1.9494247574   -1.0525066378   -2.8918626022
  -1.9093202859   -1.2799503977   -2.8918626022
  -1.7938440627   -1.4799610834   -2.8918626022
  -1.6169242244   -1.6284144544   -2.8918626022
  -1.3998999147   -1.7074048433   -2.8918626022
  -1.1689474682   -1.7074048433   -2.8918626022
  -0.9519231585   -1.6284144544   -2.8918626022
  -0.7750033203   -1.4799610834   -2.8918626022
  -0.6595270971   -1.2799503977   -2.8918626022
  -0.8379123632   -1.0525066378   -2.9432509215
  -0.8977335381   -0.8292509737   -2.9432509215
  -1.0611680273   -0.6658164845   -2.9432509215
  -1.2844236915   -0.6059953095   -2.9432509215
  -1.5076793556   -0.6658164845   -2.9432509215
  -1.6711138449   -0.8292509737   -2.9432509215
  -1.7309350198   -1.0525066378   -2.9432509215
  -1.6711138449   -1.2757623020   -2.9432509215
  -1.5076793556   -1.4391967912   -2.9432509215
  -1.2844236915   -1.4990179661   -2.9432509215
  -1.0611680273   -1.4391967912   -2.9432509215
  -0.8977335381   -1.2757623020   -2.9432509215
  -1.0602115780   -1.0525066378   -2.9742603377
  -1.1723176347   -0.8583332517   -2.9742603377
  -1.3965297482   -0.8583332517   -2.9742603377
  -1.5086358050   -1.0525066378   -2.9742603377
  -1.3965297482   -1.2466800240   -2.9742603377
  -1.1723176347   -1.2466800240   -2.9742603377
  -1.2844236915   -1.0525066378   -2.9846262893
   0.6367524214   -0.2003875168    2.5796373400
   3.4488076282   -0.0020884873    0.0039553696
   3.4488076282   -0.0020884873   -0.2252271277
   3.4390896115    0.2266811936   -0.2252271277
   3.4390896115   -0.2308581683   -0.2252271277
   3.4293715947   -0.0020884873   -0.4535839924
   3.4197235964    0.2250329028   -0.4535839924
   3.4197235964   -0.2292098775   -0.4535839924
   3.3906395646   -0.0020884873   -0.6794699081
   3.3808689707    0.2248069290   -0.6794699081
   3.3516295270    0.4500224910   -0.6794699081
   3.3516295270   -0.4541994657   -0.6794699081
   3.3808689707   -0.2289839036   -0.6794699081
   3.3328906033   -0.0020884873   -0.9012573615
   3.3227881468    0.2260780259   -0.9012573615
   3.2925598427    0.4524588269   -0.9012573615
   3.2424422684    0.6752821788   -0.9012573615
   3.2925598427   -0.4566358016   -0.9012573615
   3.3227881468   -0.2302550006   -0.9012573615
   3.2565407932   -0.0020884873   -1.1173483691
   3.2461609392    0.2257306572   -1.1173483691
   3.2151073881    0.4516620205   -1.1173483691
   3.1636374593    0.6738334643   -1.1173483691
   3.0921776489    0.8904040058   -1.1173483691
   3.1636374593   -0.6780104389   -1.1173483691
   3.2151073881   -0.4558389952   -1.1173483691
   3.2461609392   -0.2299076319   -1.1173483691
   3.1621402365   -0.0020884873   -1.3261859901
   2.8941336400    1.1026497500   -1.3261859901
   2.9894424993   -0.8981294337   -1.3261859901
   3.0644818540   -0.6813174571   -1.3261859901
   3.1185721360   -0.4583542777   -1.3261859901
   3.1512234954   -0.2312590847   -1.3261859901
   0.9230545203    2.2906113545   -1.5262655447
   0.6939215513    2.2963255740   -1.5262655447
   0.9781499977    2.1568119376   -1.7161454551
   0.7512404195    2.1687037647   -1.7161454551
   0.5243091147   -2.0161595228   -1.8944576322
   0.7512404195   -2.0289037115   -1.8944576322
   0.9781717242   -2.0161595228   -1.8944576322
   1.2022492361   -1.9780872222   -1.8944576322
   0.4646687694   -1.8482137549   -2.0599173327
   3.1521199336    0.0652336927   -1.3984210402
   3.1399501367    0.2935698821   -1.3984210402
   3.1035786346    0.5193189313   -1.3984210402
   3.0434175311    0.7399230133   -1.3984210402
   2.9601484754    0.9528825956   -1.3984210402
   2.8547149393    1.1557847613   -1.3984210402
   2.7283115267    1.3463305475   -1.3984210402
   3.1035786346   -0.3888515459   -1.3984210402
   3.1399501367   -0.1631024967   -1.3984210402
   3.1167514572    0.0652336927   -1.6217288117
   3.1043661400    0.2936674270   -1.6217288117
   3.0673553949    0.5194229846   -1.6217288117
   3.0061531392    0.7398535880   -1.6217288117
   2.9214769132    0.9523748900   -1.6217288117
   2.8143194682    1.1544952725   -1.6217288117
   2.6859371275    1.3438450590   -1.6217288117
   2.5378350565    1.5182042962   -1.6217288117
   2.3717496166    1.6755287816   -1.6217288117
   2.1896280077    1.8139740293   -1.6217288117
   1.9936054393    1.9319168955   -1.6217288117
   1.7859800965    2.0279746079   -1.6217288117
   1.5691861969    2.1010209776   -1.6217288117
   2.6859371275   -1.2133776736   -1.6217288117
   2.8143194682   -1.0240278872   -1.6217288117
   2.9214769132   -0.8219075046   -1.6217288117
   3.0061531392   -0.6093862026   -1.6217288117
   3.0673553949   -0.3889555992   -1.6217288117
   3.1043661400   -0.1632000416   -1.6217288117
   3.0582347148    0.0652336927   -1.8401162674
   3.0457666140    0.2912216092   -1.8401162674
   3.0085136575    0.5144663385   -1.8401162674
   2.9469280456    0.7322579921   -1.8401162674
   2.8617573444    0.9419528743   -1.8401162674
   2.7540354107    1.1410055732   -1.8401162674
   2.6250698429    1.3269998587   -1.8401162674
   2.4764261082    1.4976780123   -1.8401162674
   2.3099085403    1.6509682322   -1.8401162674
   2.1275384369    1.7850097829   -1.8401162674
   1.9315295239    1.8981755816   -1.8401162674
   1.7242610841    1.9890919487   -1.8401162674
   1.5082490756    2.0566552827   -1.8401162674
   1.2861155914    2.1000454563   -1.8401162674
   1.0605570312    2.1187357714   -1.8401162674
   0.8343113704    2.1124993531   -1.8401162674
   0.6101249248    2.0814119030   -1.8401162674
   2.1275384369   -1.6545423976   -1.8401162674
   2.3099085403   -1.5205008468   -1.8401162674
   2.4764261082   -1.3672106269   -1.8401162674
   2.6250698429   -1.1965324733   -1.8401162674
   2.7540354107   -1.0105381878   -1.8401162674
   2.8617573444   -0.8114854889   -1.8401162674
   2.9469280456   -0.6017906067   -1.8401162674
   3.0085136575   -0.3839989532   -1.8401162674
   3.0457666140   -0.1607542238   -1.8401162674
   2.9772108281    0.0652336927   -2.0511907086
   2.9638683622    0.2943149861   -2.0511907086
   2.9240213983    0.5202983480   -2.0511907086
   2.8582087982    0.7401277411   -2.0511907086
   2.7673205646    0.9508303500   -2.0511907086
   2.6525858049    1.1495567833   -2.0511907086
   2.5155561097    1.3336196070   -2.0511907086
   2.3580845708    1.5005296870   -2.0511907086
   2.1823007205    1.6480298510   -2.0511907086
   1.9905817339    1.7741254122   -2.0511907086
   1.7855202812    1.8771111444   -2.0511907086
   1.5698894670    1.9555943424   -2.0511907086
   1.3466053281    2.0085136554   -2.0511907086
   1.1186873994    2.0351534407   -2.0511907086
   0.8892178798    2.0351534407   -2.0511907086
   0.6612999511    2.0085136554   -2.0511907086
   0.4380158122    1.9555943424   -2.0511907086
   0.6612999511   -1.8780462700   -2.0511907086
   0.8892178798   -1.9046860553   -2.0511907086
   1.1186873994   -1.9046860553   -2.0511907086
   1.3466053281   -1.8780462700   -2.0511907086
   1.5698894670   -1.8251269570   -2.0511907086
   1.7855202812   -1.7466437590   -2.0511907086
   1.9905817339   -1.6436580268   -2.0511907086
   2.1823007205   -1.5175624656   -2.0511907086
   2.3580845708   -1.3700623016   -2.0511907086
   2.5155561097   -1.2031522216   -2.0511907086
   2.6525858049   -1.0190893979   -2.0511907086
   2.7673205646   -0.8203629646   -2.0511907086
   2.8582087982   -0.6096603558   -2.0511907086
   2.9240213983   -0.3898309626   -2.0511907086
   2.9638683622   -0.1638476007   -2.0511907086
   2.8745675118    0.0652336927   -2.2526395596
   2.8603892044    0.2951103568   -2.2526395596
   2.8180692111    0.5215023251   -2.2526395596
   2.7482490598    0.7409777259   -2.2526395596
   2.6519871528    0.9502095360   -2.2526395596
   2.5307427225    1.1460260145   -2.2526395596
   2.3863537108    1.3254587830   -2.2526395596
   2.2210089081    1.4857878238   -2.2526395596
   2.0372147729    1.6245827120   -2.2526395596
   1.8377574370    1.7397394585   -2.2526395596
   1.6256604703    1.8295124046   -2.2526395596
   1.4041390467    1.8925406838   -2.2526395596
   1.1765512050    1.9278688516   -2.2526395596
   0.9463469451    1.9349613691   -2.2526395596
   0.7170159287    1.9137107209   -2.2526395596
   0.4920345804    1.8644390453   -2.2526395596
   0.2748133881    1.7878932504   -2.2526395596
   0.4920345804   -1.7339716599   -2.2526395596
   0.7170159287   -1.7832433356   -2.2526395596
   0.9463469451   -1.8044939837   -2.2526395596
   1.1765512050   -1.7974014662   -2.2526395596
   1.4041390467   -1.7620732984   -2.2526395596
   1.6256604703   -1.6990450192   -2.2526395596
   1.8377574370   -1.6092720731   -2.2526395596
   2.0372147729   -1.4941153266   -2.2526395596
   2.2210089081   -1.3553204384   -2.2526395596
   2.3863537108   -1.1949913976   -2.2526395596
   2.5307427225   -1.0155586291   -2.2526395596
   2.6519871528   -0.8197421507   -2.2526395596
   2.7482490598   -0.6105103405   -2.2526395596
   2.8180692111   -0.3910349397   -2.2526395596
   2.8603892044   -0.1646429714   -2.2526395596
   2.7514293475    0.0652336927   -2.4422557045
   2.7364794420    0.2933251734   -2.4422557045
   2.6918855226    0.5175139456   -2.4422557045
   2.6184106035    0.7339640772   -2.4422557045
   2.5173118611    0.9389720466   -2.4422557045
   2.3903191229    1.1290301105   -2.4422557045
   2.2396052697    1.3008863228   -2.4422557045
   2.0677490574    1.4516001759   -2.4422557045
   1.8776909935    1.5785929142   -2.4422557045
   1.6726830241    1.6796916566   -2.4422557045
   1.4562328925    1.7531665756   -2.4422557045
   1.2320441203    1.7977604951   -2.4422557045
   1.0039526396    1.8127104005   -2.4422557045
   0.7758611589    1.7977604951   -2.4422557045
   0.5516723867    1.7531665756   -2.4422557045
   0.3352222551    1.6796916566   -2.4422557045
   0.1302142857    1.5785929142   -2.4422557045
   0.3352222551   -1.5492242712   -2.4422557045
   0.5516723867   -1.6226991903   -2.4422557045
   0.7758611589   -1.6672931097   -2.4422557045
   1.0039526396   -1.6822430152   -2.4422557045
   1.2320441203   -1.6672931097   -2.4422557045
   1.4562328925   -1.6226991903   -2.4422557045
   1.6726830241   -1.5492242712   -2.4422557045
   1.8776909935   -1.4481255288   -2.4422557045
   2.0677490574   -1.3211327906   -2.4422557045
   2.2396052697   -1.1704189374   -2.4422557045
   2.3903191229   -0.9985627251   -2.4422557045
   2.5173118611   -0.8085046612   -2.4422557045
   2.6184106035   -0.6034966918   -2.4422557045
   2.6918855226   -0.3870465602   -2.4422557045
   2.7364794420   -0.1628577880   -2.4422557045
   2.6091454626    0.0652336927   -2.6179616693
   2.5928069142    0.2936764497   -2.6179616693
   2.5441238746    0.5174687710   -2.6179616693
   2.4640873901    0.7320548901   -2.6179616693
   2.3543267729    0.9330664527   -2.6179616693
   2.2170764324    1.1164114429   -2.6179616693
   2.0551303898    1.2783574855   -2.6179616693
   1.8717853996    1.4156078259   -2.6179616693
   1.6707738371    1.5253684432   -2.6179616693
   1.4561877179    1.6054049277   -2.6179616693
   1.2323953966    1.6540879673   -2.6179616693
   1.0039526396    1.6704265157   -2.6179616693
   0.7755098826    1.6540879673   -2.6179616693
   0.5517175613    1.6054049277   -2.6179616693
   0.3371314422    1.5253684432   -2.6179616693
   0.1361198796    1.4156078259   -2.6179616693
  -0.0472251106    1.2783574855   -2.6179616693
  -0.2091711532    1.1164114429   -2.6179616693
  -0.5849016350    0.2936764497   -2.6179616693
  -0.6012401834    0.0652336927   -2.6179616693
   0.1361198796   -1.2851404406   -2.6179616693
   0.3371314422   -1.3949010578   -2.6179616693
   0.5517175613   -1.4749375423   -2.6179616693
   0.7755098826   -1.5236205819   -2.6179616693
   1.0039526396   -1.5399591303   -2.6179616693
   1.2323953966   -1.5236205819   -2.6179616693
   1.4561877179   -1.4749375423   -2.6179616693
   1.6707738371   -1.3949010578   -2.6179616693
   1.8717853996   -1.2851404406   -2.6179616693
   2.0551303898   -1.1478901001   -2.6179616693
   2.2170764324   -0.9859440575   -2.6179616693
   2.3543267729   -0.8025990673   -2.6179616693
   2.4640873901   -0.6015875048   -2.6179616693
   2.5441238746   -0.3870013856   -2.6179616693
   2.5928069142   -0.1632090643   -2.6179616693
   2.4492747493    0.0652336927   -2.7778323826
   2.4314804358    0.2913318837   -2.7778323826
   2.3785356502    0.5118627869   -2.7778323826
   2.2917440689    0.7213961996   -2.7778323826
   2.1732427887    0.9147727136   -2.7778323826
   2.0259497044    1.0872307575   -2.7778323826
   1.8534916605    1.2345238418   -2.7778323826
   1.6601151465    1.3530251220   -2.7778323826
   1.4505817339    1.4398167033   -2.7778323826
   1.2300508306    1.4927614889   -2.7778323826
   1.0039526396    1.5105558024   -2.7778323826
   0.7778544486    1.4927614889   -2.7778323826
   0.5573235453    1.4398167033   -2.7778323826
   0.3477901327    1.3530251220   -2.7778323826
   0.1544136187    1.2345238418   -2.7778323826
  -0.0180444252    1.0872307575   -2.7778323826
  -0.1653375095    0.9147727136   -2.7778323826
  -0.2838387897    0.7213961996   -2.7778323826
  -0.3706303710    0.5118627869   -2.7778323826
  -0.4235751566    0.2913318837   -2.7778323826
  -0.4413694701    0.0652336927   -2.7778323826
  -0.4235751566   -0.1608644984   -2.7778323826
  -0.3706303710   -0.3813954016   -2.7778323826
  -0.2838387897   -0.5909288142   -2.7778323826
  -0.1653375095   -0.7843053282   -2.7778323826
  -0.0180444252   -0.9567633721   -2.7778323826
   0.1544136187   -1.1040564564   -2.7778323826
   0.3477901327   -1.2225577366   -2.7778323826
   0.5573235453   -1.3093493179   -2.7778323826
   0.7778544486   -1.3622941035   -2.7778323826
   1.0039526396   -1.3800884170   -2.7778323826
   1.2300508306   -1.3622941035   -2.7778323826
   1.4505817339   -1.3093493179   -2.7778323826
   1.6601151465   -1.2225577366   -2.7778323826
   1.8534916605   -1.1040564564   -2.7778323826
   2.0259497044   -0.9567633721   -2.7778323826
   2.1732427887   -0.7843053282   -2.7778323826
   2.2917440689   -0.5909288142   -2.7778323826
   2.3785356502   -0.3813954016   -2.7778323826
   2.4314804358   -0.1608644984   -2.7778323826
   2.2735687846    0.0652336927   -2.9201162674
   2.2531655308    0.2919324091   -2.9201162674
   2.1926115468    0.5113448423   -2.9201162674
   2.0938530876    0.7164188960   -2.9201162674
   1.9600643311    0.9005633215   -2.9201162674
   1.7955453583    1.0578595655   -2.9201162674
   1.6055839441    1.1832519971   -2.9201162674
   1.3962856047    1.2727104005   -2.9201162674
   1.1743773611    1.3233595091   -2.9201162674
   0.9469915266    1.3335714187   -2.9201162674
   0.7214364693    1.3030179102   -2.9201162674
   0.5049617140    1.2326809985   -2.9201162674
   0.3045249377    1.1248213698   -2.9201162674
   0.1265683433    0.9829057213   -2.9201162674
  -0.0231883980    0.8114953388   -2.9201162674
  -0.1399319812    0.6160994929   -2.9201162674
  -0.2199101715    0.4029983670   -2.9201162674
  -0.2605524040    0.1790412065   -2.9201162674
  -0.2605524040   -0.0485738211   -2.9201162674
  -0.2199101715   -0.2725309816   -2.9201162674
  -0.1399319812   -0.4856321075   -2.9201162674
  -0.0231883980   -0.6810279534   -2.9201162674
   0.1265683433   -0.8524383359   -2.9201162674
   0.3045249377   -0.9943539844   -2.9201162674
   0.5049617140   -1.1022136131   -2.9201162674
   0.7214364693   -1.1725505248   -2.9201162674
   0.9469915266   -1.2031040333   -2.9201162674
   1.1743773611   -1.1928921237   -2.9201162674
   1.3962856047   -1.1422430152   -2.9201162674
   1.6055839441   -1.0527846117   -2.9201162674
   1.7955453583   -0.9273921801   -2.9201162674
   1.9600643311   -0.7700959361   -2.9201162674
   2.0938530876   -0.5859515106   -2.9201162674
   2.1926115468   -0.3808774569   -2.9201162674
   2.2531655308   -0.1614650237   -2.9201162674
   2.0839526396    0.0652336927   -3.0432544317
   2.0603520484    0.2897783188   -3.0432544317
   1.9905817339    0.5045092672   -3.0432544317
   1.8776909935    0.7000417652   -3.0432544317
   1.7266136945    0.8678301042   -3.0432544317
   1.5439526396    1.0005411288   -3.0432544317
   1.3376909935    1.0923747303   -3.0432544317
   1.1168433799    1.1393173397   -3.0432544317
   0.8910618993    1.1393173397   -3.0432544317
   0.6702142857    1.0923747303   -3.0432544317
   0.4639526396    1.0005411288   -3.0432544317
   0.2812915847    0.8678301042   -3.0432544317
   0.1302142857    0.7000417652   -3.0432544317
   0.0173235453    0.5045092672   -3.0432544317
  -0.0524467692    0.2897783188   -3.0432544317
  -0.0760473604    0.0652336927   -3.0432544317
  -0.0524467692   -0.1593109334   -3.0432544317
   0.0173235453   -0.3740418818   -3.0432544317
   0.1302142857   -0.5695743798   -3.0432544317
   0.2812915847   -0.7373627188   -3.0432544317
   0.4639526396   -0.8700737434   -3.0432544317
   0.6702142857   -0.9619073449   -3.0432544317
   0.8910618993   -1.0088499543   -3.0432544317
   1.1168433799   -1.0088499543   -3.0432544317
   1.3376909935   -0.9619073449   -3.0432544317
   1.5439526396   -0.8700737434   -3.0432544317
   1.7266136945   -0.7373627188   -3.0432544317
   1.8776909935   -0.5695743798   -3.0432544317
   1.9905817339   -0.3740418818   -3.0432544317
   2.0603520484   -0.1593109334   -3.0432544317
   1.8825037886    0.0652336927   -3.1458977481
   1.8525678842    0.2926194622   -3.1458977481
   1.7648002532    0.5045092672   -3.1458977481
   1.6251821147    0.6864631678   -3.1458977481
   1.4432282141    0.8260813063   -3.1458977481
   1.2313384091    0.9138489373   -3.1458977481
   1.0039526396    0.9437848417   -3.1458977481
   0.7765668701    0.9138489373   -3.1458977481
   0.5646770651    0.8260813063   -3.1458977481
   0.3827231645    0.6864631678   -3.1458977481
   0.2431050260    0.5045092672   -3.1458977481
   0.1553373950    0.2926194622   -3.1458977481
   0.1254014906    0.0652336927   -3.1458977481
   0.1553373950   -0.1621520768   -3.1458977481
   0.2431050260   -0.3740418818   -3.1458977481
   0.3827231645   -0.5559957824   -3.1458977481
   0.5646770651   -0.6956139209   -3.1458977481
   0.7765668701   -0.7833815519   -3.1458977481
   1.0039526396   -0.8133174563   -3.1458977481
   1.2313384091   -0.7833815519   -3.1458977481
   1.4432282141   -0.6956139209   -3.1458977481
   1.6251821147   -0.5559957824   -3.1458977481
   1.7648002532   -0.3740418818   -3.1458977481
   1.8525678842   -0.1621520768   -3.1458977481
   1.6714293475    0.0652336927   -3.2269216348
   1.6311755765    0.2935241720   -3.2269216348
   1.5152694626    0.4942794503   -3.2269216348
   1.3376909935    0.6432854781   -3.2269216348
   1.1198587536    0.7225699295   -3.2269216348
   0.8880465256    0.7225699295   -3.2269216348
   0.6702142857    0.6432854781   -3.2269216348
   0.4926358166    0.4942794503   -3.2269216348
   0.3767297027    0.2935241720   -3.2269216348
   0.3364759318    0.0652336927   -3.2269216348
   0.3767297027   -0.1630567866   -3.2269216348
   0.4926358166   -0.3638120649   -3.2269216348
   0.6702142857   -0.5128180927   -3.2269216348
   0.8880465256   -0.5921025442   -3.2269216348
   1.1198587536   -0.5921025442   -3.2269216348
   1.3376909935   -0.5128180927   -3.2269216348
   1.5152694626   -0.3638120649   -3.2269216348
   1.6311755765   -0.1630567866   -3.2269216348
   1.4530418918    0.0652336927   -3.2854383772
   1.3928753405    0.2897783188   -3.2854383772
   1.2284972657    0.4541563936   -3.2854383772
   1.0039526396    0.5143229449   -3.2854383772
   0.7794080135    0.4541563936   -3.2854383772
   0.6150299387    0.2897783188   -3.2854383772
   0.5548633874    0.0652336927   -3.2854383772
   0.6150299387   -0.1593109334   -3.2854383772
   0.7794080135   -0.3236890082   -3.2854383772
   1.0039526396   -0.3838555595   -3.2854383772
   1.2284972657   -0.3236890082   -3.2854383772
   1.3928753405   -0.1593109334   -3.2854383772
   1.2297341203    0.0652336927   -3.3208068536
   1.1168433799    0.2607661906   -3.3208068536
   0.8910618993    0.2607661906   -3.3208068536
   0.7781711589    0.0652336927   -3.3208068536
   0.8910618993   -0.1302988053   -3.3208068536
   1.1168433799   -0.1302988053   -3.3208068536
   1.0039526396    0.0652336927   -3.3326395596
   1.2842995597    1.0524608032    2.9850088012
   1.5085116732    1.0524608032    2.9746428496
   1.3964056165    1.2466341893    2.9746428496
   1.1721935030    1.2466341893    2.9746428496
   1.0600874462    1.0524608032    2.9746428496
   1.1721935030    0.8582874170    2.9746428496
   1.3964056165    0.8582874170    2.9746428496
   1.7308108880    1.0524608032    2.9436334335
   1.6709897131    1.2757164673    2.9436334335
   1.5075552239    1.4391509565    2.9436334335
   1.2842995597    1.4989721315    2.9436334335
   1.0610438956    1.4391509565    2.9436334335
   0.8976094064    1.2757164673    2.9436334335
   0.8377882314    1.0524608032    2.9436334335
   0.8976094064    0.8292051390    2.9436334335
   1.0610438956    0.6657706498    2.9436334335
   1.2842995597    0.6059494749    2.9436334335
   1.5075552239    0.6657706498    2.9436334335
   1.6709897131    0.8292051390    2.9436334335
   1.9493006256    1.0524608032    2.8922451142
   1.9091961542    1.2799045630    2.8922451142
   1.7937199309    1.4799152487    2.8922451142
   1.6168000927    1.6283686198    2.8922451142
   1.3997757830    1.7073590086    2.8922451142
   1.1688233365    1.7073590086    2.8922451142
   0.9517990268    1.6283686198    2.8922451142
   0.7748791886    1.4799152487    2.8922451142
   0.6594029653    1.2799045630    2.8922451142
   0.6192984939    1.0524608032    2.8922451142
   0.6594029653    0.8250170433    2.8922451142
   0.7748791886    0.6250063576    2.8922451142
   0.9517990268    0.4765529866    2.8922451142
   1.1688233365    0.3975625977    2.8922451142
   1.3997757830    0.3975625977    2.8922451142
   1.6168000927    0.4765529866    2.8922451142
   1.7937199309    0.6250063576    2.8922451142
   1.9091961542    0.8250170433    2.8922451142
   2.1621168086    1.0524608032    2.8209163187
   2.1322059111    1.2796566253    2.8209163187
   2.0445115971    1.4913694276    2.8209163187
   1.9050100890    1.6731713325    2.8209163187
   1.7232081842    1.8126728405    2.8209163187
   1.5114953819    1.9003671546    2.8209163187
   1.2842995597    1.9302780520    2.8209163187
   1.0571037376    1.9003671546    2.8209163187
   0.8453909353    1.8126728405    2.8209163187
   0.6635890304    1.6731713325    2.8209163187
   0.5240875224    1.4913694276    2.8209163187
   0.4363932083    1.2796566253    2.8209163187
   0.4064823109    1.0524608032    2.8209163187
   0.4363932083    0.8252649810    2.8209163187
   0.5240875224    0.6135521787    2.8209163187
   0.6635890304    0.4317502739    2.8209163187
   0.8453909353    0.2922487658    2.8209163187
   1.0571037376    0.2045544517    2.8209163187
   1.2842995597    0.1746435543    2.8209163187
   1.5114953819    0.2045544517    2.8209163187
   1.7232081842    0.2922487658    2.8209163187
   1.9050100890    0.4317502739    2.8209163187
   2.0445115971    0.6135521787    2.8209163187
   2.1322059111    0.8252649810    2.8209163187
   2.3674437643    1.0524608032    2.7302555992
   2.3437744646    1.2776591461    2.7302555992
   2.2738010278    1.4930152409    2.7302555992
   2.1605816286    1.6891169927    2.7302555992
   2.0090644981    1.8573938140    2.7302555992
   1.8258716620    1.9904912003    2.7302555992
   1.6190095263    2.0825921570    2.7302555992
   1.3975189589    2.1296714304    2.7302555992
   1.1710801605    2.1296714304    2.7302555992
   0.9495895932    2.0825921570    2.7302555992
   0.7427274575    1.9904912003    2.7302555992
   0.5595346214    1.8573938140    2.7302555992
   0.4080174909    1.6891169927    2.7302555992
   0.2947980917    1.4930152409    2.7302555992
   0.2248246548    1.2776591461    2.7302555992
   0.2011553552    1.0524608032    2.7302555992
   0.2248246548    0.8272624602    2.7302555992
   0.5595346214    0.2475277923    2.7302555992
   0.7427274575    0.1144304061    2.7302555992
   0.9495895932    0.0223294493    2.7302555992
   1.1710801605   -0.0247498241    2.7302555992
   1.3975189589   -0.0247498241    2.7302555992
   1.6190095263    0.0223294493    2.7302555992
   1.8258716620    0.1144304061    2.7302555992
   2.0090644981    0.2475277923    2.7302555992
   2.1605816286    0.4158046136    2.7302555992
   2.2738010278    0.6119063654    2.7302555992
   2.3437744646    0.8272624602    2.7302555992
   2.5635297155    1.0524608032    2.6210364411
   2.5429719606    1.2808761675    2.6210364411
   2.4819594392    1.5019500741    2.6210364411
   2.3824531437    1.7085770257    2.6210364411
   2.2476512885    1.8941158620    2.6210364411
   2.0818865161    2.0526032123    2.6210364411
   1.8904866427    2.1789451626    2.6210364411
   1.6796034176    2.2690809787    2.6210364411
   1.4560148013    2.3201136213    2.6210364411
   1.2269071158    2.3304028593    2.6210364411
   0.9996440707    2.2996179881    2.6210364411
   0.7815300873    2.2287484589    2.6210364411
   0.5795755283    2.1200720765    2.6210364411
   0.4002713796    1.9770817894    2.6210364411
   0.2493806240    1.8043734230    2.6210364411
   0.1317530145    1.6074979663    2.6210364411
   0.0511691993    1.3927831586    2.6210364411
   0.7815300873   -0.1238268526    2.6210364411
   1.6796034176   -0.1641593723    2.6210364411
   1.8904866427   -0.0740235562    2.6210364411
   2.0818865161    0.0523183940    2.6210364411
   2.2476512885    0.2108057443    2.6210364411
   2.3824531437    0.3963445806    2.6210364411
   2.4819594392    0.6029715322    2.6210364411
   2.5429719606    0.8240454388    2.6210364411
   2.7487017261    1.0524608032    2.4941906635
   2.7306725054    1.2815437727    2.4941906635
   2.6770287826    1.5049859592    2.4941906635
   2.5890914440    1.7172854745    2.4941906635
   2.4690257990    1.9132148000    2.4941906635
   2.3197882620    2.0879495054    2.4941906635
   2.1450535566    2.2371870424    2.4941906635
   1.9491242311    2.3572526875    2.4941906635
   1.7368247158    2.4451900260    2.4941906635
   1.5133825292    2.4988337489    2.4941906635
   1.2842995597    2.5168629696    2.4941906635
   1.0552165902    2.4988337489    2.4941906635
   0.8317744037    2.4451900260    2.4941906635
   0.6194748884    2.3572526875    2.4941906635
   0.4235455629    2.2371870424    2.4941906635
   0.2488108575    2.0879495054    2.4941906635
   0.0995733205    1.9132148000    2.4941906635
  -0.0204923246    1.7172854745    2.4941906635
  -0.1084296631    1.5049859592    2.4941906635
   2.1450535566   -0.1322654361    2.4941906635
   2.3197882620    0.0169721009    2.4941906635
   2.4690257990    0.1917068063    2.4941906635
   2.5890914440    0.3876361318    2.4941906635
   2.6770287826    0.5999356471    2.4941906635
   2.7306725054    0.8233778337    2.4941906635
   2.9213799738    1.0524608032    2.3508004701
   2.9054480197    1.2802983609    2.3508004701
   2.8579622549    1.5037013198    2.3508004701
   2.7798469358    1.7183213952    2.3508004701
   2.6726224881    1.9199812517    2.3508004701
   2.5383759139    2.1047558094    2.3508004701
   2.3797201699    2.2690486418    2.3508004701
   2.1997433097    2.4096619757    2.3508004701
   2.0019483782    2.5238589326    2.3508004701
   1.7901852288    2.6094167987    2.3508004701
   1.5685755903    2.6646702872    2.3508004701
   1.3414328422    2.6885439521    2.3508004701
   1.1131780598    2.6805731194    2.3508004701
   0.8882539627    2.6409129325    2.3508004701
   0.6710384427    2.5703353317    2.3508004701
   0.4657593527    2.4702140298    2.3508004701
   0.2764122168    2.3424977740    2.3508004701
   0.1066824615    2.1896724159    2.3508004701
  -0.0401263164    2.0147125274    2.3508004701
  -0.1611566512    1.8210235036    2.3508004701
  -0.2540528250    1.6123752810    2.3508004701
   2.3797201699   -0.1641270354    2.3508004701
   2.5383759139    0.0001657969    2.3508004701
   2.6726224881    0.1849403547    2.3508004701
   2.7798469358    0.3866002111    2.3508004701
   2.8579622549    0.6012202866    2.3508004701
   2.9054480197    0.8246232454    2.3508004701
   3.0800912286    1.0524608032    2.1920892153
   3.0659308749    1.2775331798    2.1920892153
   3.0236731311    1.4990560307    2.1920892153
   2.9539844270    1.7135358080    2.1920892153
   2.8579637951    1.9175900375    2.1920892153
   2.7371255382    2.1080006623    2.1920892153
   2.5933753477    2.2817647929    2.1920892153
   2.4289802500    2.4361420653    2.1920892153
   2.2465328541    2.5686978576    2.1920892153
   2.0489104643    2.6773416857    2.1920892153
   1.8392297038    2.7603601717    2.1920892153
   1.6207973634    2.8164440644    2.1920892153
   1.3970582516    2.8447088874    2.1920892153
   1.1715408679    2.8447088874    2.1920892153
   0.9478017561    2.8164440644    2.1920892153
   0.7293694157    2.7603601717    2.1920892153
   0.5196886552    2.6773416857    2.1920892153
   0.3220662654    2.5686978576    2.1920892153
   0.1396188694    2.4361420653    2.1920892153
  -0.0247762282    2.2817647929    2.1920892153
  -0.1685264187    2.1080006623    2.1920892153
  -0.2893646756    1.9175900375    2.1920892153
   2.5933753477   -0.1768431866    2.1920892153
   2.7371255382   -0.0030790560    2.1920892153
   2.8579637951    0.1873315688    2.1920892153
   2.9539844270    0.3913857984    2.1920892153
   3.0236731311    0.6058655757    2.1920892153
   3.0659308749    0.8273884265    2.1920892153
   3.2234814220    1.0524608032    2.0194109676
   3.2103693680    1.2775860766    2.0194109676
   3.1712105240    1.4996669169    2.0194109676
   3.1065344461    1.7157000616    2.0194109676
   3.0172157674    1.9227640332    2.0194109676
   2.9044623698    2.1180586466    2.0194109676
   2.7697990495    2.2989428772    2.0194109676
   2.6150468970    2.4629705760    2.0194109676
   2.4422986697    2.6079235499    2.0194109676
   2.2538904909    2.7318415585    2.0194109676
   2.0523702581    2.8330488233    2.0194109676
   1.8404631867    2.9101766897    2.0194109676
   1.6210349563    2.9621821356    2.0194109676
   1.3970529573    2.9883618767    2.0194109676
   1.1715461621    2.9883618767    2.0194109676
   0.9475641632    2.9621821356    2.0194109676
   0.7281359328    2.9101766897    2.0194109676
   0.5162288614    2.8330488233    2.0194109676
   0.3147086286    2.7318415585    2.0194109676
   0.1263004498    2.6079235499    2.0194109676
  -0.0464477776    2.4629705760    2.0194109676
  -0.2011999301    2.2989428772    2.0194109676
  -0.3358632503    2.1180586466    2.0194109676
  -0.4486166479    1.9227640332    2.0194109676
   2.9044623698   -0.0131370403    2.0194109676
   3.0172157674    0.1821575731    2.0194109676
   3.1065344461    0.3892215447    2.0194109676
   3.1712105240    0.6052546895    2.0194109676
   3.2103693680    0.8273355297    2.0194109676
   3.3503271996    1.0524608032    1.8342389570
   3.3377878111    1.2797408283    1.8342389570
   3.3003218571    1.5042619819    1.8342389570
   3.2383841233    1.7232988812    1.8342389570
   3.1527264500    1.9341927149    1.8342389570
   3.0443886053    2.1343835177    1.8342389570
   2.9146856639    2.3214412443    1.8342389570
   2.7651920437    2.4930952674    1.8342389570
   2.5977223948    2.6472619396    1.8342389570
   2.4143095720    2.7820698864    1.8342389570
   2.2171799583    2.8958827219    1.8342389570
   2.0087264403    2.9873189125    1.8342389570
   1.7914793613    3.0552685466    1.8342389570
   1.5680758066    3.0989068079    1.8342389570
   1.3412275927    3.1177039868    1.8342389570
   1.1136883495    3.1114319111    1.8342389570
   0.8882200953    3.0801667154    1.8342389570
   0.6675597093    3.0242879166    1.8342389570
   0.4543857096    2.9444738078    1.8342389570
   0.2512857398    2.8416932242    1.8342389570
   0.0607251584    2.7171937827    1.8342389570
  -0.1149828872    2.5724867379    1.8342389570
  -0.2737055394    2.4093286374    1.8342389570
  -0.4135161203    2.2296999994    1.8342389570
   3.0443886053   -0.0294619114    1.8342389570
   3.1527264500    0.1707288914    1.8342389570
   3.2383841233    0.3816227251    1.8342389570
   3.3003218571    0.6006596244    1.8342389570
   3.3377878111    0.8251807780    1.8342389570
   3.4595463577    1.0524608032    1.6381530058
   3.4476301282    1.2798360082    1.6381530058
   3.4120119962    1.5047200429    1.6381530058
   3.3530822015    1.7246490307    1.6381530058
   3.2714863913    1.9372133836    1.6381530058
   3.1681185463    2.1400842022    1.6381530058
   3.0441111863    2.3310387911    1.6381530058
   2.9008229618    2.5079850121    1.6381530058
   2.7398237687    2.6689842052    1.6381530058
   2.5628775477    2.8122724297    1.6381530058
   2.3719229587    2.9362797897    1.6381530058
   2.1690521402    3.0396476347    1.6381530058
   1.9564877873    3.1212434449    1.6381530058
   1.7365587994    3.1801732396    1.6381530058
   1.5116747648    3.2157913716    1.6381530058
   1.2842995597    3.2277076012    1.6381530058
   1.0569243547    3.2157913716    1.6381530058
   0.8320403200    3.1801732396    1.6381530058
   0.6121113322    3.1212434449    1.6381530058
   0.3995469793    3.0396476347    1.6381530058
   0.1966761607    2.9362797897    1.6381530058
   0.0057215718    2.8122724297    1.6381530058
  -0.1712246492    2.6689842052    1.6381530058
  -0.3322238423    2.5079850121    1.6381530058
  -0.4755120668    2.3310387911    1.6381530058
   3.1681185463   -0.0351625958    1.6381530058
   3.2714863913    0.1677082227    1.6381530058
   3.3530822015    0.3802725756    1.6381530058
   3.4120119962    0.6002015634    1.6381530058
   3.4476301282    0.8250855981    1.6381530058
   3.5502070772    1.0524608032    1.4328260501
   3.5389472737    1.2780723353    1.4328260501
   3.5052797683    1.5014416386    1.4328260501
   3.4495391638    1.7203487687    1.4328260501
   3.3722794354    1.9326181281    1.4328260501
   3.2742684248    2.1361400886    1.4328260501
   3.1564802097    2.3288919575    1.4328260501
   3.0200854221    2.5089580801    1.4328260501
   2.8664396148    2.6745488784    1.4328260501
   2.6970697888    2.8240186367    1.4328260501
   2.5136592176    2.9558818573    1.4328260501
   2.3180307178    3.0688280243    1.4328260501
   2.1121285333    3.1617346280    1.4328260501
   1.8979990125    3.2336783208    1.4328260501
   1.6777702709    3.2839440940    1.4328260501
   1.4536310406    3.3120323836    1.4328260501
   1.2278089179    3.3176640358    1.4328260501
   1.0025482246    3.3007830805    1.4328260501
   0.7800877027    3.2615572883    1.4328260501
   0.5626382647    3.2003765028    1.4328260501
   0.3523610209    3.1178487661    1.4328260501
   0.1513458010    3.0147942759    1.4328260501
  -0.0384096154    2.8922372340    1.4328260501
  -0.2150193539    2.7513956674    1.4328260501
  -0.3767281873    2.5936693228    1.4328260501
   3.2742684248   -0.0312184822    1.4328260501
   3.3722794354    0.1723034782    1.4328260501
   3.4495391638    0.3845728377    1.4328260501
   3.5052797683    0.6034799677    1.4328260501
   3.5389472737    0.8268492711    1.4328260501
   3.6215358726    1.0524608032    1.2200098671
   3.6106247998    1.2780366438    1.2200098671
   3.5779934550    1.5015063436    1.2200098671
   3.5239465082    1.7207834262    1.2200098671
   3.4489885814    1.9338205606    1.2200098671
   3.3538195364    2.1386286763    1.2200098671
   3.2393279410    2.3332955353    1.2200098671
   3.1065827723    2.5160035855    1.2200098671
   2.9568234363    2.6850469310    1.2200098671
   2.7914481954    2.8388472597    1.2200098671
   2.6120011139    2.9759685795    1.2200098671
   2.4201576406    3.0951306253    1.2200098671
   2.2177089665    3.1952208134    1.2200098671
   2.0065453003    3.2753046287    1.2200098671
   1.7886382202    3.3346343500    1.2200098671
   1.5660222659    3.3726560319    1.2200098671
   1.3407759426    3.3890146760    1.2200098671
   1.1150023145    3.3835575461    1.2200098671
   0.8908093692    3.3563355941    1.2200098671
   0.6702903357    3.3076029839    1.2200098671
   0.4555041410    3.2378147187    1.2200098671
   0.2484561858    3.1476223929    1.2200098671
   0.0510796211    3.0378681078    1.2200098671
  -0.1347827014    2.9095766096    1.2200098671
  -0.3073954351    2.7639457215    1.2200098671
   3.3538195364   -0.0337070700    1.2200098671
   3.4489885814    0.1711010458    1.2200098671
   3.5239465082    0.3841381801    1.2200098671
   3.5779934550    0.6034152627    1.2200098671
   3.6106247998    0.8268849625    1.2200098671
   3.6729241920    1.0524608032    1.0015201295
   3.6621083147    1.2795140096    1.0015201295
   3.6297586331    1.5045109871    1.0015201295
   3.5761681110    1.7254141281    1.0015201295
   3.5018220723    1.9402228996    1.0015201295
   3.4073938064    2.1469919601    1.0015201295
   3.2937384702    2.3438487769    1.0015201295
   3.1618853441    2.5290105843    1.0015201295
   3.0130285103    2.7008005282    1.0015201295
   2.8485160395    2.8576628523    1.0015201295
   2.6698377820    2.9981769871    1.0015201295
   2.4786118758    3.1210704148    1.0015201295
   2.2765700924    3.2252301935    1.0015201295
   2.0655421533    3.3097130362    1.0015201295
   1.8474391604    3.3737538531    1.0015201295
   1.6242362880    3.4167726807    1.0015201295
   1.3979548959    3.4383799339    1.0015201295
   1.1706442235    3.4383799339    1.0015201295
   0.9443628315    3.4167726807    1.0015201295
   0.7211599591    3.3737538531    1.0015201295
   0.5030569661    3.3097130362    1.0015201295
   0.2920290271    3.2252301935    1.0015201295
   0.0899872436    3.1210704148    1.0015201295
  -0.1012386626    2.9981769871    1.0015201295
   3.4073938064   -0.0420703538    1.0015201295
   3.5018220723    0.1646987067    1.0015201295
   3.5761681110    0.3795074782    1.0015201295
   3.6297586331    0.6004106192    1.0015201295
   3.6621083147    0.8254075967    1.0015201295
   3.7039336081    1.0524608032    0.7792209147
   3.6933016926    1.2790389396    0.7792209147
   3.6614993797    1.5036258992    0.7792209147
   3.6088061494    1.7242480037    0.7792209147
   3.5356850715    1.9389664182    0.7792209147
   3.4427787368    2.1458941894    0.7792209147
   3.3309036095    2.3432128287    0.7792209147
   3.2010428523    2.5291882928    0.7792209147
   3.0543376860    2.7021862226    0.7792209147
   2.8920773611    2.8606863062    0.7792209147
   2.7156878270    3.0032956390    0.7792209147
   2.5267192013    3.1287609651    0.7792209147
   2.3268321472    3.2359796907    0.7792209147
   2.1177832792    3.3240095738    0.7792209147
   1.9014097263    3.3920770047    0.7792209147
   1.6796129871    3.4395838042    0.7792209147
   1.4543422193    3.4661124810    0.7792209147
   1.2275771105    3.4714299001    0.7792209147
   1.0013104805    3.4554893318    0.7792209147
   0.7775307688    3.4184308623    0.7792209147
   0.5582045595    3.3605801629    0.7792209147
   0.3452592991    3.2824456276    0.7792209147
   0.1405663583    3.1847139054    0.7792209147
  -0.0540754140    3.0682438663    0.7792209147
   3.4427787368   -0.0409725831    0.7792209147
   3.5356850715    0.1659551882    0.7792209147
   3.6088061494    0.3806736026    0.7792209147
   3.6614993797    0.6012957071    0.7792209147
   3.6933016926    0.8258826667    0.7792209147
   3.7142995597    1.0524608032    0.5550088012
   3.7039336081    1.2766729167    0.5550088012
   3.6729241920    1.4989721315    0.5550088012
   3.6215358726    1.7174618690    0.5550088012
   3.5502070772    1.9302780520    0.5550088012
   3.4595463577    2.1356050077    0.5550088012
   3.3503271996    2.3316909590    0.5550088012
   3.2234814220    2.5168629696    0.5550088012
   3.0800912286    2.6895412172    0.5550088012
   2.9213799738    2.8482524720    0.5550088012
   2.7487017261    2.9916426655    0.5550088012
   2.5635297155    3.1184884430    0.5550088012
   2.3674437643    3.2277076012    0.5550088012
   2.1621168086    3.3183683206    0.5550088012
   1.9493006256    3.3896971161    0.5550088012
   1.7308108880    3.4410854354    0.5550088012
   1.5085116732    3.4720948516    0.5550088012
   1.2842995597    3.4824608032    0.5550088012
   1.0600874462    3.4720948516    0.5550088012
   0.8377882314    3.4410854354    0.5550088012
   0.6192984939    3.3896971161    0.5550088012
   0.4064823109    3.3183683206    0.5550088012
   0.2011553552    3.2277076012    0.5550088012
   0.0050694039    3.1184884430    0.5550088012
   3.4595463577   -0.0306834014    0.5550088012
   3.5502070772    0.1746435543    0.5550088012
   3.6215358726    0.3874597373    0.5550088012
   3.6729241920    0.6059494749    0.5550088012
   3.7039336081    0.8282486897    0.5550088012
   3.7039336081    1.0524608032    0.3307966877
   3.6933016926    1.2790389396    0.3307966877
   3.6614993797    1.5036258992    0.3307966877
   3.6088061494    1.7242480037    0.3307966877
   3.5356850715    1.9389664182    0.3307966877
   3.4427787368    2.1458941894    0.3307966877
   3.3309036095    2.3432128287    0.3307966877
   3.2010428523    2.5291882928    0.3307966877
   3.0543376860    2.7021862226    0.3307966877
   2.8920773611    2.8606863062    0.3307966877
   2.7156878270    3.0032956390    0.3307966877
   2.5267192013    3.1287609651    0.3307966877
   2.3268321472    3.2359796907    0.3307966877
   2.1177832792    3.3240095738    0.3307966877
   1.9014097263    3.3920770047    0.3307966877
   1.6796129871    3.4395838042    0.3307966877
   1.4543422193    3.4661124810    0.3307966877
   1.2275771105    3.4714299001    0.3307966877
   1.0013104805    3.4554893318    0.3307966877
   0.7775307688    3.4184308623    0.3307966877
   0.5582045595    3.3605801629    0.3307966877
   0.3452592991    3.2824456276    0.3307966877
   0.1405663583    3.1847139054    0.3307966877
   3.4427787368   -0.0409725831    0.3307966877
   3.5356850715    0.1659551882    0.3307966877
   3.6088061494    0.3806736026    0.3307966877
   3.6614993797    0.6012957071    0.3307966877
   3.6933016926    0.8258826667    0.3307966877
   3.6729241920    1.0524608032    0.1084974729
   3.6621083147    1.2795140096    0.1084974729
   3.6297586331    1.5045109871    0.1084974729
   3.5761681110    1.7254141281    0.1084974729
   3.5018220723    1.9402228996    0.1084974729
   3.4073938064    2.1469919601    0.1084974729
   3.2937384702    2.3438487769    0.1084974729
   3.1618853441    2.5290105843    0.1084974729
   3.0130285103    2.7008005282    0.1084974729
   2.8485160395    2.8576628523    0.1084974729
   2.6698377820    2.9981769871    0.1084974729
   2.4786118758    3.1210704148    0.1084974729
   2.2765700924    3.2252301935    0.1084974729
   2.0655421533    3.3097130362    0.1084974729
   1.8474391604    3.3737538531    0.1084974729
   1.6242362880    3.4167726807    0.1084974729
   1.3979548959    3.4383799339    0.1084974729
   1.1706442235    3.4383799339    0.1084974729
   0.9443628315    3.4167726807    0.1084974729
   0.7211599591    3.3737538531    0.1084974729
   0.5030569661    3.3097130362    0.1084974729
   0.2920290271    3.2252301935    0.1084974729
   0.0899872436    3.1210704148    0.1084974729
   3.5018220723    0.1646987067    0.1084974729
   3.5761681110    0.3795074782    0.1084974729
   3.6297586331    0.6004106192    0.1084974729
   3.6621083147    0.8254075967    0.1084974729
   3.6215358726    1.0524608032   -0.1099922646
   3.6106247998    1.2780366438   -0.1099922646
   3.5779934550    1.5015063436   -0.1099922646
   3.5239465082    1.7207834262   -0.1099922646
   3.4489885814    1.9338205606   -0.1099922646
   3.3538195364    2.1386286763   -0.1099922646
   3.2393279410    2.3332955353   -0.1099922646
   3.1065827723    2.5160035855   -0.1099922646
   2.9568234363    2.6850469310   -0.1099922646
   2.7914481954    2.8388472597   -0.1099922646
   2.6120011139    2.9759685795   -0.1099922646
   2.4201576406    3.0951306253   -0.1099922646
   2.2177089665    3.1952208134   -0.1099922646
   2.0065453003    3.2753046287   -0.1099922646
   1.7886382202    3.3346343500   -0.1099922646
   1.5660222659    3.3726560319   -0.1099922646
   1.3407759426    3.3890146760   -0.1099922646
   1.1150023145    3.3835575461   -0.1099922646
   0.8908093692    3.3563355941   -0.1099922646
   0.6702903357    3.3076029839   -0.1099922646
   0.4555041410    3.2378147187   -0.1099922646
   0.2484561858    3.1476223929   -0.1099922646
   3.4489885814    0.1711010458   -0.1099922646
   3.5239465082    0.3841381801   -0.1099922646
   3.5779934550    0.6034152627   -0.1099922646
   3.6106247998    0.8268849625   -0.1099922646
   3.5502070772    1.0524608032   -0.3228084476
   3.5389472737    1.2780723353   -0.3228084476
   3.5052797683    1.5014416386   -0.3228084476
   3.4495391638    1.7203487687   -0.3228084476
   3.3722794354    1.9326181281   -0.3228084476
   3.2742684248    2.1361400886   -0.3228084476
   3.1564802097    2.3288919575   -0.3228084476
   3.0200854221    2.5089580801   -0.3228084476
   2.8664396148    2.6745488784   -0.3228084476
   2.6970697888    2.8240186367   -0.3228084476
   2.5136592176    2.9558818573   -0.3228084476
   2.3180307178    3.0688280243   -0.3228084476
   2.1121285333    3.1617346280   -0.3228084476
   1.8979990125    3.2336783208   -0.3228084476
   1.6777702709    3.2839440940   -0.3228084476
   1.4536310406    3.3120323836   -0.3228084476
   1.2278089179    3.3176640358   -0.3228084476
   1.0025482246    3.3007830805   -0.3228084476
   0.7800877027    3.2615572883   -0.3228084476
   0.5626382647    3.2003765028   -0.3228084476
   0.3523610209    3.1178487661   -0.3228084476
   3.4495391638    0.3845728377   -0.3228084476
   3.5052797683    0.6034799677   -0.3228084476
   3.5389472737    0.8268492711   -0.3228084476
   3.4595463577    1.0524608032   -0.5281354033
   3.4476301282    1.2798360082   -0.5281354033
   3.4120119962    1.5047200429   -0.5281354033
   3.3530822015    1.7246490307   -0.5281354033
   3.2714863913    1.9372133836   -0.5281354033
   3.1681185463    2.1400842022   -0.5281354033
   3.0441111863    2.3310387911   -0.5281354033
   2.9008229618    2.5079850121   -0.5281354033
   2.7398237687    2.6689842052   -0.5281354033
   2.5628775477    2.8122724297   -0.5281354033
   2.3719229587    2.9362797897   -0.5281354033
   2.1690521402    3.0396476347   -0.5281354033
   1.9564877873    3.1212434449   -0.5281354033
   1.7365587994    3.1801732396   -0.5281354033
   1.5116747648    3.2157913716   -0.5281354033
   1.2842995597    3.2277076012   -0.5281354033
   1.0569243547    3.2157913716   -0.5281354033
   0.8320403200    3.1801732396   -0.5281354033
   0.6121113322    3.1212434449   -0.5281354033
   0.3995469793    3.0396476347   -0.5281354033
   3.4120119962    0.6002015634   -0.5281354033
   3.4476301282    0.8250855981   -0.5281354033
   3.3503271996    1.0524608032   -0.7242213545
   3.3377878111    1.2797408283   -0.7242213545
   3.3003218571    1.5042619819   -0.7242213545
   3.2383841233    1.7232988812   -0.7242213545
   3.1527264500    1.9341927149   -0.7242213545
   3.0443886053    2.1343835177   -0.7242213545
   2.9146856639    2.3214412443   -0.7242213545
   2.7651920437    2.4930952674   -0.7242213545
   2.5977223948    2.6472619396   -0.7242213545
   2.4143095720    2.7820698864   -0.7242213545
   2.2171799583    2.8958827219   -0.7242213545
   2.0087264403    2.9873189125   -0.7242213545
   1.7914793613    3.0552685466   -0.7242213545
   1.5680758066    3.0989068079   -0.7242213545
   1.3412275927    3.1177039868   -0.7242213545
   1.1136883495    3.1114319111   -0.7242213545
   0.8882200953    3.0801667154   -0.7242213545
   0.6675597093    3.0242879166   -0.7242213545
   0.4543857096    2.9444738078   -0.7242213545
   3.3377878111    0.8251807780   -0.7242213545
   3.2234814220    1.0524608032   -0.9093933652
   3.2103693680    1.2775860766   -0.9093933652
   3.1712105240    1.4996669169   -0.9093933652
   3.1065344461    1.7157000616   -0.9093933652
   3.0172157674    1.9227640332   -0.9093933652
   2.9044623698    2.1180586466   -0.9093933652
   2.7697990495    2.2989428772   -0.9093933652
   2.6150468970    2.4629705760   -0.9093933652
   2.4422986697    2.6079235499   -0.9093933652
   2.2538904909    2.7318415585   -0.9093933652
   2.0523702581    2.8330488233   -0.9093933652
   1.8404631867    2.9101766897   -0.9093933652
   1.6210349563    2.9621821356   -0.9093933652
   1.3970529573    2.9883618767   -0.9093933652
   1.1715461621    2.9883618767   -0.9093933652
   0.9475641632    2.9621821356   -0.9093933652
   0.7281359328    2.9101766897   -0.9093933652
   0.5162288614    2.8330488233   -0.9093933652
   3.2103693680    0.8273355297   -0.9093933652
   3.0800912286    1.0524608032   -1.0820716128
   3.0659308749    1.2775331798   -1.0820716128
   3.0236731311    1.4990560307   -1.0820716128
   2.9539844270    1.7135358080   -1.0820716128
   2.8579637951    1.9175900375   -1.0820716128
   2.7371255382    2.1080006623   -1.0820716128
   2.5933753477    2.2817647929   -1.0820716128
   2.4289802500    2.4361420653   -1.0820716128
   2.2465328541    2.5686978576   -1.0820716128
   2.0489104643    2.6773416857   -1.0820716128
   1.8392297038    2.7603601717   -1.0820716128
   1.6207973634    2.8164440644   -1.0820716128
   1.3970582516    2.8447088874   -1.0820716128
   1.1715408679    2.8447088874   -1.0820716128
   0.9478017561    2.8164440644   -1.0820716128
   0.7293694157    2.7603601717   -1.0820716128
   0.5196886552    2.6773416857   -1.0820716128
   2.9054480197    1.2802983609   -1.2407828676
   2.8579622549    1.5037013198   -1.2407828676
   2.7798469358    1.7183213952   -1.2407828676
   2.6726224881    1.9199812517   -1.2407828676
   2.5383759139    2.1047558094   -1.2407828676
   2.3797201699    2.2690486418   -1.2407828676
   2.1997433097    2.4096619757   -1.2407828676
   2.0019483782    2.5238589326   -1.2407828676
   1.7901852288    2.6094167987   -1.2407828676
   1.5685755903    2.6646702872   -1.2407828676
   1.3414328422    2.6885439521   -1.2407828676
   1.1131780598    2.6805731194   -1.2407828676
   0.8882539627    2.6409129325   -1.2407828676
   0.6710384427    2.5703353317   -1.2407828676
   2.6770287826    1.5049859592   -1.3841730610
   2.5890914440    1.7172854745   -1.3841730610
   2.4690257990    1.9132148000   -1.3841730610
   2.3197882620    2.0879495054   -1.3841730610
   2.1450535566    2.2371870424   -1.3841730610
   1.9491242311    2.3572526875   -1.3841730610
   1.7368247158    2.4451900260   -1.3841730610
   1.5133825292    2.4988337489   -1.3841730610
   1.2842995597    2.5168629696   -1.3841730610
   1.0552165902    2.4988337489   -1.3841730610
   0.8317744037    2.4451900260   -1.3841730610
   2.3824531437    1.7085770257   -1.5110188386
   2.2476512885    1.8941158620   -1.5110188386
   2.0818865161    2.0526032123   -1.5110188386
   1.8904866427    2.1789451626   -1.5110188386
   1.6796034176    2.2690809787   -1.5110188386
   1.4560148013    2.3201136213   -1.5110188386
   1.2269071158    2.3304028593   -1.5110188386
   0.9996440707    2.2996179881   -1.5110188386
   1.2567879697   -1.1482106479    2.8389281412
   1.4810000832   -1.1482106479    2.8285621896
   1.3688940265   -0.9540372618    2.8285621896
   1.1446819130   -0.9540372618    2.8285621896
   1.0325758562   -1.1482106479    2.8285621896
   1.1446819130   -1.3423840340    2.8285621896
   1.3688940265   -1.3423840340    2.8285621896
   1.7032992980   -1.1482106479    2.7975527734
   1.6434781231   -0.9249549837    2.7975527734
   1.4800436339   -0.7615204945    2.7975527734
   1.2567879697   -0.7016993196    2.7975527734
   1.0335323056   -0.7615204945    2.7975527734
   0.8700978163   -0.9249549837    2.7975527734
   0.8102766414   -1.1482106479    2.7975527734
   0.8700978163   -1.3714663120    2.7975527734
   1.0335323056   -1.5349008013    2.7975527734
   1.2567879697   -1.5947219762    2.7975527734
   1.4800436339   -1.5349008013    2.7975527734
   1.6434781231   -1.3714663120    2.7975527734
   1.9217890356   -1.1482106479    2.7461644541
   1.8816845641   -0.9207668880    2.7461644541
   1.7662083409   -0.7207562023    2.7461644541
   1.5892885027   -0.5723028313    2.7461644541
   1.3722641930   -0.4933124424    2.7461644541
   1.1413117465   -0.4933124424    2.7461644541
   0.9242874368   -0.5723028313    2.7461644541
   0.7473675985   -0.7207562023    2.7461644541
   0.6318913753   -0.9207668880    2.7461644541
   0.5917869038   -1.1482106479    2.7461644541
   0.6318913753   -1.3756544077    2.7461644541
   0.7473675985   -1.5756650935    2.7461644541
   0.9242874368   -1.7241184645    2.7461644541
   1.1413117465   -1.8031088533    2.7461644541
   1.3722641930   -1.8031088533    2.7461644541
   1.5892885027   -1.7241184645    2.7461644541
   1.7662083409   -1.5756650935    2.7461644541
   1.8816845641   -1.3756544077    2.7461644541
   2.1346052186   -1.1482106479    2.6748356586
   2.1046943211   -0.9210148258    2.6748356586
   2.0170000071   -0.7093020235    2.6748356586
   1.8774984990   -0.5275001186    2.6748356586
   1.6956965941   -0.3879986105    2.6748356586
   1.4839837918   -0.3003042965    2.6748356586
   1.2567879697   -0.2703933990    2.6748356586
   1.0295921476   -0.3003042965    2.6748356586
   0.8178793453   -0.3879986105    2.6748356586
   0.6360774404   -0.5275001186    2.6748356586
   0.4965759323   -0.7093020235    2.6748356586
   0.4088816183   -0.9210148258    2.6748356586
   0.3789707209   -1.1482106479    2.6748356586
   0.4088816183   -1.3754064700    2.6748356586
   0.4965759323   -1.5871192723    2.6748356586
   0.6360774404   -1.7689211772    2.6748356586
   0.8178793453   -1.9084226853    2.6748356586
   1.0295921476   -1.9961169993    2.6748356586
   1.2567879697   -2.0260278967    2.6748356586
   1.4839837918   -1.9961169993    2.6748356586
   1.6956965941   -1.9084226853    2.6748356586
   1.8774984990   -1.7689211772    2.6748356586
   2.0170000071   -1.5871192723    2.6748356586
   2.1046943211   -1.3754064700    2.6748356586
   2.3399321743   -1.1482106479    2.5841749392
   2.3162628746   -0.9230123049    2.5841749392
   2.2462894377   -0.7076562102    2.5841749392
   2.1330700385   -0.5115544583    2.5841749392
   1.9815529081   -0.3432776370    2.5841749392
   1.7983600720   -0.2101802508    2.5841749392
   0.7152158675   -0.2101802508    2.5841749392
   0.1973130648   -1.3734089908    2.5841749392
   0.2672865017   -1.5887650856    2.5841749392
   0.3805059009   -1.7848668374    2.5841749392
   0.5320230314   -1.9531436587    2.5841749392
   0.7152158675   -2.0862410450    2.5841749392
   0.9220780032   -2.1783420017    2.5841749392
   1.1435685705   -2.2254212751    2.5841749392
   1.3700073689   -2.2254212751    2.5841749392
   1.5914979363   -2.1783420017    2.5841749392
   1.7983600720   -2.0862410450    2.5841749392
   1.9815529081   -1.9531436587    2.5841749392
   2.1330700385   -1.7848668374    2.5841749392
   2.2462894377   -1.5887650856    2.5841749392
   2.3162628746   -1.3734089908    2.5841749392
   2.5360181255   -1.1482106479    2.4749557810
   2.5154603706   -0.9197952835    2.4749557810
   2.4544478491   -0.6987213769    2.4749557810
   2.3549415537   -0.4920944253    2.4749557810
   2.2201396985   -0.3065555890    2.4749557810
   0.0236576093   -1.4885330033    2.4749557810
   0.1042414245   -1.7032478111    2.4749557810
   0.2218690340   -1.9001232677    2.4749557810
   0.3727597896   -2.0728316341    2.4749557810
   0.5520639383   -2.2158219213    2.4749557810
   0.7540184972   -2.3244983036    2.4749557810
   0.9721324807   -2.3953678329    2.4749557810
   1.1993955258   -2.4261527040    2.4749557810
   1.4285032113   -2.4158634660    2.4749557810
   1.6520918276   -2.3648308234    2.4749557810
   1.8629750526   -2.2746950073    2.4749557810
   2.0543749261   -2.1483530570    2.4749557810
   2.2201396985   -1.9898657068    2.4749557810
   2.3549415537   -1.8043268704    2.4749557810
   2.4544478491   -1.5976999188    2.4749557810
   2.5154603706   -1.3766260122    2.4749557810
   2.7211901361   -1.1482106479    2.3481100035
   2.7031609154   -0.9191276784    2.3481100035
   2.6495171926   -0.6956854919    2.3481100035
   2.5615798540   -0.4833859765    2.3481100035
   2.4415142089   -0.2874566510    2.3481100035
  -0.0480039146   -1.8130353192    2.3481100035
   0.0720617305   -2.0089646447    2.3481100035
   0.2212992675   -2.1836993501    2.3481100035
   0.3960339729   -2.3329368871    2.3481100035
   0.5919632984   -2.4530025322    2.3481100035
   0.8042628137   -2.5409398707    2.3481100035
   1.0277050002   -2.5945835936    2.3481100035
   1.2567879697   -2.6126128143    2.3481100035
   1.4858709392   -2.5945835936    2.3481100035
   1.7093131257   -2.5409398707    2.3481100035
   1.9216126411   -2.4530025322    2.3481100035
   2.1175419666   -2.3329368871    2.3481100035
   2.2922766720   -2.1836993501    2.3481100035
   2.4415142089   -2.0089646447    2.3481100035
   2.5615798540   -1.8130353192    2.3481100035
   2.6495171926   -1.6007358039    2.3481100035
   2.7031609154   -1.3772936174    2.3481100035
   2.8938683838   -1.1482106479    2.2047198100
   2.8779364297   -0.9203730901    2.2047198100
   2.8304506649   -0.6969701313    2.2047198100
   2.7523353458   -0.4823500558    2.2047198100
   2.6451108981   -0.2806901994    2.2047198100
  -0.1886682412   -1.9167733483    2.2047198100
  -0.0676379064   -2.1104623721    2.2047198100
   0.0791708715   -2.2854222606    2.2047198100
   0.2489006268   -2.4382476187    2.2047198100
   0.4382477627   -2.5659638745    2.2047198100
   0.6435268527   -2.6660851764    2.2047198100
   0.8607423727   -2.7366627772    2.2047198100
   1.0856664698   -2.7763229641    2.2047198100
   1.3139212522   -2.7842937968    2.2047198100
   1.5410640003   -2.7604201320    2.2047198100
   1.7626736388   -2.7051666434    2.2047198100
   1.9744367882   -2.6196087774    2.2047198100
   2.1722317197   -2.5054118204    2.2047198100
   2.3522085798   -2.3647984865    2.2047198100
   2.5108643239   -2.2005056541    2.2047198100
   2.6451108981   -2.0157310964    2.2047198100
   2.7523353458   -1.8140712399    2.2047198100
   2.8304506649   -1.5994511645    2.2047198100
   2.8779364297   -1.3760482056    2.2047198100
   3.0525796386   -1.1482106479    2.0460085552
   3.0384192849   -0.9231382712    2.0460085552
   2.9961615411   -0.7016154204    2.0460085552
   2.9264728370   -0.4871356431    2.0460085552
   2.8304522051   -0.2830814135    2.0460085552
  -0.3168762657   -2.0133398823    2.0460085552
  -0.1960380087   -2.2037505070    2.0460085552
  -0.0522878183   -2.3775146376    2.0460085552
   0.1121072794   -2.5318919100    2.0460085552
   0.2945546754   -2.6644477023    2.0460085552
   0.4921770652   -2.7730915304    2.0460085552
   0.7018578257   -2.8561100164    2.0460085552
   0.9202901661   -2.9121939092    2.0460085552
   1.1440292779   -2.9404587321    2.0460085552
   1.3695466616   -2.9404587321    2.0460085552
   1.5932857734   -2.9121939092    2.0460085552
   1.8117181138   -2.8561100164    2.0460085552
   2.0213988743   -2.7730915304    2.0460085552
   2.2190212641   -2.6644477023    2.0460085552
   2.4014686600   -2.5318919100    2.0460085552
   2.5658637577   -2.3775146376    2.0460085552
   2.7096139482   -2.2037505070    2.0460085552
   2.8304522051   -2.0133398823    2.0460085552
   2.9264728370   -1.8092856527    2.0460085552
   2.9961615411   -1.5948058754    2.0460085552
   3.0384192849   -1.3732830245    2.0460085552
   3.1959698320   -1.1482106479    1.8733303076
   3.1828577780   -0.9230853745    1.8733303076
   3.1436989339   -0.7010045342    1.8733303076
   3.0790228561   -0.4849713894    1.8733303076
   2.9897041774   -0.2779074178    1.8733303076
  -0.3633748403   -2.2138084913    1.8733303076
  -0.2287115201   -2.3946927219    1.8733303076
  -0.0739593676   -2.5587204207    1.8733303076
   0.0987888598   -2.7036733946    1.8733303076
   0.2871970386   -2.8275914032    1.8733303076
   0.4887172714   -2.9287986680    1.8733303076
   0.7006243428   -3.0059265344    1.8733303076
   0.9200525732   -3.0579319804    1.8733303076
   1.1440345721   -3.0841117214    1.8733303076
   1.3695413673   -3.0841117214    1.8733303076
   1.5935233663   -3.0579319804    1.8733303076
   1.8129515966   -3.0059265344    1.8733303076
   2.0248586680   -2.9287986680    1.8733303076
   2.2263789009   -2.8275914032    1.8733303076
   2.4147870797   -2.7036733946    1.8733303076
   2.5875353070   -2.5587204207    1.8733303076
   2.7422874595   -2.3946927219    1.8733303076
   2.8769507798   -2.2138084913    1.8733303076
   2.9897041774   -2.0185138779    1.8733303076
   3.0790228561   -1.8114499064    1.8733303076
   3.1436989339   -1.5954167616    1.8733303076
   3.1828577780   -1.3733359213    1.8733303076
   3.3228156095   -1.1482106479    1.6881582970
   3.3102762211   -0.9209306227    1.6881582970
   3.2728102671   -0.6964094691    1.6881582970
   3.2108725333   -0.4773725699    1.6881582970
   3.1252148600   -0.2664787361    1.6881582970
  -0.4410277103   -2.3254498441    1.6881582970
  -0.3012171295   -2.5050784821    1.6881582970
  -0.1424944772   -2.6682365826    1.6881582970
   0.0332135684   -2.8129436274    1.6881582970
   0.2237741498   -2.9374430689    1.6881582970
   0.4268741196   -3.0402236526    1.6881582970
   0.6400481193   -3.1200377613    1.6881582970
   0.8607085053   -3.1759165601    1.6881582970
   1.0861767595   -3.2071817558    1.6881582970
   1.3137160027   -3.2134538315    1.6881582970
   1.5405642166   -3.1946566526    1.6881582970
   1.7639677713   -3.1510183914    1.6881582970
   1.9812148503   -3.0830687572    1.6881582970
   2.1896683683   -2.9916325666    1.6881582970
   2.3867979820   -2.8778197311    1.6881582970
   2.5702108048   -2.7430117843    1.6881582970
   2.7376804537   -2.5888451121    1.6881582970
   2.8871740738   -2.4171910890    1.6881582970
   3.0168770153   -2.2301333624    1.6881582970
   3.1252148600   -2.0299425596    1.6881582970
   3.2108725333   -1.8190487259    1.6881582970
   3.2728102671   -1.6000118266    1.6881582970
   3.3102762211   -1.3754906731    1.6881582970
   3.4320347677   -1.1482106479    1.4920723457
   3.4201185382   -0.9208354429    1.4920723457
   3.3845004062   -0.6959514082    1.4920723457
   3.3255706115   -0.4760224203    1.4920723457
   3.2439748013   -0.2634580674    1.4920723457
  -0.5030236568   -2.4267886358    1.4920723457
  -0.3597354323   -2.6037348568    1.4920723457
  -0.1987362392   -2.7647340499    1.4920723457
  -0.0217900182   -2.9080222744    1.4920723457
   0.1691645707   -3.0320296344    1.4920723457
   0.3720353892   -3.1353974794    1.4920723457
   0.5845997422   -3.2169932897    1.4920723457
   0.8045287300   -3.2759230843    1.4920723457
   1.0294127647   -3.3115412163    1.4920723457
   1.2567879697   -3.3234574459    1.4920723457
   1.4841631747   -3.3115412163    1.4920723457
   1.7090472094   -3.2759230843    1.4920723457
   1.9289761973   -3.2169932897    1.4920723457
   2.1415405502   -3.1353974794    1.4920723457
   2.3444113687   -3.0320296344    1.4920723457
   2.5353659577   -2.9080222744    1.4920723457
   2.7123121786   -2.7647340499    1.4920723457
   2.8733113718   -2.6037348568    1.4920723457
   3.0165995963   -2.4267886358    1.4920723457
   3.1406069563   -2.2358340469    1.4920723457
   3.2439748013   -2.0329632284    1.4920723457
   3.3255706115   -1.8203988754    1.4920723457
   3.3845004062   -1.6004698876    1.4920723457
   3.4201185382   -1.3755858529    1.4920723457
   3.5226954872   -1.1482106479    1.2867453900
   3.5114356837   -0.9225991158    1.2867453900
   3.4777681783   -0.6992298124    1.2867453900
   3.4220275738   -0.4803226824    1.2867453900
   3.3447678454   -0.2680533230    1.2867453900
  -0.5494405708   -2.5163756003    1.2867453900
  -0.4042397773   -2.6894191676    1.2867453900
  -0.2425309439   -2.8471455121    1.2867453900
  -0.0659212055   -2.9879870787    1.2867453900
   0.1238342110   -3.1105441206    1.2867453900
   0.3248494309   -3.2135986108    1.2867453900
   0.5351266747   -3.2961263476    1.2867453900
   0.7525761127   -3.3573071331    1.2867453900
   0.9750366346   -3.3965329252    1.2867453900
   1.2002973279   -3.4134138805    1.2867453900
   1.4261194506   -3.4077822283    1.2867453900
   1.6502586809   -3.3796939387    1.2867453900
   1.8704874225   -3.3294281655    1.2867453900
   2.0846169433   -3.2574844727    1.2867453900
   2.2905191278   -3.1645778690    1.2867453900
   2.4861476276   -3.0516317020    1.2867453900
   2.6695581988   -2.9197684814    1.2867453900
   2.8389280248   -2.7702987231    1.2867453900
   2.9925738321   -2.6047079248    1.2867453900
   3.1289686197   -2.4246418022    1.2867453900
   3.2467568348   -2.2318899333    1.2867453900
   3.3447678454   -2.0283679728    1.2867453900
   3.4220275738   -1.8160986134    1.2867453900
   3.4777681783   -1.5971914833    1.2867453900
   3.5114356837   -1.3738221800    1.2867453900
   3.5940242826   -1.1482106479    1.0739292070
   3.5831132098   -0.9226348072    1.0739292070
   3.5504818649   -0.6991651074    1.0739292070
   3.4964349182   -0.4798880248    1.0739292070
   3.4214769914   -0.2668508905    1.0739292070
  -0.4926585315   -2.6980850046    1.0739292070
  -0.3349070251   -2.8596955663    1.0739292070
  -0.1622942914   -3.0053264543    1.0739292070
   0.0235680310   -3.1336179525    1.0739292070
   0.2209445958   -3.2433722376    1.0739292070
   0.4279925510   -3.3335645634    1.0739292070
   0.6427787457   -3.4033528286    1.0739292070
   0.8632977791   -3.4520854388    1.0739292070
   1.0874907245   -3.4793073909    1.0739292070
   1.3132643525   -3.4847645207    1.0739292070
   1.5385106759   -3.4684058766    1.0739292070
   1.7611266302   -3.4303841947    1.0739292070
   1.9790337103   -3.3710544734    1.0739292070
   2.1901973765   -3.2909706582    1.0739292070
   2.3926460506   -3.1908804701    1.0739292070
   2.5844895239   -3.0717184242    1.0739292070
   2.7639366054   -2.9345971045    1.0739292070
   2.9293118463   -2.7807967757    1.0739292070
   3.0790711823   -2.6117534302    1.0739292070
   3.2118163509   -2.4290453800    1.0739292070
   3.3263079464   -2.2343785210    1.0739292070
   3.4214769914   -2.0295704053    1.0739292070
   3.4964349182   -1.8165332710    1.0739292070
   3.5504818649   -1.5972561884    1.0739292070
   3.5831132098   -1.3737864885    1.0739292070
   3.6454126020   -1.1482106479    0.8554394695
   3.6345967247   -0.9211574414    0.8554394695
   3.6022470431   -0.6961604639    0.8554394695
   3.5486565209   -0.4752573229    0.8554394695
   3.4743104823   -0.2604485514    0.8554394695
  -0.3074285101   -2.9534126970    0.8554394695
  -0.1287502526   -3.0939268318    0.8554394695
   0.0624756536   -3.2168202595    0.8554394695
   0.2645174371   -3.3209800382    0.8554394695
   0.4755453761   -3.4054628809    0.8554394695
   0.6936483691   -3.4695036979    0.8554394695
   0.9168512415   -3.5125225255    0.8554394695
   1.1431326335   -3.5341297786    0.8554394695
   1.3704433059   -3.5341297786    0.8554394695
   1.5967246980   -3.5125225255    0.8554394695
   1.8199275703   -3.4695036979    0.8554394695
   2.0380305633   -3.4054628809    0.8554394695
   2.2490585024   -3.3209800382    0.8554394695
   2.4511002858   -3.2168202595    0.8554394695
   2.6423261920   -3.0939268318    0.8554394695
   2.8210044495   -2.9534126970    0.8554394695
   2.9855169203   -2.7965503729    0.8554394695
   3.1343737541   -2.6247604290    0.8554394695
   3.2662268802   -2.4395986216    0.8554394695
   3.3798822164   -2.2427418048    0.8554394695
   3.4743104823   -2.0359727443    0.8554394695
   3.5486565209   -1.8211639729    0.8554394695
   3.6022470431   -1.6002608318    0.8554394695
   3.6345967247   -1.3752638544    0.8554394695
   3.6764220181   -1.1482106479    0.6331402547
   3.6657901026   -0.9216325115    0.6331402547
   3.6339877897   -0.6970455518    0.6331402547
   3.5812945594   -0.4764234473    0.6331402547
   3.5081734815   -0.2617050329    0.6331402547
  -0.2644670889   -3.0298088979    0.6331402547
  -0.0815870040   -3.1639937111    0.6331402547
   0.1130547683   -3.2804637501    0.6331402547
   0.3177477091   -3.3781954723    0.6331402547
   0.5306929695   -3.4563300076    0.6331402547
   0.7500191788   -3.5141807070    0.6331402547
   0.9737988905   -3.5512391765    0.6331402547
   1.2000655204   -3.5671797448    0.6331402547
   1.4268306293   -3.5618623258    0.6331402547
   1.6521013971   -3.5353336490    0.6331402547
   1.8738981363   -3.4878268494    0.6331402547
   2.0902716892   -3.4197594185    0.6331402547
   2.2993205572   -3.3317295354    0.6331402547
   2.4992076113   -3.2245108098    0.6331402547
   2.6881762370   -3.0990454837    0.6331402547
   2.8645657710   -2.9564361509    0.6331402547
   3.0268260960   -2.7979360674    0.6331402547
   3.1735312622   -2.6249381375    0.6331402547
   3.3033920195   -2.4389626734    0.6331402547
   3.4152671468   -2.2416440341    0.6331402547
   3.5081734815   -2.0347162629    0.6331402547
   3.5812945594   -1.8199978484    0.6331402547
   3.6339877897   -1.5993757439    0.6331402547
   3.6657901026   -1.3747887843    0.6331402547
   3.6867879697   -1.1482106479    0.4089281412
   3.6764220181   -0.9239985344    0.4089281412
   3.6454126020   -0.7016993196    0.4089281412
   3.5940242826   -0.4832095820    0.4089281412
   3.5226954872   -0.2703933990    0.4089281412
  -0.2076141967   -3.0873925102    0.4089281412
  -0.0224421861   -3.2142382877    0.4089281412
   0.1736437652   -3.3234574459    0.4089281412
   0.3789707209   -3.4141181653    0.4089281412
   0.5917869038   -3.4854469608    0.4089281412
   0.8102766414   -3.5368352801    0.4089281412
   1.0325758562   -3.5678446963    0.4089281412
   1.2567879697   -3.5782106479    0.4089281412
   1.4810000832   -3.5678446963    0.4089281412
   1.7032992980   -3.5368352801    0.4089281412
   1.9217890356   -3.4854469608    0.4089281412
   2.1346052186   -3.4141181653    0.4089281412
   2.3399321743   -3.3234574459    0.4089281412
   2.5360181255   -3.2142382877    0.4089281412
   2.7211901361   -3.0873925102    0.4089281412
   2.8938683838   -2.9440023167    0.4089281412
   3.0525796386   -2.7852910619    0.4089281412
   3.1959698320   -2.6126128143    0.4089281412
   3.3228156095   -2.4274408037    0.4089281412
   3.4320347677   -2.2313548524    0.4089281412
   3.5226954872   -2.0260278967    0.4089281412
   3.5940242826   -1.8132117138    0.4089281412
   3.6454126020   -1.5947219762    0.4089281412
   3.6764220181   -1.3724227614    0.4089281412
   3.6764220181   -1.1482106479    0.1847160277
   3.6657901026   -0.9216325115    0.1847160277
   3.6339877897   -0.6970455518    0.1847160277
   3.5812945594   -0.4764234473    0.1847160277
   3.5081734815   -0.2617050329    0.1847160277
  -0.0815870040   -3.1639937111    0.1847160277
   0.1130547683   -3.2804637501    0.1847160277
   0.3177477091   -3.3781954723    0.1847160277
   0.5306929695   -3.4563300076    0.1847160277
   0.7500191788   -3.5141807070    0.1847160277
   0.9737988905   -3.5512391765    0.1847160277
   1.2000655204   -3.5671797448    0.1847160277
   1.4268306293   -3.5618623258    0.1847160277
   1.6521013971   -3.5353336490    0.1847160277
   1.8738981363   -3.4878268494    0.1847160277
   2.0902716892   -3.4197594185    0.1847160277
   2.2993205572   -3.3317295354    0.1847160277
   2.4992076113   -3.2245108098    0.1847160277
   2.6881762370   -3.0990454837    0.1847160277
   2.8645657710   -2.9564361509    0.1847160277
   3.0268260960   -2.7979360674    0.1847160277
   3.1735312622   -2.6249381375    0.1847160277
   3.3033920195   -2.4389626734    0.1847160277
   3.4152671468   -2.2416440341    0.1847160277
   3.5081734815   -2.0347162629    0.1847160277
   3.5812945594   -1.8199978484    0.1847160277
   3.6339877897   -1.5993757439    0.1847160277
   3.6657901026   -1.3747887843    0.1847160277
   3.6454126020   -1.1482106479   -0.0375831871
   3.6345967247   -0.9211574414   -0.0375831871
   3.6022470431   -0.6961604639   -0.0375831871
   3.5486565209   -0.4752573229   -0.0375831871
   3.4743104823   -0.2604485514   -0.0375831871
   0.0624756536   -3.2168202595   -0.0375831871
   0.2645174371   -3.3209800382   -0.0375831871
   0.4755453761   -3.4054628809   -0.0375831871
   0.6936483691   -3.4695036979   -0.0375831871
   0.9168512415   -3.5125225255   -0.0375831871
   1.1431326335   -3.5341297786   -0.0375831871
   1.3704433059   -3.5341297786   -0.0375831871
   1.5967246980   -3.5125225255   -0.0375831871
   1.8199275703   -3.4695036979   -0.0375831871
   2.0380305633   -3.4054628809   -0.0375831871
   2.2490585024   -3.3209800382   -0.0375831871
   2.4511002858   -3.2168202595   -0.0375831871
   2.6423261920   -3.0939268318   -0.0375831871
   2.8210044495   -2.9534126970   -0.0375831871
   2.9855169203   -2.7965503729   -0.0375831871
   3.1343737541   -2.6247604290   -0.0375831871
   3.2662268802   -2.4395986216   -0.0375831871
   3.3798822164   -2.2427418048   -0.0375831871
   3.4743104823   -2.0359727443   -0.0375831871
   3.5486565209   -1.8211639729   -0.0375831871
   3.6022470431   -1.6002608318   -0.0375831871
   3.6345967247   -1.3752638544   -0.0375831871
   3.5940242826   -1.1482106479   -0.2560729247
   3.5831132098   -0.9226348072   -0.2560729247
   3.5504818649   -0.6991651074   -0.2560729247
   3.4964349182   -0.4798880248   -0.2560729247
   0.0235680310   -3.1336179525   -0.2560729247
   0.2209445958   -3.2433722376   -0.2560729247
   0.4279925510   -3.3335645634   -0.2560729247
   0.6427787457   -3.4033528286   -0.2560729247
   0.8632977791   -3.4520854388   -0.2560729247
   1.0874907245   -3.4793073909   -0.2560729247
   1.3132643525   -3.4847645207   -0.2560729247
   1.5385106759   -3.4684058766   -0.2560729247
   1.7611266302   -3.4303841947   -0.2560729247
   1.9790337103   -3.3710544734   -0.2560729247
   2.1901973765   -3.2909706582   -0.2560729247
   2.3926460506   -3.1908804701   -0.2560729247
   2.5844895239   -3.0717184242   -0.2560729247
   2.7639366054   -2.9345971045   -0.2560729247
   2.9293118463   -2.7807967757   -0.2560729247
   3.0790711823   -2.6117534302   -0.2560729247
   3.2118163509   -2.4290453800   -0.2560729247
   3.3263079464   -2.2343785210   -0.2560729247
   3.4214769914   -2.0295704053   -0.2560729247
   3.4964349182   -1.8165332710   -0.2560729247
   3.5504818649   -1.5972561884   -0.2560729247
   3.5831132098   -1.3737864885   -0.2560729247
   3.5226954872   -1.1482106479   -0.4688891077
   3.5114356837   -0.9225991158   -0.4688891077
   3.4777681783   -0.6992298124   -0.4688891077
   3.4220275738   -0.4803226824   -0.4688891077
   0.1238342110   -3.1105441206   -0.4688891077
   0.3248494309   -3.2135986108   -0.4688891077
   0.5351266747   -3.2961263476   -0.4688891077
   0.7525761127   -3.3573071331   -0.4688891077
   0.9750366346   -3.3965329252   -0.4688891077
   1.2002973279   -3.4134138805   -0.4688891077
   1.4261194506   -3.4077822283   -0.4688891077
   1.6502586809   -3.3796939387   -0.4688891077
   1.8704874225   -3.3294281655   -0.4688891077
   2.0846169433   -3.2574844727   -0.4688891077
   2.2905191278   -3.1645778690   -0.4688891077
   2.4861476276   -3.0516317020   -0.4688891077
   2.6695581988   -2.9197684814   -0.4688891077
   2.8389280248   -2.7702987231   -0.4688891077
   2.9925738321   -2.6047079248   -0.4688891077
   3.1289686197   -2.4246418022   -0.4688891077
   3.2467568348   -2.2318899333   -0.4688891077
   3.3447678454   -2.0283679728   -0.4688891077
   3.4220275738   -1.8160986134   -0.4688891077
   3.4777681783   -1.5971914833   -0.4688891077
   3.5114356837   -1.3738221800   -0.4688891077
   3.4320347677   -1.1482106479   -0.6742160634
   3.4201185382   -0.9208354429   -0.6742160634
   3.3845004062   -0.6959514082   -0.6742160634
   0.1691645707   -3.0320296344   -0.6742160634
   0.3720353892   -3.1353974794   -0.6742160634
   0.5845997422   -3.2169932897   -0.6742160634
   0.8045287300   -3.2759230843   -0.6742160634
   1.0294127647   -3.3115412163   -0.6742160634
   1.2567879697   -3.3234574459   -0.6742160634
   1.4841631747   -3.3115412163   -0.6742160634
   1.7090472094   -3.2759230843   -0.6742160634
   1.9289761973   -3.2169932897   -0.6742160634
   2.1415405502   -3.1353974794   -0.6742160634
   2.3444113687   -3.0320296344   -0.6742160634
   2.5353659577   -2.9080222744   -0.6742160634
   2.7123121786   -2.7647340499   -0.6742160634
   2.8733113718   -2.6037348568   -0.6742160634
   3.0165995963   -2.4267886358   -0.6742160634
   3.1406069563   -2.2358340469   -0.6742160634
   3.2439748013   -2.0329632284   -0.6742160634
   3.3255706115   -1.8203988754   -0.6742160634
   3.3845004062   -1.6004698876   -0.6742160634
   3.4201185382   -1.3755858529   -0.6742160634
   3.3228156095   -1.1482106479   -0.8703020146
   3.3102762211   -0.9209306227   -0.8703020146
   3.2728102671   -0.6964094691   -0.8703020146
   0.2237741498   -2.9374430689   -0.8703020146
   0.4268741196   -3.0402236526   -0.8703020146
   0.6400481193   -3.1200377613   -0.8703020146
   0.8607085053   -3.1759165601   -0.8703020146
   1.0861767595   -3.2071817558   -0.8703020146
   1.3137160027   -3.2134538315   -0.8703020146
   1.5405642166   -3.1946566526   -0.8703020146
   1.7639677713   -3.1510183914   -0.8703020146
   1.9812148503   -3.0830687572   -0.8703020146
   2.1896683683   -2.9916325666   -0.8703020146
   2.3867979820   -2.8778197311   -0.8703020146
   2.5702108048   -2.7430117843   -0.8703020146
   2.7376804537   -2.5888451121   -0.8703020146
   2.8871740738   -2.4171910890   -0.8703020146
   3.0168770153   -2.2301333624   -0.8703020146
   3.1252148600   -2.0299425596   -0.8703020146
   3.2108725333   -1.8190487259   -0.8703020146
   3.2728102671   -1.6000118266   -0.8703020146
   3.3102762211   -1.3754906731   -0.8703020146
   3.1959698320   -1.1482106479   -1.0554740252
   3.1828577780   -0.9230853745   -1.0554740252
   0.4887172714   -2.9287986680   -1.0554740252
   0.7006243428   -3.0059265344   -1.0554740252
   0.9200525732   -3.0579319804   -1.0554740252
   1.1440345721   -3.0841117214   -1.0554740252
   1.3695413673   -3.0841117214   -1.0554740252
   1.5935233663   -3.0579319804   -1.0554740252
   1.8129515966   -3.0059265344   -1.0554740252
   2.0248586680   -2.9287986680   -1.0554740252
   2.2263789009   -2.8275914032   -1.0554740252
   2.4147870797   -2.7036733946   -1.0554740252
   2.5875353070   -2.5587204207   -1.0554740252
   2.7422874595   -2.3946927219   -1.0554740252
   2.8769507798   -2.2138084913   -1.0554740252
   2.9897041774   -2.0185138779   -1.0554740252
   3.0790228561   -1.8114499064   -1.0554740252
   3.1436989339   -1.5954167616   -1.0554740252
   3.1828577780   -1.3733359213   -1.0554740252
   3.0525796386   -1.1482106479   -1.2281522729
   3.0384192849   -0.9231382712   -1.2281522729
   0.4921770652   -2.7730915304   -1.2281522729
   0.7018578257   -2.8561100164   -1.2281522729
   0.9202901661   -2.9121939092   -1.2281522729
   1.1440292779   -2.9404587321   -1.2281522729
   1.3695466616   -2.9404587321   -1.2281522729
   1.5932857734   -2.9121939092   -1.2281522729
   1.8117181138   -2.8561100164   -1.2281522729
   2.0213988743   -2.7730915304   -1.2281522729
   2.2190212641   -2.6644477023   -1.2281522729
   2.4014686600   -2.5318919100   -1.2281522729
   2.5658637577   -2.3775146376   -1.2281522729
   2.7096139482   -2.2037505070   -1.2281522729
   2.8304522051   -2.0133398823   -1.2281522729
   2.9264728370   -1.8092856527   -1.2281522729
   2.9961615411   -1.5948058754   -1.2281522729
   3.0384192849   -1.3732830245   -1.2281522729
   2.8938683838   -1.1482106479   -1.3868635277
   0.4382477627   -2.5659638745   -1.3868635277
   0.6435268527   -2.6660851764   -1.3868635277
   0.8607423727   -2.7366627772   -1.3868635277
   1.0856664698   -2.7763229641   -1.3868635277
   1.3139212522   -2.7842937968   -1.3868635277
   1.5410640003   -2.7604201320   -1.3868635277
   1.7626736388   -2.7051666434   -1.3868635277
   1.9744367882   -2.6196087774   -1.3868635277
   2.1722317197   -2.5054118204   -1.3868635277
   2.3522085798   -2.3647984865   -1.3868635277
   2.5108643239   -2.2005056541   -1.3868635277
   2.6451108981   -2.0157310964   -1.3868635277
   2.7523353458   -1.8140712399   -1.3868635277
   2.8304506649   -1.5994511645   -1.3868635277
   2.8779364297   -1.3760482056   -1.3868635277
   0.5919632984   -2.4530025322   -1.5302537211
   0.8042628137   -2.5409398707   -1.5302537211
   1.0277050002   -2.5945835936   -1.5302537211
   1.2567879697   -2.6126128143   -1.5302537211
   1.4858709392   -2.5945835936   -1.5302537211
   1.7093131257   -2.5409398707   -1.5302537211
   1.9216126411   -2.4530025322   -1.5302537211
   2.1175419666   -2.3329368871   -1.5302537211
   2.2922766720   -2.1836993501   -1.5302537211
   2.4415142089   -2.0089646447   -1.5302537211
   2.5615798540   -1.8130353192   -1.5302537211
   2.6495171926   -1.6007358039   -1.5302537211
   2.7031609154   -1.3772936174   -1.5302537211
   0.5520639383   -2.2158219213   -1.6570994986
   0.7540184972   -2.3244983036   -1.6570994986
   0.9721324807   -2.3953678329   -1.6570994986
   1.1993955258   -2.4261527040   -1.6570994986
   1.4285032113   -2.4158634660   -1.6570994986
   1.6520918276   -2.3648308234   -1.6570994986
   1.8629750526   -2.2746950073   -1.6570994986
   2.0543749261   -2.1483530570   -1.6570994986
   2.2201396985   -1.9898657068   -1.6570994986
   2.3549415537   -1.8043268704   -1.6570994986
   2.4544478491   -1.5976999188   -1.6570994986
   0.9220780032   -2.1783420017   -1.7663186568
   1.1435685705   -2.2254212751   -1.7663186568
   1.3700073689   -2.2254212751   -1.7663186568
   1.5914979363   -2.1783420017   -1.7663186568
   1.7983600720   -2.0862410450   -1.7663186568
   1.9815529081   -1.9531436587   -1.7663186568
   2.1330700385   -1.7848668374   -1.7663186568
   1.2567879697   -2.0260278967   -1.8569793763
   1.4839837918   -1.9961169993   -1.8569793763
   1.6956965941   -1.9084226853   -1.8569793763
  -1.0039204113   -0.0648267274    3.5726666415
  -0.7757859074   -0.0648267274    3.5617992557
  -0.8898531594    0.1327435485    3.5617992557
  -1.1179876633    0.1327435485    3.5617992557
  -1.2320549153   -0.0648267274    3.5617992557
  -1.1179876633   -0.2623970033    3.5617992557
  -0.8898531594   -0.2623970033    3.5617992557
  -0.5497174249   -0.0648267274    3.5292955150
  -0.6105690866    0.1622747659    3.5292955150
  -0.7768189181    0.3285245974    3.5292955150
  -1.0039204113    0.3893762591    3.5292955150
  -1.2310219046    0.3285245974    3.5292955150
  -1.3972717361    0.1622747659    3.5292955150
  -1.4581233978   -0.0648267274    3.5292955150
  -1.3972717361   -0.2919282206    3.5292955150
  -1.2310219046   -0.4581780521    3.5292955150
  -1.0039204113   -0.5190297138    3.5292955150
  -0.7768189181   -0.4581780521    3.5292955150
  -0.6105690866   -0.2919282206    3.5292955150
  -0.3277622749   -0.0648267274    3.4754497782
  -0.3685396001    0.1664329754    3.4754497782
  -0.4859532283    0.3697993449    3.4754497782
  -0.6658413431    0.5207433957    3.4754497782
  -0.8865067831    0.6010590476    3.4754497782
  -1.1213340396    0.6010590476    3.4754497782
  -1.3419994796    0.5207433957    3.4754497782
  -1.5218875944    0.3697993449    3.4754497782
  -1.6393012226    0.1664329754    3.4754497782
  -1.6800785478   -0.0648267274    3.4754497782
  -1.6393012226   -0.2960864301    3.4754497782
  -1.5218875944   -0.4994527996    3.4754497782
  -1.3419994796   -0.6503968505    3.4754497782
  -1.1213340396   -0.7307125024    3.4754497782
  -0.8865067831   -0.7307125024    3.4754497782
  -0.6658413431   -0.6503968505    3.4754497782
  -0.4859532283   -0.4994527996    3.4754497782
  -0.3685396001   -0.2960864301    3.4754497782
  -0.1119305178   -0.0648267274    3.4007496808
  -0.1423243363    0.1660372451    3.4007496808
  -0.2314345036    0.3811682194    3.4007496808
  -0.3731883088    0.5659053751    3.4007496808
  -0.5579254646    0.7076591804    3.4007496808
  -0.7730564388    0.7967693476    3.4007496808
  -1.0039204113    0.8271631662    3.4007496808
  -1.2347843838    0.7967693476    3.4007496808
  -1.4499153581    0.7076591804    3.4007496808
  -1.6346525139    0.5659053751    3.4007496808
  -1.7764063191    0.3811682194    3.4007496808
  -1.8655164864    0.1660372451    3.4007496808
  -1.8959103049   -0.0648267274    3.4007496808
  -1.8655164864   -0.2956906999    3.4007496808
  -1.7764063191   -0.5108216742    3.4007496808
  -1.6346525139   -0.6955588299    3.4007496808
  -1.4499153581   -0.8373126351    3.4007496808
  -1.2347843838   -0.9264228024    3.4007496808
  -1.0039204113   -0.9568166210    3.4007496808
  -0.7730564388   -0.9264228024    3.4007496808
  -0.5579254646   -0.8373126351    3.4007496808
  -0.3731883088   -0.6955588299    3.4007496808
  -0.2314345036   -0.5108216742    3.4007496808
  -0.1423243363   -0.2956906999    3.4007496808
   0.0958232408   -0.0648267274    3.3058717183
   0.0717912034    0.1638228348    3.3058717183
   0.0007454066    0.3824793140    3.3058717183
  -0.1142091073    0.5815863727    3.3058717183
  -0.2680482745    0.7524420771    3.3058717183
  -0.4540485853    0.8875792130    3.3058717183
  -0.6640809334    0.9810916393    3.3058717183
  -0.8889658974    1.0288924140    3.3058717183
  -1.1188749253    1.0288924140    3.3058717183
  -1.3437598893    0.9810916393    3.3058717183
  -1.5537922374    0.8875792130    3.3058717183
  -1.7397925481    0.7524420771    3.3058717183
  -1.8936317154    0.5815863727    3.3058717183
  -2.0085862293    0.3824793140    3.3058717183
  -2.0796320261    0.1638228348    3.3058717183
  -2.1036640635   -0.0648267274    3.3058717183
  -2.0796320261   -0.2934762896    3.3058717183
  -2.0085862293   -0.5121327687    3.3058717183
  -1.8936317154   -0.7112398274    3.3058717183
  -1.7397925481   -0.8820955318    3.3058717183
  -1.5537922374   -1.0172326678    3.3058717183
  -1.3437598893   -1.1107450940    3.3058717183
  -1.1188749253   -1.1585458687    3.3058717183
  -0.8889658974   -1.1585458687    3.3058717183
  -0.6640809334   -1.1107450940    3.3058717183
  -0.4540485853   -1.0172326678    3.3058717183
  -0.2680482745   -0.8820955318    3.3058717183
  -0.1142091073   -0.7112398274    3.3058717183
   0.0007454066   -0.5121327687    3.3058717183
   0.0717912034   -0.2934762896    3.3058717183
   0.2936175505   -0.0648267274    3.1916751203
   0.2739050334    0.1604883752    3.1916751203
   0.2153664366    0.3789573923    3.1916751203
   0.1197804260    0.5839422536    3.1916751203
  -0.0099486659    0.7692145976    3.1916751203
  -0.1698790863    0.9291450181    3.1916751203
  -0.3551514304    1.0588741100    3.1916751203
  -0.5601362917    1.1544601206    3.1916751203
  -0.7786053088    1.2129987173    3.1916751203
  -1.0039204113    1.2327112345    3.1916751203
  -1.2292355139    1.2129987173    3.1916751203
  -1.4477045310    1.1544601206    3.1916751203
  -1.6526893923    1.0588741100    3.1916751203
  -1.8379617364    0.9291450181    3.1916751203
  -1.9978921568    0.7692145976    3.1916751203
  -2.1276212487    0.5839422536    3.1916751203
  -2.2232072593    0.3789573923    3.1916751203
  -2.2817458560    0.1604883752    3.1916751203
  -2.3014583732   -0.0648267274    3.1916751203
  -2.2817458560   -0.2901418299    3.1916751203
  -2.2232072593   -0.5086108471    3.1916751203
  -2.1276212487   -0.7135957083    3.1916751203
  -1.9978921568   -0.8988680524    3.1916751203
  -1.8379617364   -1.0587984728    3.1916751203
  -1.6526893923   -1.1885275647    3.1916751203
  -1.4477045310   -1.2841135753    3.1916751203
  -1.2292355139   -1.3426521721    3.1916751203
  -1.0039204113   -1.3623646893    3.1916751203
  -0.7786053088   -1.3426521721    3.1916751203
  -0.5601362917   -1.2841135753    3.1916751203
  -0.3551514304   -1.1885275647    3.1916751203
  -0.1698790863   -1.0587984728    3.1916751203
  -0.0099486659   -0.8988680524    3.1916751203
   0.1197804260   -0.7135957083    3.1916751203
   0.2153664366   -0.5086108471    3.1916751203
   0.2739050334   -0.2901418299    3.1916751203
   0.4796611556   -0.0648267274    3.0591940689
   0.4622742083    0.1616409369    3.0591940689
   0.4105209019    0.3828003911    3.0591940689
   0.3256142899    0.5934678450    3.0591940689
   0.2095445113    0.7887054320    3.0591940689
   0.0650321435    0.9639369487    3.0591940689
  -0.1045355662    1.1150551168    3.0591940689
  -0.2951840944    1.2385178544    3.0591940689
  -0.5024448012    1.3314312997    3.0591940689
  -0.7214596713    1.3916176403    3.0591940689
  -0.9470951817    1.4176661593    3.0591940689
  -1.1740626273    1.4089663015    3.0591940689
  -1.3970420836    1.3657219843    3.0591940689
  -1.6108071011    1.2889468178    3.0591940689
  -1.8103472089    1.1804403468    3.0591940689
  -1.9909853561    1.0427458709    3.0591940689
  -2.1484875376    0.8790908322    3.0591940689
  -2.2791620358    0.6933111658    3.0591940689
  -2.3799459511    0.4897613898    3.0591940689
  -2.4484769940    0.2732125384    3.0591940689
  -2.4831488550    0.0487403331    3.0591940689
  -2.4831488550   -0.1783937878    3.0591940689
  -2.4484769940   -0.4028659931    3.0591940689
  -2.3799459511   -0.6194148446    3.0591940689
  -2.2791620358   -0.8229646206    3.0591940689
  -2.1484875376   -1.0087442869    3.0591940689
  -1.9909853561   -1.1723993257    3.0591940689
  -1.8103472089   -1.3100938015    3.0591940689
  -1.6108071011   -1.4186002725    3.0591940689
  -1.3970420836   -1.4953754391    3.0591940689
  -1.1740626273   -1.5386197563    3.0591940689
  -0.9470951817   -1.5473196140    3.0591940689
  -0.7214596713   -1.5212710950    3.0591940689
  -0.5024448012   -1.4610847544    3.0591940689
  -0.2951840944   -1.3681713091    3.0591940689
  -0.1045355662   -1.2447085715    3.0591940689
   0.0650321435   -1.0935904035    3.0591940689
   0.2095445113   -0.9183588868    3.0591940689
   0.3256142899   -0.7231212997    3.0591940689
   0.4105209019   -0.5124538458    3.0591940689
   0.4622742083   -0.2912943916    3.0591940689
  -0.0488284434    1.2882303355    2.9096283330
  -0.2419654679    1.4056795618    2.9096283330
  -0.4492962712    1.4957360383    2.9096283330
  -0.6669586729    1.5567221832    2.9096283330
  -0.8908980342    1.5875019399    2.9096283330
  -1.1169427885    1.5875019399    2.9096283330
  -1.3408821498    1.5567221832    2.9096283330
  -1.5585445515    1.4957360383    2.9096283330
  -1.7658753548    1.4056795618    2.9096283330
  -1.9590123793    1.2882303355    2.9096283330
  -2.1343578474    1.1455762161    2.9096283330
  -2.2886454050    0.9803745801    2.9096283330
  -2.4190009667    0.7957028213    2.9096283330
  -2.5229962552    0.5950010252    2.9096283330
  -2.5986940348    0.3820078866    2.9096283330
  -2.6446841993    0.1606910645    2.9096283330
  -2.6601100389   -0.0648267274    2.9096283330
  -2.6446841993   -0.2903445192    2.9096283330
  -2.5986940348   -0.5116613413    2.9096283330
  -2.5229962552   -0.7246544800    2.9096283330
  -2.4190009667   -0.9253562761    2.9096283330
  -2.2886454050   -1.1100280348    2.9096283330
  -2.1343578474   -1.2752296709    2.9096283330
  -1.9590123793   -1.4178837902    2.9096283330
  -1.7658753548   -1.5353330165    2.9096283330
  -1.5585445515   -1.6253894930    2.9096283330
  -1.3408821498   -1.6863756379    2.9096283330
  -1.1169427885   -1.7171553946    2.9096283330
  -0.8908980342   -1.7171553946    2.9096283330
  -0.6669586729   -1.6863756379    2.9096283330
  -0.4492962712   -1.6253894930    2.9096283330
  -0.2419654679   -1.5353330165    2.9096283330
  -0.0488284434   -1.4178837902    2.9096283330
   0.1265170247   -1.2752296709    2.9096283330
   0.6368433766   -0.2903445192    2.9096283330
  -0.2316423673    1.5763476561    2.7443324030
  -0.4434257026    1.6601986103    2.7443324030
  -0.6640483744    1.7168448845    2.7443324030
  -0.8900310312    1.7453931331    2.7443324030
  -1.1178097915    1.7453931331    2.7443324030
  -1.3437924483    1.7168448845    2.7443324030
  -1.5644151201    1.6601986103    2.7443324030
  -1.7761984554    1.5763476561    2.7443324030
  -1.9758025047    1.4666144014    2.7443324030
  -2.1600793928    1.3327294053    2.7443324030
  -2.3261229631    1.1768041141    2.7443324030
  -2.4713146093    1.0012975628    2.7443324030
  -2.5933645724    0.8089775946    2.7443324030
  -2.6903480516    0.6028772102    2.7443324030
  -2.7607355595    0.3862467359    2.7443324030
  -2.8034170431    0.1625025636    2.7443324030
  -2.8177193898   -0.0648267274    2.7443324030
  -2.8034170431   -0.2921560184    2.7443324030
  -2.7607355595   -0.5159001907    2.7443324030
  -2.6903480516   -0.7325306650    2.7443324030
  -2.5933645724   -0.9386310493    2.7443324030
  -2.4713146093   -1.1309510175    2.7443324030
  -2.3261229631   -1.3064575688    2.7443324030
  -2.1600793928   -1.4623828600    2.7443324030
  -1.9758025047   -1.5962678561    2.7443324030
  -1.7761984554   -1.7060011108    2.7443324030
  -1.5644151201   -1.7898520651    2.7443324030
  -1.3437924483   -1.8464983393    2.7443324030
  -1.1178097915   -1.8750465879    2.7443324030
  -0.8900310312   -1.8750465879    2.7443324030
  -0.6640483744   -1.8464983393    2.7443324030
  -0.4434257026   -1.7898520651    2.7443324030
  -0.2316423673   -1.7060011108    2.7443324030
  -0.0320383180   -1.5962678561    2.7443324030
  -0.4432251721    1.8080257983    2.5648032245
  -0.6644413002    1.8604549838    2.5648032245
  -0.8902483009    1.8868480369    2.5648032245
  -1.1175925218    1.8868480369    2.5648032245
  -1.3433995225    1.8604549838    2.5648032245
  -1.5646156506    1.8080257983    2.5648032245
  -1.7782493374    1.7302694953    2.5648032245
  -1.9814115538    1.6282375953    2.5648032245
  -2.1713548794    1.5033099048    2.5648032245
  -2.3455106566    1.3571758564    2.5648032245
  -2.5015237271    1.1918116625    2.5648032245
  -2.6372842819    1.0094535902    2.5648032245
  -2.7509563924    0.8125677194    2.5648032245
  -2.8410028383    0.6038165939    2.5648032245
  -2.9062058958    0.3860232146    2.5648032245
  -2.9456838054    0.1621328632    2.5648032245
  -2.9589026963   -0.0648267274    2.5648032245
  -2.9456838054   -0.2917863179    2.5648032245
  -2.9062058958   -0.5156766693    2.5648032245
  -2.8410028383   -0.7334700487    2.5648032245
  -2.7509563924   -0.9422211741    2.5648032245
  -2.6372842819   -1.1391070449    2.5648032245
  -2.5015237271   -1.3214651173    2.5648032245
  -2.3455106566   -1.4868293112    2.5648032245
  -2.1713548794   -1.6329633595    2.5648032245
  -1.9814115538   -1.7578910501    2.5648032245
  -1.7782493374   -1.8599229500    2.5648032245
  -1.5646156506   -1.9376792531    2.5648032245
  -1.3433995225   -1.9901084386    2.5648032245
  -1.1175925218   -2.0165014917    2.5648032245
  -0.8902483009   -2.0165014917    2.5648032245
  -0.6644413002   -1.9901084386    2.5648032245
  -0.4432251721   -1.9376792531    2.5648032245
  -0.2295914853   -1.8599229500    2.5648032245
  -0.6676628460    1.9862536830    2.3726666415
  -0.8913948029    2.0105859996    2.3726666415
  -1.1164460198    2.0105859996    2.3726666415
  -1.3401779767    1.9862536830    2.3726666415
  -1.5599676211    1.9378743238    2.3726666415
  -1.7732381204    1.8660151260    2.3726666415
  -1.9774890729    1.7715185727    2.3726666415
  -2.1703258231    1.6554925498    2.3726666415
  -2.3494875362    1.5192973563    2.3726666415
  -2.5128737050    1.3645297563    2.3726666415
  -2.6585687762    1.1930042584    2.3726666415
  -2.7848646081    1.0067318422    2.3726666415
  -2.8902804976    0.8078963816    2.3726666415
  -2.9735805399    0.5988290404    2.3726666415
  -3.0337881180    0.3819809421    2.3726666415
  -3.0701973532    0.1598944324    2.3726666415
  -3.0823813804   -0.0648267274    2.3726666415
  -3.0701973532   -0.2895478872    2.3726666415
  -3.0337881180   -0.5116343969    2.3726666415
  -2.9735805399   -0.7284824951    2.3726666415
  -2.8902804976   -0.9375498363    2.3726666415
  -2.7848646081   -1.1363852970    2.3726666415
  -2.6585687762   -1.3226577131    2.3726666415
  -2.5128737050   -1.4941832111    2.3726666415
  -2.3494875362   -1.6489508111    2.3726666415
  -2.1703258231   -1.7851460046    2.3726666415
  -1.9774890729   -1.9011720275    2.3726666415
  -1.7732381204   -1.9956685807    2.3726666415
  -1.5599676211   -2.0675277786    2.3726666415
  -1.3401779767   -2.1159071377    2.3726666415
  -1.1164460198   -2.1402394544    2.3726666415
  -0.8913948029   -2.1402394544    2.3726666415
  -0.6676628460   -2.1159071377    2.3726666415
  -0.4478732016   -2.0675277786    2.3726666415
  -1.4578159142    2.0705837218    2.1696626727
  -1.6785405998    2.0114407205    2.1696626727
  -1.8918740055    1.9295496986    2.1696626727
  -2.0954788058    1.8258078712    2.1696626727
  -2.2871242639    1.7013518555    2.1696626727
  -2.4647106720    1.5575452177    2.1696626727
  -2.6262923564    1.3959635333    2.1696626727
  -2.7700989942    1.2183771252    2.1696626727
  -2.8945550099    1.0267316671    2.1696626727
  -2.9982968373    0.8231268668    2.1696626727
  -3.0801878592    0.6097934611    2.1696626727
  -3.1393308605    0.3890687755    2.1696626727
  -3.1750778580    0.1633711157    2.1696626727
  -3.1870372002   -0.0648267274    2.1696626727
  -3.1750778580   -0.2930245704    2.1696626727
  -3.1393308605   -0.5187222302    2.1696626727
  -3.0801878592   -0.7394469158    2.1696626727
  -2.9982968373   -0.9527803215    2.1696626727
  -2.8945550099   -1.1563851218    2.1696626727
  -2.7700989942   -1.3480305799    2.1696626727
  -2.6262923564   -1.5256169880    2.1696626727
  -2.4647106720   -1.6871986724    2.1696626727
  -2.2871242639   -1.8310053103    2.1696626727
  -2.0954788058   -1.9554613259    2.1696626727
  -1.8918740055   -2.0592031533    2.1696626727
  -1.6785405998   -2.1410941752    2.1696626727
  -1.4578159142   -2.2002371765    2.1696626727
  -1.2321182544   -2.2359841740    2.1696626727
  -1.0039204113   -2.2479435162    2.1696626727
  -0.7757225683   -2.2359841740    2.1696626727
  -0.5500249085   -2.2002371765    2.1696626727
  -2.5046251912    1.6356785142    1.9576297535
  -2.6664834970    1.4778063784    1.9576297535
  -2.8118185040    1.3046028617    1.9576297535
  -2.9391858075    1.1177893385    1.9576297535
  -3.0473195741    0.9192224455    1.9576297535
  -3.1351451217    0.7108756297    1.9576297535
  -3.2017896007    0.4948195355    1.9576297535
  -3.2465906682    0.2732014252    1.9576297535
  -3.2691030711    0.0482238393    1.9576297535
  -3.2691030711   -0.1778772940    1.9576297535
  -3.2465906682   -0.4028548799    1.9576297535
  -3.2017896007   -0.6244729902    1.9576297535
  -3.1351451217   -0.8405290845    1.9576297535
  -3.0473195741   -1.0488759002    1.9576297535
  -2.9391858075   -1.2474427932    1.9576297535
  -2.8118185040   -1.4342563164    1.9576297535
  -2.6664834970   -1.6074598331    1.9576297535
  -2.5046251912   -1.7653319690    1.9576297535
  -2.3278522070   -1.9063037197    1.9576297535
  -2.1379213938   -2.0289740448    1.9576297535
  -1.9367203694   -2.1321237914    1.9576297535
  -1.7262487599   -2.2147278111    1.9576297535
  -1.5085983268   -2.2759651478    1.9576297535
  -1.2859321778   -2.3152271976    1.9576297535
  -3.0143334365    1.1175799541    1.7384880868
  -3.1190667991    0.9180272041    1.7384880868
  -3.2040516097    0.7092978117    1.7384880868
  -3.2684943882    0.4933406271    1.7384880868
  -3.3117934495    0.2721719843    1.7384880868
  -3.3335445222    0.0478568753    1.7384880868
  -3.3335445222   -0.1775103301    1.7384880868
  -3.3117934495   -0.4018254390    1.7384880868
  -3.2684943882   -0.6229940819    1.7384880868
  -3.2040516097   -0.8389512665    1.7384880868
  -3.1190667991   -1.0476806588    1.7384880868
  -3.0143334365   -1.2472334088    1.7384880868
  -2.8908293892   -1.4357463462    1.7384880868
  -2.7497077812   -1.6114593766    1.7384880868
  -2.5922862268   -1.7727319145    1.7384880868
  -2.4200345288   -1.9180582020    1.7384880868
  -0.6950111438    2.0418709255    2.3097872665
  -0.6946126123    2.2005540066    2.1511498643
  -0.9209571321    2.1947241747    2.1511498643
  -1.1455025687    2.1656522724    2.1511498643
  -1.3658686846    2.1136464691    2.1511498643
  -0.6945603509    2.3469370787    1.9811010566
  -0.9211317028   -2.3372057019    1.9811010566
  -0.6945603509   -2.3426821134    1.9811010566
  -1.3654814853   -2.3992757402    1.8005918252
  -1.1445652993   -2.4451826516    1.8005918252
  -0.9203898652   -2.4708103804    1.8005918252
  -0.6948127711   -2.4759465673    1.8005918252
  -3.1058929829    1.1001219350    1.6106316510
  -3.1926293253    0.8907218808    1.6106316510
  -3.2607851924    0.6745590868    1.6106316510
  -3.3098418771    0.4532786822    1.6106316510
  -0.7512362812   -2.5959487287    1.6106316510
  -3.2643352849    0.9971337671    1.4122828684
  -3.3387814730    0.7833534353    1.4122828684
  -3.3950778907    0.5640933648    1.4122828684
  -3.4328296590    0.3408915073    1.4122828684
  -3.4517719766    0.1153134637    1.4122828684
  -3.4517719766   -0.1110584983    1.4122828684
  -3.4328296590   -0.3366365420    1.4122828684
  -3.3950778907   -0.5598383994    1.4122828684
  -3.3387814730   -0.7790984700    1.4122828684
  -3.2643352849   -0.9928788018    1.4122828684
  -3.1722615130   -1.1996798794    1.4122828684
  -3.4627090291    0.6704454912    1.2066547241
  -3.5076938155    0.4500954337    1.2066547241
  -3.5348019170    0.2268401321    1.2066547241
  -3.5438575272    0.0021274827    1.2066547241
  -3.5348019170   -0.2225851667    1.2066547241
  -3.5076938155   -0.4458404683    1.2066547241
  -3.4627090291   -0.6661905259    1.2066547241
  -3.4001393016   -0.8822062847    1.2066547241
  -3.5387470405    0.6713496067    0.9948971743
  -3.5826606378    0.4505810447    0.9948971743
  -3.6091175624    0.2270476174    0.9948971743
  -3.6179546986    0.0021274827    0.9948971743
  -3.6091175624   -0.2227926521    0.9948971743
  -3.5826606378   -0.4463260794    0.9948971743
  -3.5387470405   -0.6670946413    0.9948971743
  -3.6211958552    0.5657691681    0.7781944529
  -3.6562436765    0.3416741498    0.7781944529
  -3.6738204415    0.1155370579    0.7781944529
  -3.6738204415   -0.1112820926    0.7781944529
  -3.6562436765   -0.3374191845    0.7781944529
  -3.6211958552   -0.5615142028    0.7781944529
  -3.6986243940    0.3382538560    0.5577584496
  -3.7156040240    0.1143839387    0.5577584496
  -3.7156040240   -0.1101289734    0.5577584496
  -3.6986243940   -0.3339988907    0.5577584496
  -3.7235815397    0.3411000217    0.3348219318
  -3.7407049455    0.1153344755    0.3348219318
  -3.7407049455   -0.1110795102    0.3348219318
  -3.7428476728    0.2263177634    0.1106316510
  -3.7512362812    0.0021274827    0.1106316510
  -3.7407049455    0.1153344755   -0.1135586297
  -1.3729177536    2.2542512505    2.0510075048
  -1.6003362729    2.2059119520    2.0510075048
  -1.8127348466    2.1113460142    2.0510075048
  -2.0008306379    1.9746864226    2.0510075048
  -0.8063041261    2.3855752809    1.9478286863
  -1.0280123482    2.4449818200    1.9478286863
  -1.2566681615    2.4649866115    1.9478286863
  -1.4853239747    2.4449818200    1.9478286863
  -1.7070321968    2.3855752809    1.9478286863
  -1.9150563356    2.2885720319    1.9478286863
  -2.1030756829    2.1569194676    1.9478286863
  -2.2653773659    1.9946177846    1.9478286863
  -2.3970299302    1.8065984374    1.9478286863
  -0.7456096526    2.5711499454    1.8276666337
  -0.9688097657    2.6324864109    1.8276666337
  -1.1987570357    2.6590327015    1.8276666337
  -1.4300616933    2.6501665947    1.8276666337
  -1.6573021535    2.6060959044    1.8276666337
  -1.8751520925    2.5278536104    1.8276666337
  -2.0785052924    2.4172736457    1.8276666337
  -2.2625953265    2.2769479109    1.8276666337
  -2.4231072804    2.1101655223    1.8276666337
  -2.5562788899    1.9208357177    1.8276666337
  -2.6589887256    1.7133962273    1.8276666337
  -2.7288293557    1.4927092570    1.8276666337
  -0.6470428563    2.7310656098    1.6913871174
  -0.8634562152    2.7981976650    1.6913871174
  -1.0868864506    2.8358856560    1.6913871174
  -1.3133464447    2.8434570397    1.6913871174
  -1.5387950135    2.8207767044    1.6913871174
  -1.7592090219    2.7682493814    1.6913871174
  -1.9706551768    2.6868124219    1.6913871174
  -2.1693602165    2.5779190705    1.6913871174
  -2.3517782448    2.4435125315    1.6913871174
  -2.5146540077    2.2859912929    1.6913871174
  -2.6550809834    2.1081663248    1.6913871174
  -2.7705532492    1.9132109181    1.6913871174
  -2.8590101997    1.7046040565    1.6913871174
  -2.9188733186    1.4860683346    1.6913871174
  -0.6357513105    2.9102443374    1.5399720345
  -0.8569908993    2.9731924276    1.5399720345
  -1.0842891879    3.0084756485    1.5399720345
  -1.3142005660    3.0155591424    1.5399720345
  -1.5432398116    2.9943355308    1.5399720345
  -1.7679349230    2.9451265420    1.5399720345
  -1.9848797515    2.8686781340    1.5399720345
  -2.1907856346    2.7661491869    1.5399720345
  -2.3825312490    2.6390939349    1.5399720345
  -2.5572099266    2.4894384062    1.5399720345
  -2.7121737167    2.3194512260    1.5399720345
  -2.8450735263    2.1317092267    1.5399720345
  -2.9538947297    1.9290583857    1.5399720345
  -3.0369877084    1.7145706830    1.5399720345
  -3.0930928575    1.4914975337    1.5399720345
  -3.1213596802    1.2632204994    1.5399720345
  -0.5872535305    3.0612873669    1.3745123339
  -0.8056593448    3.1242089981    1.3745123339
  -1.0297368567    3.1622812987    1.3745123339
  -1.2566681615    3.1750254874    1.3745123339
  -1.4835994662    3.1622812987    1.3745123339
  -1.7076769781    3.1242089981    1.3745123339
  -1.9260827925    3.0612873669    1.3745123339
  -2.1360703294    2.9743076812    1.3745123339
  -2.3349988739    2.8643637609    1.3745123339
  -2.5203667840    2.7328382146    1.3745123339
  -2.6898429507    2.5813850524    1.3745123339
  -2.8412961129    2.4119088857    1.3745123339
  -2.9728216591    2.2265409756    1.3745123339
  -3.0827655794    2.0276124312    1.3745123339
  -3.1697452652    1.8176248942    1.3745123339
  -3.2326668964    1.5992190798    1.3745123339
  -3.2707391969    1.3751415679    1.3745123339
  -3.2834833856    1.1482102632    1.3745123339
  -0.3737274081    3.1313276645    1.1962001568
  -0.5858564643    3.2127563800    1.1962001568
  -0.8053350739    3.2715654962    1.1962001568
  -1.0297585833    3.3071106881    1.1962001568
  -1.2566681615    3.3190025152    1.1962001568
  -1.4835777396    3.3071106881    1.1962001568
  -1.7080012490    3.2715654962    1.1962001568
  -1.9274798586    3.2127563800    1.1962001568
  -2.1396089149    3.1313276645    1.1962001568
  -2.3420642875    3.0281714998    1.1962001568
  -2.5326278330    2.9044180863    1.1962001568
  -2.7092116973    2.7614232925    1.1962001568
  -2.8698811907    2.6007537991    1.1962001568
  -3.0128759846    2.4241699347    1.1962001568
  -3.1366293980    2.2336063892    1.1962001568
  -3.2397855628    2.0311510166    1.1962001568
  -3.3212142782    1.8190219603    1.1962001568
  -3.3800233944    1.5995433507    1.1962001568
  -3.4155685864    1.3751198414    1.1962001568
  -3.4274604135    1.1482102632    1.1962001568
  -3.4155685864    0.9213006850    1.1962001568
  -0.4167021373    3.2884087886    1.0063202464
  -0.6339710757    3.3614072696    1.0063202464
  -0.8574286574    3.4124100044    1.0063202464
  -1.0848540607    3.4409101050    1.0063202464
  -1.3139870297    3.4466243245    1.0063202464
  -1.5425503380    3.4294958725    1.0063202464
  -1.7682724208    3.3896949791    1.0063202464
  -1.9889099507    3.3276172036    1.0063202464
  -2.2022701326    3.2438795028    1.0063202464
  -2.4062324974    3.1393140996    1.0063202464
  -2.5987699753    3.0149602119    1.0063202464
  -2.7779690425    2.8720537246    1.0063202464
  -2.9420487380    2.7120149064    1.0063202464
  -3.0893783641    2.5364342952    1.0063202464
  -3.2184936929    2.3470568898    1.0063202464
  -3.3281115181    2.1457648081    1.0063202464
  -3.4171424087    1.9345585811    1.0063202464
  -3.4847015355    1.7155372712    1.0063202464
  -3.5301174657    1.4908776107    1.0063202464
  -3.5529388353    1.2628123681    1.0063202464
  -3.5529388353    1.0336081583    1.0063202464
  -3.5301174657    0.8055429157    1.0063202464
  -0.2551441826    3.3412418743    0.8062406918
  -0.4681400686    3.4265125641    0.8062406918
  -0.6882769870    3.4911505954    0.8062406918
  -0.9135613439    3.5345705963    0.8062406918
  -1.1419529293    3.5563793485    0.8062406918
  -1.3713833936    3.5563793485    0.8062406918
  -1.5997749790    3.5345705963    0.8062406918
  -1.8250593359    3.4911505954    0.8062406918
  -2.0451962544    3.4265125641    0.8062406918
  -2.2581921403    3.3412418743    0.8062406918
  -2.4621180700    3.2361107507    0.8062406918
  -2.6551272586    3.1120712769    0.8062406918
  -2.8354717851    2.9702467737    0.8062406918
  -3.0015184215    2.8119216257    0.8062406918
  -3.1517634237    2.6385296500    0.8062406918
  -3.2848461498    2.4516411111    0.8062406918
  -3.3995613820    2.2529485006    0.8062406918
  -3.4948702413    2.0442512095    0.8062406918
  -3.5699095960    1.8274392329    0.8062406918
  -3.6239998780    1.6044760536    0.8062406918
  -3.6566512374    1.3773808606    0.8062406918
  -3.6675679785    1.1482102632    0.8062406918
  -3.6566512374    0.9190396658    0.8062406918
  -3.6239998780    0.6919444728    0.8062406918
  -0.1040670505    3.3726294327    0.5974030708
  -0.3111197093    3.4682249371    0.5974030708
  -0.5260074804    3.5445960693    0.5974030708
  -0.7469497359    3.6011099940    0.5974030708
  -0.9721156789    3.6372984190    0.5974030708
  -1.1996395134    3.6528614756    0.5974030708
  -1.4276359052    3.6476702035    0.5974030708
  -1.6542156044    3.6217676191    0.5974030708
  -1.8775011003    3.5753683595    0.5974030708
  -2.0956421790    3.5088569035    0.5974030708
  -2.3068312547    3.4227843860    0.5974030708
  -2.5093183483    3.3178640309    0.5974030708
  -2.7014255880    3.1949652415    0.5974030708
  -2.8815611126    3.0551063956    0.5974030708
  -3.0482322624    2.8994464079    0.5974030708
  -3.2000579480    2.7292751260    0.5974030708
  -3.3357800936    2.5460026426    0.5974030708
  -3.4542740631    2.3511476114    0.5974030708
  -3.5545579779    2.1463246625    0.5974030708
  -3.6358008540    1.9332310233    0.5974030708
  -3.6973294873    1.7136324549    0.5974030708
  -3.7386340323    1.4893486201    0.5974030708
  -3.7593722264    1.2622380054    0.5974030708
  -3.7593722264    1.0341825210    0.5974030708
  -3.7386340323    0.8070719063    0.5974030708
  -3.6973294873    0.5827880716    0.5974030708
  -0.2031390289    3.5051137484    0.3813120632
  -0.4155650524    3.5890017806    0.3813120632
  -0.6345738481    3.6537873099    0.3813120632
  -0.8584513753    3.6989633016    0.3813120632
  -1.0854454888    3.7241761923    0.3813120632
  -1.3137796518    3.7292286570    0.3813120632
  -1.5416668400    3.7140811533    0.3813120632
  -1.7673235271    3.6788522310    0.3813120632
  -1.9889836436    3.6238176041    0.3813120632
  -2.2049123986    3.5494079931    0.3813120632
  -2.4134198567    3.4562057543    0.3813120632
  -2.6128741644    3.3449403215    0.3813120632
  -2.8017143214    3.2164824975    0.3813120632
  -2.9784623972    3.0718376391    0.3813120632
  -3.1417350987    2.9121377882    0.3813120632
  -3.2902545956    2.7386328129    0.3813120632
  -3.4228585213    2.5526806247    0.3813120632
  -3.5385090705    2.3557365517    0.3813120632
  -3.6363011207    2.1493419483    0.3813120632
  -3.7154693166    1.9351121321    0.3813120632
  -3.7753940596    1.7147237418    0.3813120632
  -3.8156063575    1.4899016154    0.3813120632
  -3.8357914945    1.2624052909    0.3813120632
  -3.8357914945    1.0340152355    0.3813120632
  -3.8156063575    0.8065189110    0.3813120632
  -3.7753940596    0.5816967846    0.3813120632
  -0.1041712731    3.5226952115    0.1595246098
  -0.3125597357    3.6129794467    0.1595246098
  -0.5279380467    3.6850153931    0.1595246098
  -0.7487116205    3.7382697220    0.1595246098
  -0.9732459269    3.7723481568    0.1595246098
  -1.1998785923    3.7869983927    0.1595246098
  -1.4269317078    3.7821119645    0.1595246098
  -1.6527242516    3.7577250497    0.1595246098
  -1.8755845346    3.7140182004    0.1595246098
  -2.0938625774    3.6513150068    0.1595246098
  -2.3059423256    3.5700797014    0.1595246098
  -2.5102536151    3.4709137221    0.1595246098
  -2.7052837964    3.3545512590    0.1595246098
  -2.8895889344    3.2218538191    0.1595246098
  -3.0618044983    3.0738038478    0.1595246098
  -3.2206554643    2.9114974553    0.1595246098
  -3.3649657554    2.7361363014    0.1595246098
  -3.4936669488    2.5490186986    0.1595246098
  -3.6058061859    2.3515300003    0.1595246098
  -3.7005532269    2.1451323437    0.1595246098
  -3.7772065979    1.9313538248    0.1595246098
  -3.8351987842    1.7117771849    0.1595246098
  -3.8741004319    1.4880280927    0.1595246098
  -3.8936235268    1.2617631082    0.1595246098
  -3.8936235268    1.0346574182    0.1595246098
  -3.8741004319    0.8083924337    0.1595246098
  -3.8351987842    0.5846433415    0.1595246098
  -3.7772065979    0.3650667017    0.1595246098
   0.1474955200    3.4287169936   -0.0663613059
  -0.0509634773    3.5395828411   -0.0663613059
  -0.2581096044    3.6332187943   -0.0663613059
  -0.4724503689    3.7089502042   -0.0663613059
  -0.6924414405    3.7662314241   -0.0663613059
  -0.9164977786    3.8046497416   -0.0663613059
  -1.1430050521    3.8239283517   -0.0663613059
  -1.3703312709    3.8239283517   -0.0663613059
  -1.5968385443    3.8046497416   -0.0663613059
  -1.8208948824    3.7662314241   -0.0663613059
  -2.0408859540    3.7089502042   -0.0663613059
  -2.2552267185    3.6332187943   -0.0663613059
  -2.4623728457    3.5395828411   -0.0663613059
  -2.6608318429    3.4287169936   -0.0663613059
  -2.8491738087    3.3014200428   -0.0663613059
  -3.0260417348    3.1586091663   -0.0663613059
  -3.1901612838    3.0013133195   -0.0663613059
  -3.3403499705    2.8306658228   -0.0663613059
  -3.4755256821    2.6478961953   -0.0663613059
  -3.5947144743    2.4543212962   -0.0663613059
  -3.6970575893    2.2513358372   -0.0663613059
  -3.7818176425    2.0404023332   -0.0663613059
  -3.8483839359    1.8230405649   -0.0663613059
  -3.8962768577    1.6008166287   -0.0663613059
  -3.9251513384    1.3753316534   -0.0663613059
  -3.9347993367    1.1482102632   -0.0663613059
  -3.9251513384    0.9210888730   -0.0663613059
  -3.8962768577    0.6956038977   -0.0663613059
  -3.8483839359    0.4733799615   -0.0663613059
  -3.7818176425    0.2560181932   -0.0663613059
   0.1576859740    3.4452673425   -0.2947181706
  -0.0422133022    3.5569377780   -0.2947181706
  -0.2508627534    3.6512532766   -0.2947181706
  -0.4667590557    3.7275342929   -0.2947181706
  -0.6883466712    3.7852312205   -0.2947181706
  -0.9140290560    3.8239283517   -0.2947181706
  -1.1421801634    3.8433468727   -0.2947181706
  -1.3711561595    3.8433468727   -0.2947181706
  -1.5993072669    3.8239283517   -0.2947181706
  -1.8249896518    3.7852312205   -0.2947181706
  -2.0465772672    3.7275342929   -0.2947181706
  -2.2624735695    3.6512532766   -0.2947181706
  -2.4711230207    3.5569377780   -0.2947181706
  -2.6710222969    3.4452673425   -0.2947181706
  -2.8607311191    3.3170465580   -0.2947181706
  -3.0388826309    3.1731992584   -0.2947181706
  -3.2041932467    3.0147618666   -0.2947181706
  -3.3554718996    2.8428759278   -0.2947181706
  -3.4916286234    2.6587798840   -0.2947181706
  -3.6116824059    2.4638001515   -0.2947181706
  -3.7147682568    2.2593415637   -0.2947181706
  -3.8001434402    2.0468772494   -0.2947181706
  -3.8671928259    1.8279380189   -0.2947181706
  -3.9154333216    1.6041013344   -0.2947181706
  -3.9445173534    1.3769799442   -0.2947181706
  -3.9542353702    1.1482102632   -0.2947181706
  -3.9445173534    0.9194405822   -0.2947181706
  -3.9154333216    0.6923191921   -0.2947181706
  -3.8671928259    0.4684825075   -0.2947181706
  -3.8001434402    0.2495432770   -0.2947181706
   0.1576859740    3.4452673425   -0.5239006678
  -0.0422133022    3.5569377780   -0.5239006678
  -0.2508627534    3.6512532766   -0.5239006678
  -0.4667590557    3.7275342929   -0.5239006678
  -0.6883466712    3.7852312205   -0.5239006678
  -0.9140290560    3.8239283517   -0.5239006678
  -1.1421801634    3.8433468727   -0.5239006678
  -1.3711561595    3.8433468727   -0.5239006678
  -1.5993072669    3.8239283517   -0.5239006678
  -1.8249896518    3.7852312205   -0.5239006678
  -2.0465772672    3.7275342929   -0.5239006678
  -2.2624735695    3.6512532766   -0.5239006678
  -2.4711230207    3.5569377780   -0.5239006678
  -2.6710222969    3.4452673425   -0.5239006678
  -2.8607311191    3.3170465580   -0.5239006678
  -3.0388826309    3.1731992584   -0.5239006678
  -3.2041932467    3.0147618666   -0.5239006678
  -3.3554718996    2.8428759278   -0.5239006678
  -3.4916286234    2.6587798840   -0.5239006678
  -3.6116824059    2.4638001515   -0.5239006678
  -3.7147682568    2.2593415637   -0.5239006678
  -3.8001434402    2.0468772494   -0.5239006678
  -3.8671928259    1.8279380189   -0.5239006678
  -3.9154333216    1.6041013344   -0.5239006678
  -3.9445173534    1.3769799442   -0.5239006678
  -3.9542353702    1.1482102632   -0.5239006678
  -3.9445173534    0.9194405822   -0.5239006678
  -3.9154333216    0.6923191921   -0.5239006678
  -3.8671928259    0.4684825075   -0.5239006678
  -3.8001434402    0.2495432770   -0.5239006678
   0.3358374858    3.3014200428   -0.7522575325
   0.1474955200    3.4287169936   -0.7522575325
  -0.0509634773    3.5395828411   -0.7522575325
  -0.2581096044    3.6332187943   -0.7522575325
  -0.4724503689    3.7089502042   -0.7522575325
  -0.6924414405    3.7662314241   -0.7522575325
  -0.9164977786    3.8046497416   -0.7522575325
  -1.1430050521    3.8239283517   -0.7522575325
  -1.3703312709    3.8239283517   -0.7522575325
  -1.5968385443    3.8046497416   -0.7522575325
  -1.8208948824    3.7662314241   -0.7522575325
  -2.0408859540    3.7089502042   -0.7522575325
  -2.2552267185    3.6332187943   -0.7522575325
  -2.4623728457    3.5395828411   -0.7522575325
  -2.6608318429    3.4287169936   -0.7522575325
  -2.8491738087    3.3014200428   -0.7522575325
  -3.0260417348    3.1586091663   -0.7522575325
  -3.1901612838    3.0013133195   -0.7522575325
  -3.3403499705    2.8306658228   -0.7522575325
  -3.4755256821    2.6478961953   -0.7522575325
  -3.5947144743    2.4543212962   -0.7522575325
  -3.6970575893    2.2513358372   -0.7522575325
  -3.7818176425    2.0404023332   -0.7522575325
  -3.8483839359    1.8230405649   -0.7522575325
  -3.8962768577    1.6008166287   -0.7522575325
  -3.9251513384    1.3753316534   -0.7522575325
  -3.9347993367    1.1482102632   -0.7522575325
  -3.9251513384    0.9210888730   -0.7522575325
  -3.8962768577    0.6956038977   -0.7522575325
  -3.8483839359    0.4733799615   -0.7522575325
  -3.7818176425    0.2560181932   -0.7522575325
   0.4639534910    3.1496819659   -0.9781434482
   0.2855279385    3.2901857618   -0.9781434482
   0.0956845057    3.4148311206   -0.9781434482
  -0.1041712731    3.5226952115   -0.9781434482
  -0.3125597357    3.6129794467   -0.9781434482
  -0.5279380467    3.6850153931   -0.9781434482
  -0.7487116205    3.7382697220   -0.9781434482
  -0.9732459269    3.7723481568   -0.9781434482
  -1.1998785923    3.7869983927   -0.9781434482
  -1.4269317078    3.7821119645   -0.9781434482
  -1.6527242516    3.7577250497   -0.9781434482
  -1.8755845346    3.7140182004   -0.9781434482
  -2.0938625774    3.6513150068   -0.9781434482
  -2.3059423256    3.5700797014   -0.9781434482
  -2.5102536151    3.4709137221   -0.9781434482
  -2.7052837964    3.3545512590   -0.9781434482
  -2.8895889344    3.2218538191   -0.9781434482
  -3.0618044983    3.0738038478   -0.9781434482
  -3.2206554643    2.9114974553   -0.9781434482
  -3.3649657554    2.7361363014   -0.9781434482
  -3.4936669488    2.5490186986   -0.9781434482
  -3.6058061859    2.3515300003   -0.9781434482
  -3.7005532269    2.1451323437   -0.9781434482
  -3.7772065979    1.9313538248   -0.9781434482
  -3.8351987842    1.7117771849   -0.9781434482
  -3.8741004319    1.4880280927   -0.9781434482
  -3.8936235268    1.2617631082   -0.9781434482
  -3.8936235268    1.0346574182   -0.9781434482
  -3.8741004319    0.8083924337   -0.9781434482
  -3.8351987842    0.5846433415   -0.9781434482
  -3.7772065979    0.3650667017   -0.9781434482
  -3.7005532269    0.1512881827   -0.9781434482
   0.5485293044    2.9937941222   -1.1999309017
   0.3783523511    3.1461155650   -1.1999309017
   0.1953791453    3.2828006900   -1.1999309017
   0.0010417007    3.4027797507   -1.1999309017
  -0.2031390289    3.5051137484   -1.1999309017
  -0.4155650524    3.5890017806   -1.1999309017
  -0.6345738481    3.6537873099   -1.1999309017
  -0.8584513753    3.6989633016   -1.1999309017
  -1.0854454888    3.7241761923   -1.1999309017
  -1.3137796518    3.7292286570   -1.1999309017
  -1.5416668400    3.7140811533   -1.1999309017
  -1.7673235271    3.6788522310   -1.1999309017
  -1.9889836436    3.6238176041   -1.1999309017
  -2.2049123986    3.5494079931   -1.1999309017
  -2.4134198567    3.4562057543   -1.1999309017
  -2.6128741644    3.3449403215   -1.1999309017
  -2.8017143214    3.2164824975   -1.1999309017
  -2.9784623972    3.0718376391   -1.1999309017
  -3.1417350987    2.9121377882   -1.1999309017
  -3.2902545956    2.7386328129   -1.1999309017
  -3.4228585213    2.5526806247   -1.1999309017
  -3.5385090705    2.3557365517   -1.1999309017
  -3.6363011207    2.1493419483   -1.1999309017
  -3.7154693166    1.9351121321   -1.1999309017
  -3.7753940596    1.7147237418   -1.1999309017
  -3.8156063575    1.4899016154   -1.1999309017
  -3.8357914945    1.2624052909   -1.1999309017
  -3.8357914945    1.0340152355   -1.1999309017
  -3.8156063575    0.8065189110   -1.1999309017
  -3.7753940596    0.5816967846   -1.1999309017
  -3.7154693166    0.3613083944   -1.1999309017
  -3.6363011207    0.1470785781   -1.1999309017
   0.6127461055    2.8160892339   -1.4160219092
   0.4533324833    2.9791738776   -1.4160219092
   0.2797492572    3.1270865802   -1.4160219092
   0.0934347925    3.2586016905   -1.4160219092
  -0.1040670505    3.3726294327   -1.4160219092
  -0.3111197093    3.4682249371   -1.4160219092
  -0.5260074804    3.5445960693   -1.4160219092
  -0.7469497359    3.6011099940   -1.4160219092
  -0.9721156789    3.6372984190   -1.4160219092
  -1.1996395134    3.6528614756   -1.4160219092
  -1.4276359052    3.6476702035   -1.4160219092
  -1.6542156044    3.6217676191   -1.4160219092
  -1.8775011003    3.5753683595   -1.4160219092
  -2.0956421790    3.5088569035   -1.4160219092
  -2.3068312547    3.4227843860   -1.4160219092
  -2.5093183483    3.3178640309   -1.4160219092
  -2.7014255880    3.1949652415   -1.4160219092
  -2.8815611126    3.0551063956   -1.4160219092
  -3.0482322624    2.8994464079   -1.4160219092
  -3.2000579480    2.7292751260   -1.4160219092
  -3.3357800936    2.5460026426   -1.4160219092
  -3.4542740631    2.3511476114   -1.4160219092
  -3.5545579779    2.1463246625   -1.4160219092
  -3.6358008540    1.9332310233   -1.4160219092
  -3.6973294873    1.7136324549   -1.4160219092
  -3.7386340323    1.4893486201   -1.4160219092
  -3.7593722264    1.2622380054   -1.4160219092
  -3.7593722264    1.0341825210   -1.4160219092
  -3.7386340323    0.8070719063   -1.4160219092
  -3.6973294873    0.5827880716   -1.4160219092
  -3.6358008540    0.3631895031   -1.4160219092
  -3.5545579779    0.1500958639   -1.4160219092
   0.6384271008    2.6385296500   -1.6248595302
   0.4881820986    2.8119216257   -1.6248595302
   0.3221354622    2.9702467737   -1.6248595302
   0.1417909357    3.1120712769   -1.6248595302
  -0.0512182530    3.2361107507   -1.6248595302
  -0.2551441826    3.3412418743   -1.6248595302
  -0.4681400686    3.4265125641   -1.6248595302
  -0.6882769870    3.4911505954   -1.6248595302
  -0.9135613439    3.5345705963   -1.6248595302
  -1.1419529293    3.5563793485   -1.6248595302
  -1.3713833936    3.5563793485   -1.6248595302
  -1.5997749790    3.5345705963   -1.6248595302
  -1.8250593359    3.4911505954   -1.6248595302
  -2.0451962544    3.4265125641   -1.6248595302
  -2.2581921403    3.3412418743   -1.6248595302
  -2.4621180700    3.2361107507   -1.6248595302
  -2.6551272586    3.1120712769   -1.6248595302
  -2.8354717851    2.9702467737   -1.6248595302
  -3.0015184215    2.8119216257   -1.6248595302
  -3.1517634237    2.6385296500   -1.6248595302
  -3.2848461498    2.4516411111   -1.6248595302
  -3.3995613820    2.2529485006   -1.6248595302
  -3.4948702413    2.0442512095   -1.6248595302
  -3.5699095960    1.8274392329   -1.6248595302
  -3.6239998780    1.6044760536   -1.6248595302
  -3.6566512374    1.3773808606   -1.6248595302
  -3.6675679785    1.1482102632   -1.6248595302
  -3.6566512374    0.9190396658   -1.6248595302
  -3.6239998780    0.6919444728   -1.6248595302
  -3.5699095960    0.4689812935   -1.6248595302
  -3.4948702413    0.2521693169   -1.6248595302
   0.5045665816    2.6260616866   -1.8249390848
   0.3486681268    2.7940802616   -1.8249390848
   0.1768151186    2.9457414411   -1.8249390848
  -0.0092844904    3.0795379482   -1.8249390848
  -0.2077811587    3.1941400531   -1.8249390848
  -0.4167021373    3.2884087886   -1.8249390848
  -0.6339710757    3.3614072696   -1.8249390848
  -0.8574286574    3.4124100044   -1.8249390848
  -1.0848540607    3.4409101050   -1.8249390848
  -1.3139870297    3.4466243245   -1.8249390848
  -1.5425503380    3.4294958725   -1.8249390848
  -1.7682724208    3.3896949791   -1.8249390848
  -1.9889099507    3.3276172036   -1.8249390848
  -2.2022701326    3.2438795028   -1.8249390848
  -2.4062324974    3.1393140996   -1.8249390848
  -2.5987699753    3.0149602119   -1.8249390848
  -2.7779690425    2.8720537246   -1.8249390848
  -2.9420487380    2.7120149064   -1.8249390848
  -3.0893783641    2.5364342952   -1.8249390848
  -3.2184936929    2.3470568898   -1.8249390848
  -3.3281115181    2.1457648081   -1.8249390848
  -3.4171424087    1.9345585811   -1.8249390848
  -3.4847015355    1.7155372712   -1.8249390848
  -3.5301174657    1.4908776107   -1.8249390848
  -3.5529388353    1.2628123681   -1.8249390848
  -3.5529388353    1.0336081583   -1.8249390848
  -3.5301174657    0.8055429157   -1.8249390848
  -3.4847015355    0.5808832552   -1.8249390848
  -3.4171424087    0.3618619453   -1.8249390848
   0.4995396617    2.4241699347   -2.0148189952
   0.3565448678    2.6007537991   -2.0148189952
   0.1958753744    2.7614232925   -2.0148189952
   0.0192915100    2.9044180863   -2.0148189952
  -0.1712720355    3.0281714998   -2.0148189952
  -0.3737274081    3.1313276645   -2.0148189952
  -0.5858564643    3.2127563800   -2.0148189952
  -0.8053350739    3.2715654962   -2.0148189952
  -1.0297585833    3.3071106881   -2.0148189952
  -1.2566681615    3.3190025152   -2.0148189952
  -1.4835777396    3.3071106881   -2.0148189952
  -1.7080012490    3.2715654962   -2.0148189952
  -1.9274798586    3.2127563800   -2.0148189952
  -2.1396089149    3.1313276645   -2.0148189952
  -2.3420642875    3.0281714998   -2.0148189952
  -2.5326278330    2.9044180863   -2.0148189952
  -2.7092116973    2.7614232925   -2.0148189952
  -2.8698811907    2.6007537991   -2.0148189952
  -3.0128759846    2.4241699347   -2.0148189952
  -3.1366293980    2.2336063892   -2.0148189952
  -3.2397855628    2.0311510166   -2.0148189952
  -3.3212142782    1.8190219603   -2.0148189952
  -3.3800233944    1.5995433507   -2.0148189952
  -3.4155685864    1.3751198414   -2.0148189952
  -3.4274604135    1.1482102632   -2.0148189952
  -3.4155685864    0.9213006850   -2.0148189952
  -3.3800233944    0.6968771757   -2.0148189952
  -3.3212142782    0.4773985661   -2.0148189952
  -3.2397855628    0.2652695098   -2.0148189952
   0.4594853362    2.2265409756   -2.1931311724
   0.3279597899    2.4119088857   -2.1931311724
   0.1765066278    2.5813850524   -2.1931311724
   0.0070304611    2.7328382146   -2.1931311724
  -0.1783374490    2.8643637609   -2.1931311724
  -0.3772659935    2.9743076812   -2.1931311724
  -0.5872535305    3.0612873669   -2.1931311724
  -0.8056593448    3.1242089981   -2.1931311724
  -1.0297368567    3.1622812987   -2.1931311724
  -1.2566681615    3.1750254874   -2.1931311724
  -1.4835994662    3.1622812987   -2.1931311724
  -1.7076769781    3.1242089981   -2.1931311724
  -1.9260827925    3.0612873669   -2.1931311724
  -2.1360703294    2.9743076812   -2.1931311724
  -2.3349988739    2.8643637609   -2.1931311724
  -2.5203667840    2.7328382146   -2.1931311724
  -2.6898429507    2.5813850524   -2.1931311724
  -2.8412961129    2.4119088857   -2.1931311724
  -2.9728216591    2.2265409756   -2.1931311724
  -3.0827655794    2.0276124312   -2.1931311724
  -3.1697452652    1.8176248942   -2.1931311724
  -3.2326668964    1.5992190798   -2.1931311724
  -3.2707391969    1.3751415679   -2.1931311724
  -3.2834833856    1.1482102632   -2.1931311724
  -3.2707391969    0.9212789585   -2.1931311724
  -3.2326668964    0.6972014466   -2.1931311724
  -3.1697452652    0.4787956322   -2.1931311724
  -3.0827655794    0.2688080952   -2.1931311724
   0.2681794332    2.2276275261   -2.3585908729
   0.1239741233    2.4068320078   -2.3585908729
  -0.0411603164    2.5669570668   -2.3585908729
  -0.2247206159    2.7055753705   -2.3585908729
  -0.4239241883    2.8205856067   -2.3585908729
  -0.6357513105    2.9102443374   -2.3585908729
  -0.8569908993    2.9731924276   -2.3585908729
  -1.0842891879    3.0084756485   -2.3585908729
  -1.3142005660    3.0155591424   -2.3585908729
  -1.5432398116    2.9943355308   -2.3585908729
  -1.7679349230    2.9451265420   -2.3585908729
  -1.9848797515    2.8686781340   -2.3585908729
  -2.1907856346    2.7661491869   -2.3585908729
  -2.3825312490    2.6390939349   -2.3585908729
  -2.5572099266    2.4894384062   -2.3585908729
  -2.7121737167    2.3194512260   -2.3585908729
  -2.8450735263    2.1317092267   -2.3585908729
  -2.9538947297    1.9290583857   -2.3585908729
  -3.0369877084    1.7145706830   -2.3585908729
  -3.0930928575    1.4914975337   -2.3585908729
  -3.1213596802    1.2632204994   -2.3585908729
  -3.1213596802    1.0332000270   -2.3585908729
  -3.0930928575    0.8049229927   -2.3585908729
  -3.0369877084    0.5818498434   -2.3585908729
  -2.9538947297    0.3673621407   -2.3585908729
   0.2027398286    2.0126189509   -2.5100059559
   0.0745038413    2.1994263018   -2.5100059559
  -0.0774869419    2.3674746776   -2.5100059559
  -0.2505202419    2.5137652510   -2.5100059559
  -0.4415082753    2.6356874633   -2.5100059559
  -0.6470428563    2.7310656098   -2.5100059559
  -0.8634562152    2.7981976650   -2.5100059559
  -1.0868864506    2.8358856560   -2.5100059559
  -1.3133464447    2.8434570397   -2.5100059559
  -1.5387950135    2.8207767044   -2.5100059559
  -1.7592090219    2.7682493814   -2.5100059559
  -1.9706551768    2.6868124219   -2.5100059559
  -2.1693602165    2.5779190705   -2.5100059559
  -2.3517782448    2.4435125315   -2.5100059559
  -2.5146540077    2.2859912929   -2.5100059559
  -2.6550809834    2.1081663248   -2.5100059559
  -2.7705532492    1.9132109181   -2.5100059559
  -2.8590101997    1.7046040565   -2.5100059559
  -2.9188733186    1.4860683346   -2.5100059559
  -2.9490743471    1.2615035273   -2.5100059559
  -2.9490743471    1.0349169991   -2.5100059559
  -2.9188733186    0.8103521918   -2.5100059559
  -2.8590101997    0.5918164699   -2.5100059559
  -2.7705532492    0.3832096083   -2.5100059559
   0.0982731520    1.8190844508   -2.6462854722
  -0.0200146505    2.0180529112   -2.6462854722
  -0.1672885632    2.1966329973   -2.6462854722
  -0.3400966104    2.3506389431   -2.6462854722
  -0.5343883178    2.4764609797   -2.6462854722
  -0.7456096526    2.5711499454   -2.6462854722
  -0.9688097657    2.6324864109   -2.6462854722
  -1.1987570357    2.6590327015   -2.6462854722
  -1.4300616933    2.6501665947   -2.6462854722
  -1.6573021535    2.6060959044   -2.6462854722
  -1.8751520925    2.5278536104   -2.6462854722
  -2.0785052924    2.4172736457   -2.6462854722
  -2.2625953265    2.2769479109   -2.6462854722
  -2.4231072804    2.1101655223   -2.6462854722
  -2.5562788899    1.9208357177   -2.6462854722
  -2.6589887256    1.7133962273   -2.6462854722
  -2.7288293557    1.4927092570   -2.6462854722
  -2.7641637752    1.2639475222   -2.6462854722
  -2.7641637752    1.0324730042   -2.6462854722
  -2.7288293557    0.8037112694   -2.6462854722
  -2.6589887256    0.5830242991   -2.6462854722
  -2.5562788899    0.3755848087   -2.6462854722
  -0.0193031437    1.5985742986   -2.7664475247
  -0.1163063927    1.8065984374   -2.7664475247
  -0.2479589570    1.9946177846   -2.7664475247
  -0.4102606401    2.1569194676   -2.7664475247
  -0.5982799873    2.2885720319   -2.7664475247
  -0.8063041261    2.3855752809   -2.7664475247
  -1.0280123482    2.4449818200   -2.7664475247
  -1.2566681615    2.4649866115   -2.7664475247
  -1.4853239747    2.4449818200   -2.7664475247
  -1.7070321968    2.3855752809   -2.7664475247
  -1.9150563356    2.2885720319   -2.7664475247
  -2.1030756829    2.1569194676   -2.7664475247
  -2.2653773659    1.9946177846   -2.7664475247
  -2.3970299302    1.8065984374   -2.7664475247
  -2.4940331792    1.5985742986   -2.7664475247
  -2.5534397183    1.3768660765   -2.7664475247
  -2.5734445098    1.1482102632   -2.7664475247
  -2.5534397183    0.9195544499   -2.7664475247
  -2.4940331792    0.6978462278   -2.7664475247
  -2.3970299302    0.4898220891   -2.7664475247
  -2.2653773659    0.3018027418   -2.7664475247
  -0.1688375737    1.3794357926   -2.8696263433
  -0.2406837728    1.6005556569   -2.8696263433
  -0.3569333649    1.8019058568   -2.8696263433
  -0.5125056851    1.9746864226   -2.8696263433
  -0.7006014763    2.1113460142   -2.8696263433
  -0.9130000500    2.2059119520   -2.8696263433
  -1.1404185693    2.2542512505   -2.8696263433
  -1.3729177536    2.2542512505   -2.8696263433
  -1.6003362729    2.2059119520   -2.8696263433
  -1.8127348466    2.1113460142   -2.8696263433
  -2.0008306379    1.9746864226   -2.8696263433
  -2.1564029580    1.8019058568   -2.8696263433
  -2.2726525502    1.6005556569   -2.8696263433
  -2.3444987493    1.3794357926   -2.8696263433
  -2.3688015317    1.1482102632   -2.8696263433
  -2.3444987493    0.9169847338   -2.8696263433
  -2.2726525502    0.6958648695   -2.8696263433
  -2.1564029580    0.4945146696   -2.8696263433
  -2.0008306379    0.3217341039   -2.8696263433
  -0.3571907157    1.1482102632   -2.9550785220
  -0.3878396664    1.3810121568   -2.9550785220
  -0.4776978433    1.5979489861   -2.9550785220
  -0.6206415600    1.7842368647   -2.9550785220
  -0.8069294386    1.9271805814   -2.9550785220
  -1.0238662679    2.0170387583   -2.9550785220
  -1.2566681615    2.0476877090   -2.9550785220
  -1.4894700551    2.0170387583   -2.9550785220
  -1.7064068844    1.9271805814   -2.9550785220
  -1.8926947629    1.7842368647   -2.9550785220
  -2.0356384797    1.5979489861   -2.9550785220
  -2.1254966565    1.3810121568   -2.9550785220
  -2.1561456073    1.1482102632   -2.9550785220
  -2.1254966565    0.9154083696   -2.9550785220
  -2.0356384797    0.6984715403   -2.9550785220
  -1.8926947629    0.5121836618   -2.9550785220
  -1.7064068844    0.3692399450   -2.9550785220
  -1.4894700551    0.2793817681   -2.9550785220
  -1.2566681615    0.2487328174   -2.9550785220
  -1.0238662679    0.2793817681   -2.9550785220
  -0.8069294386    0.3692399450   -2.9550785220
  -0.6206415600    0.5121836618   -2.9550785220
  -0.4776978433    0.6984715403   -2.9550785220
  -0.3878396664    0.9154083696   -2.9550785220
  -0.5763273957    1.1482102632   -3.0221883759
  -0.6173569643    1.3809005094   -3.0221883759
  -0.7354968984    1.5855248778   -3.0221883759
  -0.9164977786    1.7374026496   -3.0221883759
  -1.1385282273    1.8182151240   -3.0221883759
  -1.3748080956    1.8182151240   -3.0221883759
  -1.5968385443    1.7374026496   -3.0221883759
  -1.7778394245    1.5855248778   -3.0221883759
  -1.8959793587    1.3809005094   -3.0221883759
  -1.9370089272    1.1482102632   -3.0221883759
  -1.8959793587    0.9155200170   -3.0221883759
  -1.7778394245    0.7108956486   -3.0221883759
  -1.5968385443    0.5590178768   -3.0221883759
  -1.3748080956    0.4782054024   -3.0221883759
  -1.1385282273    0.4782054024   -3.0221883759
  -0.9164977786    0.5590178768   -3.0221883759
  -0.7354968984    0.7108956486   -3.0221883759
  -0.6173569643    0.9155200170   -3.0221883759
  -0.8003659466    1.1482102632   -3.0704723772
  -0.8614988516    1.3763613706   -3.0704723772
  -1.0285170540    1.5433795731   -3.0704723772
  -1.2566681615    1.6045124781   -3.0704723772
  -1.4848192689    1.5433795731   -3.0704723772
  -1.6518374713    1.3763613706   -3.0704723772
  -1.7129703763    1.1482102632   -3.0704723772
  -1.6518374713    0.9200591558   -3.0704723772
  -1.4848192689    0.7530409533   -3.0704723772
  -1.2566681615    0.6919080483   -3.0704723772
  -1.0285170540    0.7530409533   -3.0704723772
  -0.8614988516    0.9200591558   -3.0704723772
  -1.0276921654    1.1482102632   -3.0995826383
  -1.1421801634    1.3465092927   -3.0995826383
  -1.3711561595    1.3465092927   -3.0995826383
  -1.4856441576    1.1482102632   -3.0995826383
  -1.3711561595    0.9499112337   -3.0995826383
  -1.1421801634    0.9499112337   -3.0995826383
  -1.2566681615    1.1482102632   -3.1093094192
  -1.9428118656   -2.1928684066    1.8025118163
  -1.7347877269   -2.2898716556    1.8025118163
  -2.5840344200   -1.8251320923    1.6823497637
  -2.4508628104   -2.0144618969    1.6823497637
  -2.2903508565   -2.1812442855    1.6823497637
  -2.1062608224   -2.3215700203    1.6823497637
  -1.9029076225   -2.4321499850    1.6823497637
  -1.6850576835   -2.5103922791    1.6823497637
  -1.4578172233   -2.5544629693    1.6823497637
  -1.2265125657   -2.5633290761    1.6823497637
  -2.8867657298   -1.6089004312    1.5460702474
  -2.7983087792   -1.8175072927    1.5460702474
  -2.6828365135   -2.0124626994    1.5460702474
  -2.5424095378   -2.1902876675    1.5460702474
  -2.3795337748   -2.3478089061    1.5460702474
  -2.1971157465   -2.4822154451    1.5460702474
  -1.9984107068   -2.5911087965    1.5460702474
  -1.7869645520   -2.6725457560    1.5460702474
  -1.5665505435   -2.7250730790    1.5460702474
  -1.3411019747   -2.7477534143    1.5460702474
  -1.1146419807   -2.7401820307    1.5460702474
  -0.8912117452   -2.7024940397    1.5460702474
  -3.1208483875   -1.3957939084    1.3946551644
  -3.0647432384   -1.6188670577    1.3946551644
  -2.9816502597   -1.8333547603    1.3946551644
  -2.8728290563   -2.0360056013    1.3946551644
  -2.7399292467   -2.2237476006    1.3946551644
  -2.5849654566   -2.3937347808    1.3946551644
  -2.4102867790   -2.5433903095    1.3946551644
  -2.2185411646   -2.6704455615    1.3946551644
  -2.0126352815   -2.7729745086    1.3946551644
  -1.7956904530   -2.8494229166    1.3946551644
  -1.5709953416   -2.8986319054    1.3946551644
  -1.3419560960   -2.9198555171    1.3946551644
  -1.1120447179   -2.9127720232    1.3946551644
  -0.8847464293   -2.8774888022    1.3946551644
  -0.6635068405   -2.8145407120    1.3946551644
  -3.2984947269   -1.2794379426    1.2291954639
  -3.2604224264   -1.5035154545    1.2291954639
  -3.1975007952   -1.7219212688    1.2291954639
  -3.1105211095   -1.9319088058    1.2291954639
  -3.0005771892   -2.1308373503    1.2291954639
  -2.8690516429   -2.3162052604    1.2291954639
  -2.7175984807   -2.4856814271    1.2291954639
  -2.5481223140   -2.6371345892    1.2291954639
  -2.3627544039   -2.7686601355    1.2291954639
  -2.1638258594   -2.8786040558    1.2291954639
  -1.9538383225   -2.9655837416    1.2291954639
  -1.7354325081   -3.0285053727    1.2291954639
  -1.5113549962   -3.0665776733    1.2291954639
  -1.2844236915   -3.0793218620    1.2291954639
  -1.0574923867   -3.0665776733    1.2291954639
  -0.8334148748   -3.0285053727    1.2291954639
  -0.6150090605   -2.9655837416    1.2291954639
  -3.4552159435   -1.0525066378    1.0508832867
  -3.4433241164   -1.2794162160    1.0508832867
  -3.4077789245   -1.5038397254    1.0508832867
  -3.3489698083   -1.7233183350    1.0508832867
  -3.2675410928   -1.9354473912    1.0508832867
  -3.1643849280   -2.1379027638    1.0508832867
  -3.0406315146   -2.3284663093    1.0508832867
  -2.8976367207   -2.5050501737    1.0508832867
  -2.7369672273   -2.6657196671    1.0508832867
  -2.5603833630   -2.8087144610    1.0508832867
  -2.3698198175   -2.9324678744    1.0508832867
  -2.1673644449   -3.0356240391    1.0508832867
  -1.9552353886   -3.1170527546    1.0508832867
  -1.7357567790   -3.1758618708    1.0508832867
  -1.5113332697   -3.2114070627    1.0508832867
  -1.2844236915   -3.2232988898    1.0508832867
  -1.0575141133   -3.2114070627    1.0508832867
  -0.8330906040   -3.1758618708    1.0508832867
  -0.6136119944   -3.1170527546    1.0508832867
  -3.5806943653   -0.9379045329    0.8610033763
  -3.5806943653   -1.1671087427    0.8610033763
  -3.5578729957   -1.3951739853    0.8610033763
  -3.5124570655   -1.6198336459    0.8610033763
  -3.4448979387   -1.8388549557    0.8610033763
  -3.3558670481   -2.0500611827    0.8610033763
  -3.2462492229   -2.2513532645    0.8610033763
  -3.1171338941   -2.4407306698    0.8610033763
  -2.9698042680   -2.6163112811    0.8610033763
  -2.8057245725   -2.7763500992    0.8610033763
  -2.6265255053   -2.9192565866    0.8610033763
  -2.4339880274   -3.0436104743    0.8610033763
  -2.2300256627   -3.1481758775    0.8610033763
  -2.0166654807   -3.2319135783    0.8610033763
  -1.7960279508   -3.2939913537    0.8610033763
  -1.5703058680   -3.3337922471    0.8610033763
  -1.3417425597   -3.3509206991    0.8610033763
  -1.1126095907   -3.3452064796    0.8610033763
  -0.8851841874   -3.3167063791    0.8610033763
  -0.6617266057   -3.2657036442    0.8610033763
  -3.6517554080   -0.5962408474    0.6609238217
  -3.6844067674   -0.8233360404    0.6609238217
  -3.6953235085   -1.0525066378    0.6609238217
  -3.6844067674   -1.2816772352    0.6609238217
  -3.6517554080   -1.5087724282    0.6609238217
  -3.5976651260   -1.7317356076    0.6609238217
  -3.5226257713   -1.9485475842    0.6609238217
  -3.4273169120   -2.1572448752    0.6609238217
  -3.3126016798   -2.3559374857    0.6609238217
  -3.1795189538   -2.5428260246    0.6609238217
  -3.0292739515   -2.7162180003    0.6609238217
  -2.8632273151   -2.8745431483    0.6609238217
  -2.6828827886   -3.0163676516    0.6609238217
  -2.4898736000   -3.1404071253    0.6609238217
  -2.2859476703   -3.2455382490    0.6609238217
  -2.0729517844   -3.3308089387    0.6609238217
  -1.8528148660   -3.3954469701    0.6609238217
  -1.6275305090   -3.4388669709    0.6609238217
  -1.3991389236   -3.4606757231    0.6609238217
  -1.1697084593   -3.4606757231    0.6609238217
  -0.9413168739   -3.4388669709    0.6609238217
  -0.7160325170   -3.3954469701    0.6609238217
  -0.4958955986   -3.3308089387    0.6609238217
  -3.7250850174   -0.4870844462    0.4520862007
  -3.7663895623   -0.7113682810    0.4520862007
  -3.7871277564   -0.9384788956    0.4520862007
  -3.7871277564   -1.1665343801    0.4520862007
  -3.7663895623   -1.3936449947    0.4520862007
  -3.7250850174   -1.6179288295    0.4520862007
  -3.6635563840   -1.8375273979    0.4520862007
  -3.5823135079   -2.0506210371    0.4520862007
  -3.4820295931   -2.2554439860    0.4520862007
  -3.3635356237   -2.4502990173    0.4520862007
  -3.2278134780   -2.6335715006    0.4520862007
  -3.0759877925   -2.8037427825    0.4520862007
  -2.9093166426   -2.9594027703    0.4520862007
  -2.7291811180   -3.0992616161    0.4520862007
  -2.5370738783   -3.2221604056    0.4520862007
  -2.3345867847   -3.3270807606    0.4520862007
  -2.1233977090   -3.4131532781    0.4520862007
  -1.9052566303   -3.4796647341    0.4520862007
  -1.6819711344   -3.5260639938    0.4520862007
  -1.4553914352   -3.5519665781    0.4520862007
  -1.2273950434   -3.5571578502    0.4520862007
  -0.9998712089   -3.5415947936    0.4520862007
  -0.7747052659   -3.5054063686    0.4520862007
  -0.5537630104   -3.4488924439    0.4520862007
  -0.3388752393   -3.3725213117    0.4520862007
  -3.7432248466   -0.2656047690    0.2359951932
  -3.8031495896   -0.4859931593    0.2359951932
  -3.8433618876   -0.7108152856    0.2359951932
  -3.8635470245   -0.9383116101    0.2359951932
  -3.8635470245   -1.1667016655    0.2359951932
  -3.8433618876   -1.3941979900    0.2359951932
  -3.8031495896   -1.6190201164    0.2359951932
  -3.7432248466   -1.8394085067    0.2359951932
  -3.6640566507   -2.0536383229    0.2359951932
  -3.5662646005   -2.2600329264    0.2359951932
  -3.4506140513   -2.4569769994    0.2359951932
  -3.3180101256   -2.6429291875    0.2359951932
  -3.1694906287   -2.8164341629    0.2359951932
  -3.0062179272   -2.9761340137    0.2359951932
  -2.8294698514   -3.1207788722    0.2359951932
  -2.6406296944   -3.2492366961    0.2359951932
  -2.4411753867   -3.3605021290    0.2359951932
  -2.2326679286   -3.4537043678    0.2359951932
  -2.0167391737   -3.5281139787    0.2359951932
  -1.7950790571   -3.5831486056    0.2359951932
  -1.5694223700   -3.6183775279    0.2359951932
  -1.3415351818   -3.6335250316    0.2359951932
  -1.1132010188   -3.6284725669    0.2359951932
  -0.8862069053   -3.6032596762    0.2359951932
  -0.6623293781   -3.5580836845    0.2359951932
  -0.4433205824   -3.4932981552    0.2359951932
  -0.2308945589   -3.4094101230    0.2359951932
  -3.8049621279   -0.2693630763    0.0142077397
  -3.8629543142   -0.4889397161    0.0142077397
  -3.9018559619   -0.7126888083    0.0142077397
  -3.9213790568   -0.9389537928    0.0142077397
  -3.9213790568   -1.1660594828    0.0142077397
  -3.9018559619   -1.3923244673    0.0142077397
  -3.8629543142   -1.6160735595    0.0142077397
  -3.8049621279   -1.8356501994    0.0142077397
  -3.7283087569   -2.0494287183    0.0142077397
  -3.6335617159   -2.2558263750    0.0142077397
  -3.5214224789   -2.4533150733    0.0142077397
  -3.3927212854   -2.6404326760    0.0142077397
  -3.2484109943   -2.8157938300    0.0142077397
  -3.0895600283   -2.9781002224    0.0142077397
  -2.9173444644   -3.1261501937    0.0142077397
  -2.7330393264   -3.2588476336    0.0142077397
  -2.5380091451   -3.3752100967    0.0142077397
  -2.3336978557   -3.4743760761    0.0142077397
  -2.1216181074   -3.5556113814    0.0142077397
  -1.9033400647   -3.6183145750    0.0142077397
  -1.6804797816   -3.6620214243    0.0142077397
  -1.4546872378   -3.6864083392    0.0142077397
  -1.2276341223   -3.6912947673    0.0142077397
  -1.0010014569   -3.6766445314    0.0142077397
  -0.7764671505   -3.6425660966    0.0142077397
  -0.5556935767   -3.5893117678    0.0142077397
  -0.3403152657   -3.5172758213    0.0142077397
  -3.8095731726   -0.1603145678   -0.2116781760
  -3.8761394659   -0.3776763362   -0.2116781760
  -3.9240323878   -0.5999002723   -0.2116781760
  -3.9529068684   -0.8253852477   -0.2116781760
  -3.9625548667   -1.0525066378   -0.2116781760
  -3.9529068684   -1.2796280280   -0.2116781760
  -3.9240323878   -1.5051130034   -0.2116781760
  -3.8761394659   -1.7273369395   -0.2116781760
  -3.8095731726   -1.9446987078   -0.2116781760
  -3.7248131193   -2.1556322119   -0.2116781760
  -3.6224700043   -2.3586176708   -0.2116781760
  -3.5032812121   -2.5521925699   -0.2116781760
  -3.3681055005   -2.7349621975   -0.2116781760
  -3.2179168138   -2.9056096942   -0.2116781760
  -3.0537972649   -3.0629055409   -0.2116781760
  -2.8769293387   -3.2057164174   -0.2116781760
  -2.6885873730   -3.3330133682   -0.2116781760
  -2.4901283757   -3.4438792157   -0.2116781760
  -2.2829822485   -3.5375151690   -0.2116781760
  -2.0686414840   -3.6132465788   -0.2116781760
  -1.8486504124   -3.6705277987   -0.2116781760
  -1.6245940744   -3.7089461162   -0.2116781760
  -1.3980868009   -3.7282247263   -0.2116781760
  -1.1707605821   -3.7282247263   -0.2116781760
  -0.9442533086   -3.7089461162   -0.2116781760
  -0.7201969705   -3.6705277987   -0.2116781760
  -0.5002058989   -3.6132465788   -0.2116781760
  -0.2858651345   -3.5375151690   -0.2116781760
  -0.0787190073   -3.4438792157   -0.2116781760
  -3.7425237868    0.0586246627   -0.4400350407
  -3.8278989702   -0.1538396516   -0.4400350407
  -3.8949483560   -0.3727788821   -0.4400350407
  -3.9431888517   -0.5966155667   -0.4400350407
  -3.9722728835   -0.8237369569   -0.4400350407
  -3.9819909002   -1.0525066378   -0.4400350407
  -3.9722728835   -1.2812763188   -0.4400350407
  -3.9431888517   -1.5083977090   -0.4400350407
  -3.8949483560   -1.7322343936   -0.4400350407
  -3.8278989702   -1.9511736241   -0.4400350407
  -3.7425237868   -2.1636379383   -0.4400350407
  -3.6394379359   -2.3680965261   -0.4400350407
  -3.5193841534   -2.5630762586   -0.4400350407
  -3.3832274296   -2.7471723024   -0.4400350407
  -3.2319487767   -2.9190582412   -0.4400350407
  -3.0666381609   -3.0774956330   -0.4400350407
  -2.8884866491   -3.2213429326   -0.4400350407
  -2.6987778269   -3.3495637171   -0.4400350407
  -2.4988785508   -3.4612341526   -0.4400350407
  -2.2902290995   -3.5555496512   -0.4400350407
  -2.0743327973   -3.6318306676   -0.4400350407
  -1.8527451818   -3.6895275952   -0.4400350407
  -1.6270627970   -3.7282247263   -0.4400350407
  -1.3989116895   -3.7476432474   -0.4400350407
  -1.1699356934   -3.7476432474   -0.4400350407
  -0.9417845860   -3.7282247263   -0.4400350407
  -0.7161022012   -3.6895275952   -0.4400350407
  -0.4945145857   -3.6318306676   -0.4400350407
  -0.2786182834   -3.5555496512   -0.4400350407
  -0.0699688322   -3.4612341526   -0.4400350407
  -3.7425237868    0.0586246627   -0.6692175379
  -3.8278989702   -0.1538396516   -0.6692175379
  -3.8949483560   -0.3727788821   -0.6692175379
  -3.9431888517   -0.5966155667   -0.6692175379
  -3.9722728835   -0.8237369569   -0.6692175379
  -3.9819909002   -1.0525066378   -0.6692175379
  -3.9722728835   -1.2812763188   -0.6692175379
  -3.9431888517   -1.5083977090   -0.6692175379
  -3.8949483560   -1.7322343936   -0.6692175379
  -3.8278989702   -1.9511736241   -0.6692175379
  -3.7425237868   -2.1636379383   -0.6692175379
  -3.6394379359   -2.3680965261   -0.6692175379
  -3.5193841534   -2.5630762586   -0.6692175379
  -3.3832274296   -2.7471723024   -0.6692175379
  -3.2319487767   -2.9190582412   -0.6692175379
  -3.0666381609   -3.0774956330   -0.6692175379
  -2.8884866491   -3.2213429326   -0.6692175379
  -2.6987778269   -3.3495637171   -0.6692175379
  -2.4988785508   -3.4612341526   -0.6692175379
  -2.2902290995   -3.5555496512   -0.6692175379
  -2.0743327973   -3.6318306676   -0.6692175379
  -1.8527451818   -3.6895275952   -0.6692175379
  -1.6270627970   -3.7282247263   -0.6692175379
  -1.3989116895   -3.7476432474   -0.6692175379
  -1.1699356934   -3.7476432474   -0.6692175379
  -0.9417845860   -3.7282247263   -0.6692175379
  -0.7161022012   -3.6895275952   -0.6692175379
  -0.4945145857   -3.6318306676   -0.6692175379
  -0.2786182834   -3.5555496512   -0.6692175379
  -0.0699688322   -3.4612341526   -0.6692175379
  -3.7248131193    0.0506189362   -0.8975744026
  -3.8095731726   -0.1603145678   -0.8975744026
  -3.8761394659   -0.3776763362   -0.8975744026
  -3.9240323878   -0.5999002723   -0.8975744026
  -3.9529068684   -0.8253852477   -0.8975744026
  -3.9625548667   -1.0525066378   -0.8975744026
  -3.9529068684   -1.2796280280   -0.8975744026
  -3.9240323878   -1.5051130034   -0.8975744026
  -3.8761394659   -1.7273369395   -0.8975744026
  -3.8095731726   -1.9446987078   -0.8975744026
  -3.7248131193   -2.1556322119   -0.8975744026
  -3.6224700043   -2.3586176708   -0.8975744026
  -3.5032812121   -2.5521925699   -0.8975744026
  -3.3681055005   -2.7349621975   -0.8975744026
  -3.2179168138   -2.9056096942   -0.8975744026
  -3.0537972649   -3.0629055409   -0.8975744026
  -2.8769293387   -3.2057164174   -0.8975744026
  -2.6885873730   -3.3330133682   -0.8975744026
  -2.4901283757   -3.4438792157   -0.8975744026
  -2.2829822485   -3.5375151690   -0.8975744026
  -2.0686414840   -3.6132465788   -0.8975744026
  -1.8486504124   -3.6705277987   -0.8975744026
  -1.6245940744   -3.7089461162   -0.8975744026
  -1.3980868009   -3.7282247263   -0.8975744026
  -1.1707605821   -3.7282247263   -0.8975744026
  -0.9442533086   -3.7089461162   -0.8975744026
  -0.7201969705   -3.6705277987   -0.8975744026
  -0.5002058989   -3.6132465788   -0.8975744026
  -0.2858651345   -3.5375151690   -0.8975744026
  -0.0787190073   -3.4438792157   -0.8975744026
   0.1197399900   -3.3330133682   -0.8975744026
  -3.7283087569   -0.0555845574   -1.1234603183
  -3.8049621279   -0.2693630763   -1.1234603183
  -3.8629543142   -0.4889397161   -1.1234603183
  -3.9018559619   -0.7126888083   -1.1234603183
  -3.9213790568   -0.9389537928   -1.1234603183
  -3.9213790568   -1.1660594828   -1.1234603183
  -3.9018559619   -1.3923244673   -1.1234603183
  -3.8629543142   -1.6160735595   -1.1234603183
  -3.8049621279   -1.8356501994   -1.1234603183
  -3.7283087569   -2.0494287183   -1.1234603183
  -3.6335617159   -2.2558263750   -1.1234603183
  -3.5214224789   -2.4533150733   -1.1234603183
  -3.3927212854   -2.6404326760   -1.1234603183
  -3.2484109943   -2.8157938300   -1.1234603183
  -3.0895600283   -2.9781002224   -1.1234603183
  -2.9173444644   -3.1261501937   -1.1234603183
  -2.7330393264   -3.2588476336   -1.1234603183
  -2.5380091451   -3.3752100967   -1.1234603183
  -2.3336978557   -3.4743760761   -1.1234603183
  -2.1216181074   -3.5556113814   -1.1234603183
  -1.9033400647   -3.6183145750   -1.1234603183
  -1.6804797816   -3.6620214243   -1.1234603183
  -1.4546872378   -3.6864083392   -1.1234603183
  -1.2276341223   -3.6912947673   -1.1234603183
  -1.0010014569   -3.6766445314   -1.1234603183
  -0.7764671505   -3.6425660966   -1.1234603183
  -0.5556935767   -3.5893117678   -1.1234603183
  -0.3403152657   -3.5172758213   -1.1234603183
  -0.1319268031   -3.4269915862   -1.1234603183
   0.0679289757   -3.3191274952   -1.1234603183
   0.2577724085   -3.1944821364   -1.1234603183
  -3.6640566507   -0.0513749527   -1.3452477717
  -3.7432248466   -0.2656047690   -1.3452477717
  -3.8031495896   -0.4859931593   -1.3452477717
  -3.8433618876   -0.7108152856   -1.3452477717
  -3.8635470245   -0.9383116101   -1.3452477717
  -3.8635470245   -1.1667016655   -1.3452477717
  -3.8433618876   -1.3941979900   -1.3452477717
  -3.8031495896   -1.6190201164   -1.3452477717
  -3.7432248466   -1.8394085067   -1.3452477717
  -3.6640566507   -2.0536383229   -1.3452477717
  -3.5662646005   -2.2600329264   -1.3452477717
  -3.4506140513   -2.4569769994   -1.3452477717
  -3.3180101256   -2.6429291875   -1.3452477717
  -3.1694906287   -2.8164341629   -1.3452477717
  -3.0062179272   -2.9761340137   -1.3452477717
  -2.8294698514   -3.1207788722   -1.3452477717
  -2.6406296944   -3.2492366961   -1.3452477717
  -2.4411753867   -3.3605021290   -1.3452477717
  -2.2326679286   -3.4537043678   -1.3452477717
  -2.0167391737   -3.5281139787   -1.3452477717
  -1.7950790571   -3.5831486056   -1.3452477717
  -1.5694223700   -3.6183775279   -1.3452477717
  -1.3415351818   -3.6335250316   -1.3452477717
  -1.1132010188   -3.6284725669   -1.3452477717
  -0.8862069053   -3.6032596762   -1.3452477717
  -0.6623293781   -3.5580836845   -1.3452477717
  -0.4433205824   -3.4932981552   -1.3452477717
  -0.2308945589   -3.4094101230   -1.3452477717
  -0.0267138293   -3.3070761254   -1.3452477717
   0.1676236153   -3.1870970647   -1.3452477717
   0.3505968211   -3.0504119397   -1.3452477717
  -3.5823135079   -0.0543922386   -1.5613387793
  -3.6635563840   -0.2674858777   -1.5613387793
  -3.7250850174   -0.4870844462   -1.5613387793
  -3.7663895623   -0.7113682810   -1.5613387793
  -3.7871277564   -0.9384788956   -1.5613387793
  -3.7871277564   -1.1665343801   -1.5613387793
  -3.7663895623   -1.3936449947   -1.5613387793
  -3.7250850174   -1.6179288295   -1.5613387793
  -3.6635563840   -1.8375273979   -1.5613387793
  -3.5823135079   -2.0506210371   -1.5613387793
  -3.4820295931   -2.2554439860   -1.5613387793
  -3.3635356237   -2.4502990173   -1.5613387793
  -3.2278134780   -2.6335715006   -1.5613387793
  -3.0759877925   -2.8037427825   -1.5613387793
  -2.9093166426   -2.9594027703   -1.5613387793
  -2.7291811180   -3.0992616161   -1.5613387793
  -2.5370738783   -3.2221604056   -1.5613387793
  -2.3345867847   -3.3270807606   -1.5613387793
  -2.1233977090   -3.4131532781   -1.5613387793
  -1.9052566303   -3.4796647341   -1.5613387793
  -1.6819711344   -3.5260639938   -1.5613387793
  -1.4553914352   -3.5519665781   -1.5613387793
  -1.2273950434   -3.5571578502   -1.5613387793
  -0.9998712089   -3.5415947936   -1.5613387793
  -0.7747052659   -3.5054063686   -1.5613387793
  -0.5537630104   -3.4488924439   -1.5613387793
  -0.3388752393   -3.3725213117   -1.5613387793
  -0.1318225805   -3.2769258073   -1.5613387793
   0.0656792625   -3.1628980651   -1.5613387793
   0.2519937272   -3.0313829549   -1.5613387793
   0.4255769533   -2.8834702523   -1.5613387793
  -3.4273169120    0.0522315995   -1.7701764003
  -3.5226257713   -0.1564656915   -1.7701764003
  -3.5976651260   -0.3732776681   -1.7701764003
  -3.6517554080   -0.5962408474   -1.7701764003
  -3.6844067674   -0.8233360404   -1.7701764003
  -3.6953235085   -1.0525066378   -1.7701764003
  -3.6844067674   -1.2816772352   -1.7701764003
  -3.6517554080   -1.5087724282   -1.7701764003
  -3.5976651260   -1.7317356076   -1.7701764003
  -3.5226257713   -1.9485475842   -1.7701764003
  -3.4273169120   -2.1572448752   -1.7701764003
  -3.3126016798   -2.3559374857   -1.7701764003
  -3.1795189538   -2.5428260246   -1.7701764003
  -3.0292739515   -2.7162180003   -1.7701764003
  -2.8632273151   -2.8745431483   -1.7701764003
  -2.6828827886   -3.0163676516   -1.7701764003
  -2.4898736000   -3.1404071253   -1.7701764003
  -2.2859476703   -3.2455382490   -1.7701764003
  -2.0729517844   -3.3308089387   -1.7701764003
  -1.8528148660   -3.3954469701   -1.7701764003
  -1.6275305090   -3.4388669709   -1.7701764003
  -1.3991389236   -3.4606757231   -1.7701764003
  -1.1697084593   -3.4606757231   -1.7701764003
  -0.9413168739   -3.4388669709   -1.7701764003
  -0.7160325170   -3.3954469701   -1.7701764003
  -0.4958955986   -3.3308089387   -1.7701764003
  -0.2828997127   -3.2455382490   -1.7701764003
  -0.0789737830   -3.1404071253   -1.7701764003
   0.1140354057   -3.0163676516   -1.7701764003
   0.2943799322   -2.8745431483   -1.7701764003
   0.4604265685   -2.7162180003   -1.7701764003
  -3.2462492229    0.1463399888   -1.9702559549
  -3.3558670481   -0.0549520930   -1.9702559549
  -3.4448979387   -0.2661583200   -1.9702559549
  -3.5124570655   -0.4851796298   -1.9702559549
  -3.5578729957   -0.7098392903   -1.9702559549
  -3.5806943653   -0.9379045329   -1.9702559549
  -3.5806943653   -1.1671087427   -1.9702559549
  -3.5578729957   -1.3951739853   -1.9702559549
  -3.5124570655   -1.6198336459   -1.9702559549
  -3.4448979387   -1.8388549557   -1.9702559549
  -3.3558670481   -2.0500611827   -1.9702559549
  -3.2462492229   -2.2513532645   -1.9702559549
  -3.1171338941   -2.4407306698   -1.9702559549
  -2.9698042680   -2.6163112811   -1.9702559549
  -2.8057245725   -2.7763500992   -1.9702559549
  -2.6265255053   -2.9192565866   -1.9702559549
  -2.4339880274   -3.0436104743   -1.9702559549
  -2.2300256627   -3.1481758775   -1.9702559549
  -2.0166654807   -3.2319135783   -1.9702559549
  -1.7960279508   -3.2939913537   -1.9702559549
  -1.5703058680   -3.3337922471   -1.9702559549
  -1.3417425597   -3.3509206991   -1.9702559549
  -1.1126095907   -3.3452064796   -1.9702559549
  -0.8851841874   -3.3167063791   -1.9702559549
  -0.6617266057   -3.2657036442   -1.9702559549
  -0.4444576673   -3.1927051632   -1.9702559549
  -0.2355366887   -3.0984364278   -1.9702559549
  -0.0370400204   -2.9838343229   -1.9702559549
   0.1490595886   -2.8500378158   -1.9702559549
   0.3209125967   -2.6983766362   -1.9702559549
   0.4768110516   -2.5303580612   -1.9702559549
  -3.1643849280    0.0328894882   -2.1601358653
  -3.2675410928   -0.1695658844   -2.1601358653
  -3.3489698083   -0.3816949407   -2.1601358653
  -3.4077789245   -0.6011735503   -2.1601358653
  -3.4433241164   -0.8255970597   -2.1601358653
  -3.4552159435   -1.0525066378   -2.1601358653
  -3.4433241164   -1.2794162160   -2.1601358653
  -3.4077789245   -1.5038397254   -2.1601358653
  -3.3489698083   -1.7233183350   -2.1601358653
  -3.2675410928   -1.9354473912   -2.1601358653
  -3.1643849280   -2.1379027638   -2.1601358653
  -3.0406315146   -2.3284663093   -2.1601358653
  -2.8976367207   -2.5050501737   -2.1601358653
  -2.7369672273   -2.6657196671   -2.1601358653
  -2.5603833630   -2.8087144610   -2.1601358653
  -2.3698198175   -2.9324678744   -2.1601358653
  -2.1673644449   -3.0356240391   -2.1601358653
  -1.9552353886   -3.1170527546   -2.1601358653
  -1.7357567790   -3.1758618708   -2.1601358653
  -1.5113332697   -3.2114070627   -2.1601358653
  -1.2844236915   -3.2232988898   -2.1601358653
  -1.0575141133   -3.2114070627   -2.1601358653
  -0.8330906040   -3.1758618708   -2.1601358653
  -0.6136119944   -3.1170527546   -2.1601358653
  -0.4014829381   -3.0356240391   -2.1601358653
  -0.1990275655   -2.9324678744   -2.1601358653
  -0.0084640200   -2.8087144610   -2.1601358653
   0.1681198444   -2.6657196671   -2.1601358653
   0.3287893378   -2.5050501737   -2.1601358653
   0.4717841316   -2.3284663093   -2.1601358653
  -3.0005771892    0.0258240746   -2.3384480424
  -3.1105211095   -0.1731044699   -2.3384480424
  -3.1975007952   -0.3830920068   -2.3384480424
  -3.2604224264   -0.6014978212   -2.3384480424
  -3.2984947269   -0.8255753331   -2.3384480424
  -3.3112389157   -1.0525066378   -2.3384480424
  -3.2984947269   -1.2794379426   -2.3384480424
  -3.2604224264   -1.5035154545   -2.3384480424
  -3.1975007952   -1.7219212688   -2.3384480424
  -3.1105211095   -1.9319088058   -2.3384480424
  -3.0005771892   -2.1308373503   -2.3384480424
  -2.8690516429   -2.3162052604   -2.3384480424
  -2.7175984807   -2.4856814271   -2.3384480424
  -2.5481223140   -2.6371345892   -2.3384480424
  -2.3627544039   -2.7686601355   -2.3384480424
  -2.1638258594   -2.8786040558   -2.3384480424
  -1.9538383225   -2.9655837416   -2.3384480424
  -1.7354325081   -3.0285053727   -2.3384480424
  -1.5113549962   -3.0665776733   -2.3384480424
  -1.2844236915   -3.0793218620   -2.3384480424
  -1.0574923867   -3.0665776733   -2.3384480424
  -0.8334148748   -3.0285053727   -2.3384480424
  -0.6150090605   -2.9655837416   -2.3384480424
  -0.4050215235   -2.8786040558   -2.3384480424
  -0.2060929790   -2.7686601355   -2.3384480424
  -0.0207250690   -2.6371345892   -2.3384480424
   0.1487510978   -2.4856814271   -2.3384480424
   0.3002042599   -2.3162052604   -2.3384480424
   0.4317298062   -2.1308373503   -2.3384480424
  -2.7399292467    0.1187343250   -2.5039077430
  -2.8728290563   -0.0690076743   -2.5039077430
  -2.9816502597   -0.2716585154   -2.5039077430
  -3.0647432384   -0.4861462180   -2.5039077430
  -3.1208483875   -0.7092193673   -2.5039077430
  -3.1491152102   -0.9374964017   -2.5039077430
  -3.1491152102   -1.1675168740   -2.5039077430
  -3.1208483875   -1.3957939084   -2.5039077430
  -3.0647432384   -1.6188670577   -2.5039077430
  -2.9816502597   -1.8333547603   -2.5039077430
  -2.8728290563   -2.0360056013   -2.5039077430
  -2.7399292467   -2.2237476006   -2.5039077430
  -2.5849654566   -2.3937347808   -2.5039077430
  -2.4102867790   -2.5433903095   -2.5039077430
  -2.2185411646   -2.6704455615   -2.5039077430
  -2.0126352815   -2.7729745086   -2.5039077430
  -1.7956904530   -2.8494229166   -2.5039077430
  -1.5709953416   -2.8986319054   -2.5039077430
  -1.3419560960   -2.9198555171   -2.5039077430
  -1.1120447179   -2.9127720232   -2.5039077430
  -0.8847464293   -2.8774888022   -2.5039077430
  -0.6635068405   -2.8145407120   -2.5039077430
  -0.4516797183   -2.7248819813   -2.5039077430
  -0.2524761459   -2.6098717452   -2.5039077430
  -0.0689158464   -2.4712534415   -2.5039077430
   0.0962185933   -2.3111283824   -2.5039077430
   0.2404239032   -2.1319239007   -2.5039077430
   0.3615140779   -1.9363565536   -2.5039077430
  -2.5424095378    0.0852743918   -2.6553228259
  -2.6828365135   -0.0925505762   -2.6553228259
  -2.7983087792   -0.2875059830   -2.6553228259
  -2.8867657298   -0.4961128445   -2.6553228259
  -2.9466288486   -0.7146485665   -2.6553228259
  -2.9768298771   -0.9392133737   -2.6553228259
  -2.9768298771   -1.1657999019   -2.6553228259
  -2.9466288486   -1.3903647092   -2.6553228259
  -2.8867657298   -1.6089004312   -2.6553228259
  -2.7983087792   -1.8175072927   -2.6553228259
  -2.6828365135   -2.0124626994   -2.6553228259
  -2.5424095378   -2.1902876675   -2.6553228259
  -2.3795337748   -2.3478089061   -2.6553228259
  -2.1971157465   -2.4822154451   -2.6553228259
  -1.9984107068   -2.5911087965   -2.6553228259
  -1.7869645520   -2.6725457560   -2.6553228259
  -1.5665505435   -2.7250730790   -2.6553228259
  -1.3411019747   -2.7477534143   -2.6553228259
  -1.1146419807   -2.7401820307   -2.6553228259
  -0.8912117452   -2.7024940397   -2.6553228259
  -0.6747983863   -2.6353619844   -2.6553228259
  -0.4692638053   -2.5399838380   -2.6553228259
  -0.2782757719   -2.4180616256   -2.6553228259
  -0.1052424719   -2.2717710522   -2.6553228259
   0.0467483113   -2.1037226765   -2.6553228259
   0.1749842986   -1.9169153256   -2.6553228259
   0.2771771157   -1.7146825812   -2.6553228259
  -2.2903508565    0.0762310098   -2.7916023422
  -2.4508628104   -0.0905513788   -2.7916023422
  -2.5840344200   -0.2798811833   -2.7916023422
  -2.6867442556   -0.4873206737   -2.7916023422
  -2.7565848857   -0.7080076441   -2.7916023422
  -2.7919193052   -0.9367693788   -2.7916023422
  -2.7919193052   -1.1682438968   -2.7916023422
  -2.7565848857   -1.3970056316   -2.7916023422
  -2.6867442556   -1.6176926020   -2.7916023422
  -2.5840344200   -1.8251320923   -2.7916023422
  -2.4508628104   -2.0144618969   -2.7916023422
  -2.2903508565   -2.1812442855   -2.7916023422
  -2.1062608224   -2.3215700203   -2.7916023422
  -1.9029076225   -2.4321499850   -2.7916023422
  -1.6850576835   -2.5103922791   -2.7916023422
  -1.4578172233   -2.5544629693   -2.7916023422
  -1.2265125657   -2.5633290761   -2.7916023422
  -0.9965652958   -2.5367827855   -2.7916023422
  -0.7733651826   -2.4754463200   -2.7916023422
  -0.5621438478   -2.3807573544   -2.7916023422
  -0.3678521404   -2.2549353177   -2.7916023422
  -0.1950440932   -2.1009293719   -2.7916023422
  -0.0477701805   -1.9223492859   -2.7916023422
   0.0705176220   -1.7233808254   -2.7916023422
   0.1570467485   -1.5086876425   -2.7916023422
  -0.8340596561    0.1848583799   -2.9117643948
  -1.7347877269    0.1848583799   -2.9117643948
  -1.9428118656    0.0878551309   -2.9117643948
  -2.1308312129   -0.0437974334   -2.9117643948
  -2.2931328959   -0.2060991164   -2.9117643948
  -2.4247854602   -0.3941184637   -2.9117643948
  -2.5217887092   -0.6021426025   -2.9117643948
  -2.5811952483   -0.8238508246   -2.9117643948
  -2.6012000398   -1.0525066378   -2.9117643948
  -2.5811952483   -1.2811624511   -2.9117643948
  -2.5217887092   -1.5028706732   -2.9117643948
  -2.4247854602   -1.7108948120   -2.9117643948
  -2.2931328959   -1.8989141592   -2.9117643948
  -2.1308312129   -2.0612158423   -2.9117643948
  -1.9428118656   -2.1928684066   -2.9117643948
  -1.7347877269   -2.2898716556   -2.9117643948
  -1.5130795048   -2.3492781946   -2.9117643948
  -1.2844236915   -2.3692829861   -2.9117643948
  -1.0557678782   -2.3492781946   -2.9117643948
  -0.8340596561   -2.2898716556   -2.9117643948
  -0.6260355173   -2.1928684066   -2.9117643948
  -0.4380161701   -2.0612158423   -2.9117643948
  -0.2757144870   -1.8989141592   -2.9117643948
  -0.1440619228   -1.7108948120   -2.9117643948
  -0.0470586738   -1.5028706732   -2.9117643948
   0.0123478653   -1.2811624511   -2.9117643948
  -0.1722903212   -1.0525066378   -3.0149432133
  -0.5402612151   -0.2260304785   -3.0149432133
  -0.7283570064   -0.0893708868   -3.0149432133
  -0.9407555801    0.0051950509   -3.0149432133
  -1.1681740993    0.0535343495   -3.0149432133
  -1.4006732836    0.0535343495   -3.0149432133
  -1.6280918029    0.0051950509   -3.0149432133
  -1.8404903766   -0.0893708868   -3.0149432133
  -2.0285861679   -0.2260304785   -3.0149432133
  -2.1841584880   -0.3988110442   -3.0149432133
  -2.3004080802   -0.6001612442   -3.0149432133
  -2.3722542793   -0.8212811084   -3.0149432133
  -2.3965570617   -1.0525066378   -3.0149432133
  -2.3722542793   -1.2837321673   -3.0149432133
  -2.3004080802   -1.5048520315   -3.0149432133
  -2.1841584880   -1.7062022315   -3.0149432133
  -2.0285861679   -1.8789827972   -3.0149432133
  -1.8404903766   -2.0156423889   -3.0149432133
  -1.6280918029   -2.1102083266   -3.0149432133
  -1.4006732836   -2.1585476251   -3.0149432133
  -1.1681740993   -2.1585476251   -3.0149432133
  -0.9407555801   -2.1102083266   -3.0149432133
  -0.7283570064   -2.0156423889   -3.0149432133
  -0.5402612151   -1.8789827972   -3.0149432133
  -0.3846888949   -1.7062022315   -3.0149432133
  -0.2684393028   -1.5048520315   -3.0149432133
  -0.1965931037   -1.2837321673   -3.0149432133
  -0.3849462457   -1.0525066378   -3.1003953920
  -0.4155951964   -0.8197047442   -3.1003953920
  -0.5054533733   -0.6027679149   -3.1003953920
  -0.6483970900   -0.4164800364   -3.1003953920
  -0.8346849686   -0.2735363196   -3.1003953920
  -1.0516217979   -0.1836781428   -3.1003953920
  -1.2844236915   -0.1530291920   -3.1003953920
  -1.5172255851   -0.1836781428   -3.1003953920
  -1.7341624144   -0.2735363196   -3.1003953920
  -1.9204502929   -0.4164800364   -3.1003953920
  -2.0633940097   -0.6027679149   -3.1003953920
  -2.1532521865   -0.8197047442   -3.1003953920
  -2.1839011373   -1.0525066378   -3.1003953920
  -2.1532521865   -1.2853085314   -3.1003953920
  -2.0633940097   -1.5022453607   -3.1003953920
  -1.9204502929   -1.6885332393   -3.1003953920
  -1.7341624144   -1.8314769560   -3.1003953920
  -1.5172255851   -1.9213351329   -3.1003953920
  -1.2844236915   -1.9519840836   -3.1003953920
  -1.0516217979   -1.9213351329   -3.1003953920
  -0.8346849686   -1.8314769560   -3.1003953920
  -0.6483970900   -1.6885332393   -3.1003953920
  -0.5054533733   -1.5022453607   -3.1003953920
  -0.4155951964   -1.2853085314   -3.1003953920
  -0.6040829257   -1.0525066378   -3.1675052460
  -0.6451124943   -0.8198163916   -3.1675052460
  -0.7632524285   -0.6151920233   -3.1675052460
  -0.9442533086   -0.4633142515   -3.1675052460
  -1.1662837573   -0.3825017770   -3.1675052460
  -1.4025636256   -0.3825017770   -3.1675052460
  -1.6245940744   -0.4633142515   -3.1675052460
  -1.8055949545   -0.6151920233   -3.1675052460
  -1.9237348887   -0.8198163916   -3.1675052460
  -1.9647644572   -1.0525066378   -3.1675052460
  -1.9237348887   -1.2851968840   -3.1675052460
  -1.8055949545   -1.4898212524   -3.1675052460
  -1.6245940744   -1.6416990242   -3.1675052460
  -1.4025636256   -1.7225114986   -3.1675052460
  -1.1662837573   -1.7225114986   -3.1675052460
  -0.9442533086   -1.6416990242   -3.1675052460
  -0.7632524285   -1.4898212524   -3.1675052460
  -0.6451124943   -1.2851968840   -3.1675052460
  -0.8281214766   -1.0525066378   -3.2157892472
  -0.8892543816   -0.8243555304   -3.2157892472
  -1.0562725840   -0.6573373280   -3.2157892472
  -1.2844236915   -0.5962044230   -3.2157892472
  -1.5125747989   -0.6573373280   -3.2157892472
  -1.6795930014   -0.8243555304   -3.2157892472
  -1.7407259063   -1.0525066378   -3.2157892472
  -1.6795930014   -1.2806577453   -3.2157892472
  -1.5125747989   -1.4476759477   -3.2157892472
  -1.2844236915   -1.5088088527   -3.2157892472
  -1.0562725840   -1.4476759477   -3.2157892472
  -0.8892543816   -1.2806577453   -3.2157892472
  -1.0554476954   -1.0525066378   -3.2448995083
  -1.1699356934   -0.8542076084   -3.2448995083
  -1.3989116895   -0.8542076084   -3.2448995083
  -1.5133996876   -1.0525066378   -3.2448995083
  -1.3989116895   -1.2508056673   -3.2448995083
  -1.1699356934   -1.2508056673   -3.2448995083
  -1.2844236915   -1.0525066378   -3.2546262893
   3.7428518110   -0.0020884873    0.1135544017
   3.7512404195   -0.0020884873   -0.1106358791
   3.7428518110   -0.2262787681   -0.1106358791
   3.7428518110   -0.0020884873   -0.3348261598
   3.7342839715    0.2241633304   -0.3348261598
   3.7342839715   -0.2283403051   -0.3348261598
   3.7177328982   -0.0020884873   -0.5577626776
   3.7092369980    0.2222636185   -0.5577626776
   3.6837979614    0.4453306558   -0.5577626776
   3.6837979614   -0.4495076305   -0.5577626776
   3.7092369980   -0.2264405932   -0.5577626776
   3.6760241560   -0.0020884873   -0.7781986809
   3.6672291593    0.2245600843   -0.7781986809
   3.6408970631    0.4498455649   -0.7781986809
   3.6408970631   -0.4540225395   -0.7781986809
   3.6672291593   -0.2287370590   -0.7781986809
   3.6179588368   -0.0020884873   -0.9949014023
   3.6091217007    0.2228316474   -0.9949014023
   3.5826647761    0.4463650747   -0.9949014023
   3.5387511788    0.6671336367   -0.9949014023
   3.5387511788   -0.6713106114   -0.9949014023
   3.5826647761   -0.4505420494   -0.9949014023
   3.6091217007   -0.2270086221   -0.9949014023
   3.5438616654   -0.0020884873   -1.2066589522
   3.5348060552    0.2226241620   -1.2066589522
   3.5076979537    0.4458794637   -1.2066589522
   3.4627131674    0.6662295212   -1.2066589522
   3.4001434398    0.8822452801   -1.2066589522
   3.4627131674   -0.6704064959   -1.2066589522
   3.5076979537   -0.4500564383   -1.2066589522
   3.5348060552   -0.2268011367   -1.2066589522
   3.4541470232   -0.0020884873   -1.4122870964
   3.4446675493    0.2240849080   -1.4122870964
   3.4162956193    0.4486718595   -1.4122870964
   3.3692302419    0.6700970510   -1.4122870964
   3.3038015470    0.8868073439   -1.4122870964
   3.2204684697    1.0972826712   -1.4122870964
   3.1198155318    1.3000466998   -1.4122870964
   3.3038015470   -0.8909843185   -1.4122870964
   3.3692302419   -0.6742740256   -1.4122870964
   3.4162956193   -0.4528488341   -1.4122870964
   3.4446675493   -0.2282618827   -1.4122870964
   0.7512404195    2.5959877240   -1.6106358791
   3.1058971211   -1.1000829396   -1.6106358791
   3.1926334635   -0.8906828855   -1.6106358791
   3.2607893307   -0.6745200915   -1.6106358791
   3.3098460153   -0.4532396869   -1.6106358791
   1.4741479701    2.3688689739   -1.8005960533
   1.2555501600    2.4247832223   -1.8005960533
   1.0327734806    2.4605876475   -1.8005960533
   0.8076639296    2.4759855626   -1.8005960533
   1.0339585337    2.3263046647   -1.9811052846
   0.8079163498    2.3427211087   -1.9811052846
   0.8079163498   -2.3468980834   -1.9811052846
   0.5815195686   -2.1946851794   -2.1511540924
   0.8078640884   -2.2005150113   -2.1511540924
   1.0336083832   -2.1830409752   -2.1511540924
   1.2563595074   -2.1424483001   -2.1511540924
   1.4737562436   -2.0791672786   -2.1511540924
   0.5827357610   -2.0356372964   -2.3097914946
   0.8074655569   -2.0418319302   -2.3097914946
   3.3363004036    0.0652336927   -1.7384610048
   3.3254121522    0.2903377203   -1.7384610048
   3.2928490589    0.5133400123   -1.7384610048
   3.2389151565    0.7321584563   -1.7384610048
   3.1641140111    0.9447500035   -1.7384610048
   3.0691440211    1.1491297439   -1.7384610048
   2.9548918956    1.3433894389   -1.7384610048
   2.8224243759    1.5257153380   -1.7384610048
   2.6729782756    1.6944051135   -1.7384610048
   2.5079489326    1.8478837545   -1.7384610048
   3.0691440211   -1.0186623585   -1.7384610048
   3.1641140111   -0.8142826181   -1.7384610048
   3.2389151565   -0.6016910709   -1.7384610048
   3.2928490589   -0.3828726269   -1.7384610048
   3.3254121522   -0.1598703349   -1.7384610048
   3.2719546045    0.0652336927   -1.9576026715
   3.2606843933    0.2910537644   -1.9576026715
   3.2269857680    0.5146295348   -1.9576026715
   3.1711936407    0.7337390074   -1.9576026715
   3.0938624987    0.9462045739   -1.9576026715
   2.9957608936    1.1499146559   -1.9576026715
   2.8778638032    1.3428446913   -1.9576026715
   2.7413429418    1.5230772545   -1.9576026715
   2.5875551150    1.6888211134   -1.9576026715
   2.4180287353    1.8384290312   -1.9576026715
   2.2344486321    1.9704141370   -1.9576026715
   2.0386393069    2.0834647036   -1.9576026715
   1.8325468007    2.1764571837   -1.9576026715
   1.6182193535    2.2484673763   -1.9576026715
   1.3977870478    2.2987796116   -1.9576026715
   1.1734406387    2.3268938641   -1.9576026715
   2.5875551150   -1.5583537280   -1.9576026715
   2.7413429418   -1.3926098691   -1.9576026715
   2.8778638032   -1.2123773059   -1.9576026715
   2.9957608936   -1.0194472705   -1.9576026715
   3.0938624987   -0.8157371885   -1.9576026715
   3.1711936407   -0.6032716220   -1.9576026715
   3.2269857680   -0.3841621494   -1.9576026715
   3.2606843933   -0.1605863790   -1.9576026715
   3.1870694285    0.0652336927   -2.1696355908
   3.1751100863    0.2934315358   -2.1696355908
   3.1393630887    0.5191291955   -2.1696355908
   3.0802200875    0.7398538812   -2.1696355908
   2.9983290656    0.9531872868   -2.1696355908
   2.8945872382    1.1567920871   -2.1696355908
   2.7701312225    1.3484375452   -2.1696355908
   2.6263245846    1.5260239534   -2.1696355908
   2.4647429003    1.6876056377   -2.1696355908
   2.2871564921    1.8314122756   -2.1696355908
   2.0955110340    1.9558682913   -2.1696355908
   1.8919062337    2.0596101187   -2.1696355908
   1.6785728281    2.1415011406   -2.1696355908
   1.4578481424    2.2006441418   -2.1696355908
   1.2321504827    2.2363911394   -2.1696355908
   1.0039526396    2.2483504815   -2.1696355908
   0.7757547965    2.2363911394   -2.1696355908
   0.5500571368    2.2006441418   -2.1696355908
   1.4578481424   -2.0701767564   -2.1696355908
   1.6785728281   -2.0110337552   -2.1696355908
   1.8919062337   -1.9291427333   -2.1696355908
   2.0955110340   -1.8254009059   -2.1696355908
   2.2871564921   -1.7009448902   -2.1696355908
   2.4647429003   -1.5571382524   -2.1696355908
   2.6263245846   -1.3955565680   -2.1696355908
   2.7701312225   -1.2179701598   -2.1696355908
   2.8945872382   -1.0263247017   -2.1696355908
   2.9983290656   -0.8227199014   -2.1696355908
   3.0802200875   -0.6093864958   -2.1696355908
   3.1393630887   -0.3886618101   -2.1696355908
   3.1751100863   -0.1629641504   -2.1696355908
   3.0824136087    0.0652336927   -2.3726395596
   3.0702295814    0.2899548525   -2.3726395596
   3.0338203462    0.5120413622   -2.3726395596
   2.9736127681    0.7288894605   -2.3726395596
   2.8903127259    0.9379568016   -2.3726395596
   2.7848968363    1.1367922623   -2.3726395596
   2.6586010044    1.3230646785   -2.3726395596
   2.5129059333    1.4945901764   -2.3726395596
   2.3495197644    1.6493577764   -2.3726395596
   2.1703580513    1.7855529699   -2.3726395596
   1.9775213012    1.9015789928   -2.3726395596
   1.7732703486    1.9960755460   -2.3726395596
   1.5599998494    2.0679347439   -2.3726395596
   1.3402102049    2.1163141031   -2.3726395596
   1.1164782480    2.1406464197   -2.3726395596
   0.8914270312    2.1406464197   -2.3726395596
   0.6676950743    2.1163141031   -2.3726395596
   0.4479054298    2.0679347439   -2.3726395596
   0.6676950743   -1.9858467177   -2.3726395596
   0.8914270312   -2.0101790343   -2.3726395596
   1.1164782480   -2.0101790343   -2.3726395596
   1.3402102049   -1.9858467177   -2.3726395596
   1.5599998494   -1.9374673585   -2.3726395596
   1.7732703486   -1.8656081606   -2.3726395596
   1.9775213012   -1.7711116074   -2.3726395596
   2.1703580513   -1.6550855845   -2.3726395596
   2.3495197644   -1.5188903910   -2.3726395596
   2.5129059333   -1.3641227910   -2.3726395596
   2.6586010044   -1.1925972931   -2.3726395596
   2.7848968363   -1.0063248769   -2.3726395596
   2.8903127259   -0.8074894162   -2.3726395596
   2.9736127681   -0.5984220751   -2.3726395596
   3.0338203462   -0.3815739768   -2.3726395596
   3.0702295814   -0.1594874671   -2.3726395596
   2.9589349245    0.0652336927   -2.5647761425
   2.9457160337    0.2921932832   -2.5647761425
   2.9062381240    0.5160836346   -2.5647761425
   2.8410350665    0.7338770140   -2.5647761425
   2.7509886207    0.9426281395   -2.5647761425
   2.6373165102    1.1395140102   -2.5647761425
   2.5015559554    1.3218720826   -2.5647761425
   2.3455428848    1.4872362765   -2.5647761425
   2.1713871077    1.6333703249   -2.5647761425
   1.9814437821    1.7582980154   -2.5647761425
   1.7782815656    1.8603299154   -2.5647761425
   1.5646478788    1.9380862184   -2.5647761425
   1.3434317507    1.9905154039   -2.5647761425
   1.1176247501    2.0169084570   -2.5647761425
   0.8902805291    2.0169084570   -2.5647761425
   0.6644735285    1.9905154039   -2.5647761425
   0.4432574004    1.9380862184   -2.5647761425
   0.2296237136    1.8603299154   -2.5647761425
   0.4432574004   -1.8076188330   -2.5647761425
   0.6644735285   -1.8600480185   -2.5647761425
   0.8902805291   -1.8864410716   -2.5647761425
   1.1176247501   -1.8864410716   -2.5647761425
   1.3434317507   -1.8600480185   -2.5647761425
   1.5646478788   -1.8076188330   -2.5647761425
   1.7782815656   -1.7298625300   -2.5647761425
   1.9814437821   -1.6278306300   -2.5647761425
   2.1713871077   -1.5029029395   -2.5647761425
   2.3455428848   -1.3567688911   -2.5647761425
   2.5015559554   -1.1914046972   -2.5647761425
   2.6373165102   -1.0090466248   -2.5647761425
   2.7509886207   -0.8121607541   -2.5647761425
   2.8410350665   -0.6034096286   -2.5647761425
   2.9062381240   -0.3856162492   -2.5647761425
   2.9457160337   -0.1617258978   -2.5647761425
   2.8177516181    0.0652336927   -2.7443053210
   2.8034492714    0.2925629837   -2.7443053210
   2.7607677878    0.5163071560   -2.7443053210
   2.6903802799    0.7329376303   -2.7443053210
   2.5933968007    0.9390380146   -2.7443053210
   2.4713468375    1.1313579829   -2.7443053210
   2.3261551913    1.3068645341   -2.7443053210
   2.1601116210    1.4627898253   -2.7443053210
   1.9758347330    1.5966748214   -2.7443053210
   1.7762306837    1.7064080761   -2.7443053210
   1.5644473483    1.7902590304   -2.7443053210
   1.3438246766    1.8469053046   -2.7443053210
   1.1178420198    1.8754535532   -2.7443053210
   0.8900632594    1.8754535532   -2.7443053210
   0.6640806026    1.8469053046   -2.7443053210
   0.4434579309    1.7902590304   -2.7443053210
   0.2316745955    1.7064080761   -2.7443053210
   0.0320705462    1.5966748214   -2.7443053210
   0.2316745955   -1.5759406907   -2.7443053210
   0.4434579309   -1.6597916450   -2.7443053210
   0.6640806026   -1.7164379192   -2.7443053210
   0.8900632594   -1.7449861678   -2.7443053210
   1.1178420198   -1.7449861678   -2.7443053210
   1.3438246766   -1.7164379192   -2.7443053210
   1.5644473483   -1.6597916450   -2.7443053210
   1.7762306837   -1.5759406907   -2.7443053210
   1.9758347330   -1.4662074361   -2.7443053210
   2.1601116210   -1.3323224399   -2.7443053210
   2.3261551913   -1.1763971487   -2.7443053210
   2.4713468375   -1.0008905975   -2.7443053210
   2.5933968007   -0.8085706293   -2.7443053210
   2.6903802799   -0.6024702449   -2.7443053210
   2.7607677878   -0.3858397706   -2.7443053210
   2.8034492714   -0.1620955983   -2.7443053210
   2.6601422672    0.0652336927   -2.9096012510
   2.6447164276    0.2907514845   -2.9096012510
   2.5987262631    0.5120683066   -2.9096012510
   2.5230284834    0.7250614453   -2.9096012510
   2.4190331950    0.9257632414   -2.9096012510
   2.2886776332    1.1104350002   -2.9096012510
   2.1343900757    1.2756366362   -2.9096012510
   1.9590446075    1.4182907555   -2.9096012510
   1.7659075831    1.5357399819   -2.9096012510
   1.5585767798    1.6257964584   -2.9096012510
   1.3409143781    1.6867826032   -2.9096012510
   1.1169750168    1.7175623600   -2.9096012510
   0.8909302624    1.7175623600   -2.9096012510
   0.6669909011    1.6867826032   -2.9096012510
   0.4493284994    1.6257964584   -2.9096012510
   0.2419976961    1.5357399819   -2.9096012510
   0.0488606717    1.4182907555   -2.9096012510
  -0.1264847965    1.2756366362   -2.9096012510
  -0.6368111484    0.2907514845   -2.9096012510
   0.0488606717   -1.2878233701   -2.9096012510
   0.2419976961   -1.4052725965   -2.9096012510
   0.4493284994   -1.4953290730   -2.9096012510
   0.6669909011   -1.5563152178   -2.9096012510
   0.8909302624   -1.5870949746   -2.9096012510
   1.1169750168   -1.5870949746   -2.9096012510
   1.3409143781   -1.5563152178   -2.9096012510
   1.5585767798   -1.4953290730   -2.9096012510
   1.7659075831   -1.4052725965   -2.9096012510
   1.9590446075   -1.2878233701   -2.9096012510
   2.1343900757   -1.1451692508   -2.9096012510
   2.2886776332   -0.9799676148   -2.9096012510
   2.4190331950   -0.7952958560   -2.9096012510
   2.5230284834   -0.5945940599   -2.9096012510
   2.5987262631   -0.3816009212   -2.9096012510
   2.6447164276   -0.1602840992   -2.9096012510
   2.4875342065    0.0652336927   -3.0591669870
   2.4701472593    0.2917013570   -3.0591669870
   2.4183939528    0.5128608111   -3.0591669870
   2.3334873408    0.7235282650   -3.0591669870
   2.2174175623    0.9187658521   -3.0591669870
   2.0729051944    1.0939973688   -3.0591669870
   1.9033374847    1.2451155368   -3.0591669870
   1.7126889565    1.3685782745   -3.0591669870
   1.5054282497    1.4614917198   -3.0591669870
   1.2864133797    1.5216780603   -3.0591669870
   1.0607778693    1.5477265794   -3.0591669870
   0.8338104236    1.5390267216   -3.0591669870
   0.6108309674    1.4957824044   -3.0591669870
   0.3970659499    1.4190072379   -3.0591669870
   0.1975258420    1.3105007668   -3.0591669870
   0.0168876948    1.1728062910   -3.0591669870
  -0.1406144867    1.0091512522   -3.0591669870
  -0.2712889848    0.8233715859   -3.0591669870
  -0.3720729001    0.6198218099   -3.0591669870
  -0.4406039431    0.4032729585   -3.0591669870
  -0.4752758041    0.1788007532   -3.0591669870
  -0.4752758041   -0.0483333678   -3.0591669870
  -0.4406039431   -0.2728055731   -3.0591669870
  -0.3720729001   -0.4893544245   -3.0591669870
  -0.2712889848   -0.6929042005   -3.0591669870
  -0.1406144867   -0.8786838668   -3.0591669870
   0.0168876948   -1.0423389056   -3.0591669870
   0.1975258420   -1.1800333814   -3.0591669870
   0.3970659499   -1.2885398525   -3.0591669870
   0.6108309674   -1.3653150190   -3.0591669870
   0.8338104236   -1.4085593362   -3.0591669870
   1.0607778693   -1.4172591940   -3.0591669870
   1.2864133797   -1.3912106750   -3.0591669870
   1.5054282497   -1.3310243344   -3.0591669870
   1.7126889565   -1.2381108891   -3.0591669870
   1.9033374847   -1.1146481514   -3.0591669870
   2.0729051944   -0.9635299834   -3.0591669870
   2.2174175623   -0.7882984667   -3.0591669870
   2.3334873408   -0.5930608796   -3.0591669870
   2.4183939528   -0.3823934257   -3.0591669870
   2.4701472593   -0.1612339716   -3.0591669870
   2.3014906015    0.0652336927   -3.1916480384
   2.2817780843    0.2905487952   -3.1916480384
   2.2232394876    0.5090178124   -3.1916480384
   2.1276534770    0.7140026736   -3.1916480384
   1.9979243850    0.8992750177   -3.1916480384
   1.8379939646    1.0592054381   -3.1916480384
   1.6527216205    1.1889345301   -3.1916480384
   1.4477367593    1.2845205407   -3.1916480384
   1.2292677421    1.3430591374   -3.1916480384
   1.0039526396    1.3627716546   -3.1916480384
   0.7786375371    1.3430591374   -3.1916480384
   0.5601685199    1.2845205407   -3.1916480384
   0.3551836587    1.1889345301   -3.1916480384
   0.1699113146    1.0592054381   -3.1916480384
   0.0099808942    0.8992750177   -3.1916480384
  -0.1197481978    0.7140026736   -3.1916480384
  -0.2153342084    0.5090178124   -3.1916480384
  -0.2738728051    0.2905487952   -3.1916480384
  -0.2935853223    0.0652336927   -3.1916480384
  -0.2738728051   -0.1600814098   -3.1916480384
  -0.2153342084   -0.3785504270   -3.1916480384
  -0.1197481978   -0.5835352883   -3.1916480384
   0.0099808942   -0.7688076323   -3.1916480384
   0.1699113146   -0.9287380528   -3.1916480384
   0.3551836587   -1.0584671447   -3.1916480384
   0.5601685199   -1.1540531553   -3.1916480384
   0.7786375371   -1.2125917520   -3.1916480384
   1.0039526396   -1.2323042692   -3.1916480384
   1.2292677421   -1.2125917520   -3.1916480384
   1.4477367593   -1.1540531553   -3.1916480384
   1.6527216205   -1.0584671447   -3.1916480384
   1.8379939646   -0.9287380528   -3.1916480384
   1.9979243850   -0.7688076323   -3.1916480384
   2.1276534770   -0.5835352883   -3.1916480384
   2.2232394876   -0.3785504270   -3.1916480384
   2.2817780843   -0.1600814098   -3.1916480384
   2.1036962917    0.0652336927   -3.3058446363
   2.0796642544    0.2938832549   -3.3058446363
   2.0086184576    0.5125397340   -3.3058446363
   1.8936639436    0.7116467927   -3.3058446363
   1.7398247764    0.8825024971   -3.3058446363
   1.5538244657    1.0176396331   -3.3058446363
   1.3437921176    1.1111520593   -3.3058446363
   1.1189071535    1.1589528340   -3.3058446363
   0.8889981257    1.1589528340   -3.3058446363
   0.6641131616    1.1111520593   -3.3058446363
   0.4540808135    1.0176396331   -3.3058446363
   0.2680805028    0.8825024971   -3.3058446363
   0.1142413356    0.7116467927   -3.3058446363
  -0.0007131784    0.5125397340   -3.3058446363
  -0.0717589752    0.2938832549   -3.3058446363
  -0.0957910125    0.0652336927   -3.3058446363
  -0.0717589752   -0.1634158695   -3.3058446363
  -0.0007131784   -0.3820723486   -3.3058446363
   0.1142413356   -0.5811794073   -3.3058446363
   0.2680805028   -0.7520351117   -3.3058446363
   0.4540808135   -0.8871722477   -3.3058446363
   0.6641131616   -0.9806846739   -3.3058446363
   0.8889981257   -1.0284854487   -3.3058446363
   1.1189071535   -1.0284854487   -3.3058446363
   1.3437921176   -0.9806846739   -3.3058446363
   1.5538244657   -0.8871722477   -3.3058446363
   1.7398247764   -0.7520351117   -3.3058446363
   1.8936639436   -0.5811794073   -3.3058446363
   2.0086184576   -0.3820723486   -3.3058446363
   2.0796642544   -0.1634158695   -3.3058446363
   1.8959425332    0.0652336927   -3.4007225988
   1.8655487146    0.2960976652   -3.4007225988
   1.7764385474    0.5112286395   -3.4007225988
   1.6346847421    0.6959657952   -3.4007225988
   1.4499475864    0.8377196005   -3.4007225988
   1.2348166121    0.9268297677   -3.4007225988
   1.0039526396    0.9572235863   -3.4007225988
   0.7730886671    0.9268297677   -3.4007225988
   0.5579576928    0.8377196005   -3.4007225988
   0.3732205371    0.6959657952   -3.4007225988
   0.2314667318    0.5112286395   -3.4007225988
   0.1423565646    0.2960976652   -3.4007225988
   0.1119627460    0.0652336927   -3.4007225988
   0.1423565646   -0.1656302798   -3.4007225988
   0.2314667318   -0.3807612541   -3.4007225988
   0.3732205371   -0.5654984098   -3.4007225988
   0.5579576928   -0.7072522151   -3.4007225988
   0.7730886671   -0.7963623823   -3.4007225988
   1.0039526396   -0.8267562009   -3.4007225988
   1.2348166121   -0.7963623823   -3.4007225988
   1.4499475864   -0.7072522151   -3.4007225988
   1.6346847421   -0.5654984098   -3.4007225988
   1.7764385474   -0.3807612541   -3.4007225988
   1.8655487146   -0.1656302798   -3.4007225988
   1.6801107760    0.0652336927   -3.4754226962
   1.6393334509    0.2964933954   -3.4754226962
   1.5219198227    0.4998597650   -3.4754226962
   1.3420317078    0.6508038158   -3.4754226962
   1.1213662678    0.7311194677   -3.4754226962
   0.8865390114    0.7311194677   -3.4754226962
   0.6658735714    0.6508038158   -3.4754226962
   0.4859854565    0.4998597650   -3.4754226962
   0.3685718283    0.2964933954   -3.4754226962
   0.3277945032    0.0652336927   -3.4754226962
   0.3685718283   -0.1660260100   -3.4754226962
   0.4859854565   -0.3693923796   -3.4754226962
   0.6658735714   -0.5203364304   -3.4754226962
   0.8865390114   -0.6006520823   -3.4754226962
   1.1213662678   -0.6006520823   -3.4754226962
   1.3420317078   -0.5203364304   -3.4754226962
   1.5219198227   -0.3693923796   -3.4754226962
   1.6393334509   -0.1660260100   -3.4754226962
   1.4581556261    0.0652336927   -3.5292684330
   1.3973039644    0.2923351859   -3.5292684330
   1.2310541328    0.4585850174   -3.5292684330
   1.0039526396    0.5194366792   -3.5292684330
   0.7768511464    0.4585850174   -3.5292684330
   0.6106013148    0.2923351859   -3.5292684330
   0.5497496531    0.0652336927   -3.5292684330
   0.6106013148   -0.1618678005   -3.5292684330
   0.7768511464   -0.3281176321   -3.5292684330
   1.0039526396   -0.3889692938   -3.5292684330
   1.2310541328   -0.3281176321   -3.5292684330
   1.3973039644   -0.1618678005   -3.5292684330
   1.2320871435    0.0652336927   -3.5617721737
   1.1180198916    0.2628039686   -3.5617721737
   0.8898853876    0.2628039686   -3.5617721737
   0.7758181357    0.0652336927   -3.5617721737
   0.8898853876   -0.1323365832   -3.5617721737
   1.1180198916   -0.1323365832   -3.5617721737
   1.0039526396    0.0652336927   -3.5726395596
   1.2842995597    1.0524608032    3.2550088012
   1.5132755558    1.0524608032    3.2452820203
   1.3987875578    1.2507598326    3.2452820203
   1.1698115617    1.2507598326    3.2452820203
   1.0553235636    1.0524608032    3.2452820203
   1.1698115617    0.8541617737    3.2452820203
   1.3987875578    0.8541617737    3.2452820203
   1.7406017746    1.0524608032    3.2161717592
   1.6794688696    1.2806119106    3.2161717592
   1.5124506672    1.4476301130    3.2161717592
   1.2842995597    1.5087630180    3.2161717592
   1.0561484523    1.4476301130    3.2161717592
   0.8891302499    1.2806119106    3.2161717592
   0.8279973449    1.0524608032    3.2161717592
   0.8891302499    0.8243096957    3.2161717592
   1.0561484523    0.6572914933    3.2161717592
   1.2842995597    0.5961585883    3.2161717592
   1.5124506672    0.6572914933    3.2161717592
   1.6794688696    0.8243096957    3.2161717592
   1.9646403255    1.0524608032    3.1678877580
   1.9236107569    1.2851510494    3.1678877580
   1.8054708228    1.4897754177    3.1678877580
   1.6244699426    1.6416531895    3.1678877580
   1.4024394939    1.7224656640    3.1678877580
   1.1661596256    1.7224656640    3.1678877580
   0.9441291769    1.6416531895    3.1678877580
   0.7631282967    1.4897754177    3.1678877580
   0.6449883625    1.2851510494    3.1678877580
   0.6039587940    1.0524608032    3.1678877580
   0.6449883625    0.8197705570    3.1678877580
   0.7631282967    0.6151461886    3.1678877580
   0.9441291769    0.4632684168    3.1678877580
   1.1661596256    0.3824559424    3.1678877580
   1.4024394939    0.3824559424    3.1678877580
   1.6244699426    0.4632684168    3.1678877580
   1.8054708228    0.6151461886    3.1678877580
   1.9236107569    0.8197705570    3.1678877580
   2.1837770055    1.0524608032    3.1007779040
   2.1531280548    1.2852626968    3.1007779040
   2.0632698779    1.5021995261    3.1007779040
   1.9203261612    1.6884874046    3.1007779040
   1.7340382826    1.8314311214    3.1007779040
   1.5171014533    1.9212892982    3.1007779040
   1.2842995597    1.9519382490    3.1007779040
   1.0514976661    1.9212892982    3.1007779040
   0.8345608368    1.8314311214    3.1007779040
   0.6482729583    1.6884874046    3.1007779040
   0.5053292415    1.5021995261    3.1007779040
   0.4154710647    1.2852626968    3.1007779040
   0.3848221139    1.0524608032    3.1007779040
   0.4154710647    0.8196589095    3.1007779040
   0.5053292415    0.6027220803    3.1007779040
   0.6482729583    0.4164342017    3.1007779040
   0.8345608368    0.2734904850    3.1007779040
   1.0514976661    0.1836323081    3.1007779040
   1.2842995597    0.1529833574    3.1007779040
   1.5171014533    0.1836323081    3.1007779040
   1.7340382826    0.2734904850    3.1007779040
   1.9203261612    0.4164342017    3.1007779040
   2.0632698779    0.6027220803    3.1007779040
   2.1531280548    0.8196589095    3.1007779040
   2.3964329300    1.0524608032    3.0153257253
   2.3721301475    1.2836863326    3.0153257253
   2.3002839484    1.5048061968    3.0153257253
   2.1840343563    1.7061563968    3.0153257253
   2.0284620361    1.8789369625    3.0153257253
   1.8403662449    2.0155965542    3.0153257253
   1.6279676712    2.1101624919    3.0153257253
   1.4005491519    2.1585017905    3.0153257253
   1.1680499676    2.1585017905    3.0153257253
   0.9406314483    2.1101624919    3.0153257253
   0.7282328746    2.0155965542    3.0153257253
   0.5401370833    1.8789369625    3.0153257253
   0.3845647632    1.7061563968    3.0153257253
   0.2683151710    1.5048061968    3.0153257253
   0.1964689719    1.2836863326    3.0153257253
   0.1721661895    1.0524608032    3.0153257253
   0.5401370833    0.2259846438    3.0153257253
   0.7282328746    0.0893250521    3.0153257253
   0.9406314483   -0.0052408856    3.0153257253
   1.1680499676   -0.0535801841    3.0153257253
   1.4005491519   -0.0535801841    3.0153257253
   1.6279676712   -0.0052408856    3.0153257253
   1.8403662449    0.0893250521    3.0153257253
   2.0284620361    0.2259846438    3.0153257253
   2.1840343563    0.3987652095    3.0153257253
   2.3002839484    0.6001154095    3.0153257253
   2.3721301475    0.8212352737    3.0153257253
   2.6010759080    1.0524608032    2.9121469068
   2.5810711165    1.2811166164    2.9121469068
   2.5216645775    1.5028248385    2.9121469068
   2.4246613285    1.7108489773    2.9121469068
   2.2930087642    1.8988683246    2.9121469068
   2.1307070811    2.0611700076    2.9121469068
   1.9426877339    2.1928225719    2.9121469068
   1.7346635951    2.2898258209    2.9121469068
   1.5129553730    2.3492323599    2.9121469068
   1.2842995597    2.3692371515    2.9121469068
   1.0556437465    2.3492323599    2.9121469068
   0.8339355244    2.2898258209    2.9121469068
   0.6259113856    2.1928225719    2.9121469068
   0.4378920383    2.0611700076    2.9121469068
   0.2755903553    1.8988683246    2.9121469068
   0.1439377910    1.7108489773    2.9121469068
   0.0469345420    1.5028248385    2.9121469068
  -0.0124719971    1.2811166164    2.9121469068
   0.8339355244   -0.1849042146    2.9121469068
   1.7346635951   -0.1849042146    2.9121469068
   1.9426877339   -0.0879009656    2.9121469068
   2.1307070811    0.0437515987    2.9121469068
   2.2930087642    0.2060532817    2.9121469068
   2.4246613285    0.3940726290    2.9121469068
   2.5216645775    0.6020967678    2.9121469068
   2.5810711165    0.8238049899    2.9121469068
   2.7962314823    1.0524608032    2.7919848542
   2.7785122809    1.2832561289    2.7919848542
   2.7257699997    1.5086418079    2.7919848542
   2.6392408732    1.7233349907    2.7919848542
   2.5209530707    1.9223034512    2.7919848542
   2.3736791580    2.1008835373    2.7919848542
   2.2008711108    2.2548894830    2.7919848542
   2.0065794034    2.3807115197    2.7919848542
   1.7953580686    2.4754004853    2.7919848542
   1.5721579555    2.5367369508    2.7919848542
   1.3422106855    2.5632832414    2.7919848542
   1.1109060279    2.5544171346    2.7919848542
   0.8836655677    2.5103464444    2.7919848542
   0.6658156287    2.4321041504    2.7919848542
   0.4624624288    2.3215241856    2.7919848542
   0.2783723947    2.1811984508    2.7919848542
   0.1178604408    2.0144160622    2.7919848542
  -0.0153111687    1.8250862576    2.7919848542
  -0.1180210044    1.6176467673    2.7919848542
   2.2008711108   -0.1499678767    2.7919848542
   2.3736791580    0.0040380691    2.7919848542
   2.5209530707    0.1826181551    2.7919848542
   2.6392408732    0.3815866156    2.7919848542
   2.7257699997    0.5962797984    2.7919848542
   2.7785122809    0.8216654774    2.7919848542
   2.9804935524    1.0524608032    2.6557053379
   2.9653592414    1.2785413362    2.6557053379
   2.9202263806    1.5005874567    2.6557053379
   2.8459003669    1.7146367465    2.6557053379
   2.7437075498    1.9168694909    2.6557053379
   2.6154715625    2.1036768418    2.6557053379
   2.4634807793    2.2717252176    2.6557053379
   2.2904474793    2.4180157910    2.6557053379
   2.0994594459    2.5399380033    2.6557053379
   1.8939248649    2.6353161497    2.6557053379
   1.6775115060    2.7024482050    2.6557053379
   1.4540812706    2.7401361960    2.6557053379
   1.2276212765    2.7477075796    2.6557053379
   1.0021727077    2.7250272444    2.6557053379
   0.7817586993    2.6724999213    2.6557053379
   0.5703125444    2.5910629619    2.6557053379
   0.3716075047    2.4821696104    2.6557053379
   0.1891894764    2.3477630715    2.6557053379
   0.0263137135    2.1902418328    2.6557053379
  -0.1141132622    2.0124168647    2.6557053379
  -0.2295855280    1.8174614580    2.6557053379
   2.4634807793   -0.1668036112    2.6557053379
   2.6154715625    0.0012447645    2.6557053379
   2.7437075498    0.1880521154    2.6557053379
   2.8459003669    0.3902848598    2.6557053379
   2.9202263806    0.6043341496    2.6557053379
   2.9653592414    0.8263802702    2.6557053379
   3.1525345060    1.0524608032    2.5042902549
   3.1383742373    1.2820450023    2.5042902549
   3.0961080864    1.5081489389    2.5042902549
   3.0263767651    1.7273451080    2.5042902549
   2.9302373292    1.9363107189    2.5042902549
   2.8091471544    2.1318780660    2.5042902549
   2.6649418445    2.3110825478    2.5042902549
   2.4998074048    2.4712076068    2.5042902549
   2.3162471053    2.6098259105    2.5042902549
   2.1170435329    2.7248361467    2.5042902549
   1.9052164107    2.8144948773    2.5042902549
   1.6839768219    2.8774429676    2.5042902549
   1.4566785333    2.9127261885    2.5042902549
   1.2267671552    2.9198096824    2.5042902549
   0.9977279096    2.8985860708    2.5042902549
   0.7730327982    2.8493770819    2.5042902549
   0.5560879697    2.7729286740    2.5042902549
   0.3501820866    2.6703997268    2.5042902549
   0.1584364722    2.5433444749    2.5042902549
  -0.0162422054    2.3936889462    2.5042902549
  -0.1712059955    2.2237017660    2.5042902549
  -0.3041058051    2.0359597667    2.5042902549
   2.8091471544   -0.0269564597    2.5042902549
   2.9302373292    0.1686108874    2.5042902549
   3.0263767651    0.3775764984    2.5042902549
   3.0961080864    0.5967726674    2.5042902549
   3.1383742373    0.8228766041    2.5042902549
   3.3111147839    1.0524608032    2.3388305544
   3.2983705952    1.2793921079    2.3388305544
   3.2602982946    1.5034696198    2.3388305544
   3.1973766635    1.7218754342    2.3388305544
   3.1103969777    1.9318629711    2.3388305544
   3.0004530574    2.1307915156    2.3388305544
   2.8689275111    2.3161594257    2.3388305544
   2.7174743490    2.4856355924    2.3388305544
   2.5479981823    2.6370887546    2.3388305544
   2.3626302722    2.7686143008    2.3388305544
   2.1637017277    2.8785582211    2.3388305544
   1.9537141907    2.9655379069    2.3388305544
   1.7353083764    3.0284595381    2.3388305544
   1.5112308645    3.0665318386    2.3388305544
   1.2842995597    3.0792760273    2.3388305544
   1.0573682550    3.0665318386    2.3388305544
   0.8332907431    3.0284595381    2.3388305544
   0.6148849287    2.9655379069    2.3388305544
   0.4048973918    2.8785582211    2.3388305544
   0.2059688473    2.7686143008    2.3388305544
   0.0206009372    2.6370887546    2.3388305544
  -0.1488752295    2.4856355924    2.3388305544
  -0.3003283917    2.3161594257    2.3388305544
  -0.4318539379    2.1307915156    2.3388305544
   3.0004530574   -0.0258699093    2.3388305544
   3.1103969777    0.1730586352    2.3388305544
   3.1973766635    0.3830461722    2.3388305544
   3.2602982946    0.6014519865    2.3388305544
   3.2983705952    0.8255294984    2.3388305544
   3.4550918117    1.0524608032    2.1605183773
   3.4431999846    1.2793703813    2.1605183773
   3.4076547927    1.5037938907    2.1605183773
   3.3488456765    1.7232725003    2.1605183773
   3.2674169610    1.9354015566    2.1605183773
   3.1642607963    2.1378569292    2.1605183773
   3.0405073829    2.3284204747    2.1605183773
   2.8975125890    2.5050043390    2.1605183773
   2.7368430956    2.6656738324    2.1605183773
   2.5602592312    2.8086686263    2.1605183773
   2.3696956857    2.9324220397    2.1605183773
   2.1672403131    3.0355782045    2.1605183773
   1.9551112569    3.1170069199    2.1605183773
   1.7356326473    3.1758160361    2.1605183773
   1.5112091379    3.2113612281    2.1605183773
   1.2842995597    3.2232530552    2.1605183773
   1.0573899816    3.2113612281    2.1605183773
   0.8329664722    3.1758160361    2.1605183773
   0.6134878626    3.1170069199    2.1605183773
   0.4013588063    3.0355782045    2.1605183773
   0.1989034337    2.9324220397    2.1605183773
   0.0083398882    2.8086686263    2.1605183773
  -0.1682439761    2.6656738324    2.1605183773
  -0.3289134695    2.5050043390    2.1605183773
  -0.4719082634    2.3284204747    2.1605183773
   3.1642607963   -0.0329353228    2.1605183773
   3.2674169610    0.1695200498    2.1605183773
   3.3488456765    0.3816491060    2.1605183773
   3.4076547927    0.6011277156    2.1605183773
   3.4431999846    0.8255512250    2.1605183773
   3.5834282316    1.0524608032    1.9706384668
   3.5720033448    1.2813800941    1.9706384668
   3.5378422299    1.5080242822    1.9706384668
   3.4812843956    1.7301408758    1.9706384668
   3.4028919389    1.9455223804    1.9706384668
   3.3034439593    2.1520282378    1.9706384668
   3.1839288156    2.3476061001    1.9706384668
   3.0455343028    2.5303122265    1.9706384668
   2.8896358480    2.6983308015    1.9706384668
   2.7177828398    2.8499919811    1.9706384668
   2.5316832308    2.9837884882    1.9706384668
   2.3331865625    3.0983905931    1.9706384668
   2.1242655839    3.1926593286    1.9706384668
   1.9069966455    3.2656578096    1.9706384668
   1.6835390638    3.3166605444    1.9706384668
   1.4561136606    3.3451606450    1.9706384668
   1.2269806915    3.3508748645    1.9706384668
   0.9984173832    3.3337464124    1.9706384668
   0.7726953004    3.2939455191    1.9706384668
   0.5520577705    3.2318677436    1.9706384668
   0.3386975886    3.1481300428    1.9706384668
   0.1347352238    3.0435646396    1.9706384668
  -0.0578022541    2.9192107519    1.9706384668
  -0.2370013213    2.7763042645    1.9706384668
  -0.4010810168    2.6162654464    1.9706384668
  -0.5484106429    2.4406848351    1.9706384668
   3.3034439593   -0.0471066315    1.9706384668
   3.4028919389    0.1593992259    1.9706384668
   3.4812843956    0.3747807305    1.9706384668
   3.5378422299    0.5968973241    1.9706384668
   3.5720033448    0.8235415123    1.9706384668
   3.6951993767    1.0524608032    1.7705589123
   3.6842826357    1.2816314006    1.7705589123
   3.6516312763    1.5087265936    1.7705589123
   3.5975409942    1.7316897729    1.7705589123
   3.5225016396    1.9485017495    1.7705589123
   3.4271927802    2.1571990405    1.7705589123
   3.3124775481    2.3558916510    1.7705589123
   3.1793948220    2.5427801899    1.7705589123
   3.0291498198    2.7161721657    1.7705589123
   2.8631031834    2.8744973137    1.7705589123
   2.6827586569    3.0163218169    1.7705589123
   2.4897494682    3.1403612907    1.7705589123
   2.2858235386    3.2454924143    1.7705589123
   2.0728276526    3.3307631041    1.7705589123
   1.8526907342    3.3954011354    1.7705589123
   1.6274063773    3.4388211363    1.7705589123
   1.3990147919    3.4606298884    1.7705589123
   1.1695843276    3.4606298884    1.7705589123
   0.9411927422    3.4388211363    1.7705589123
   0.7159083853    3.3954011354    1.7705589123
   0.4957714668    3.3307631041    1.7705589123
   0.2827755809    3.2454924143    1.7705589123
   0.0788496512    3.1403612907    1.7705589123
  -0.1141595374    3.0163218169    1.7705589123
  -0.2945040639    2.8744973137    1.7705589123
  -0.4605507003    2.7161721657    1.7705589123
   3.4271927802   -0.0522774342    1.7705589123
   3.5225016396    0.1564198568    1.7705589123
   3.5975409942    0.3732318334    1.7705589123
   3.6516312763    0.5961950128    1.7705589123
   3.6842826357    0.8232902058    1.7705589123
   3.7895999334    1.0524608032    1.5617212912
   3.7792200795    1.2802799477    1.5617212912
   3.7481665284    1.5062113110    1.5617212912
   3.6966965996    1.7283827548    1.5617212912
   3.6252367892    1.9449532963    1.5617212912
   3.5343792356    2.1541283640    1.5617212912
   3.4248768132    2.3541746674    1.5617212912
   3.2976368936    2.5434345596    1.5617212912
   3.1537138267    2.7203397738    1.5617212912
   2.9943002045    2.8834244176    1.5617212912
   2.8207169784    3.0313371202    1.5617212912
   2.6344025137    3.1628522304    1.5617212912
   2.4369006707    3.2768799726    1.5617212912
   2.2298480119    3.3724754771    1.5617212912
   2.0149602408    3.4488466092    1.5617212912
   1.7940179853    3.5053605339    1.5617212912
   1.5688520423    3.5415489589    1.5617212912
   1.3413282078    3.5571120156    1.5617212912
   1.1133318160    3.5519207434    1.5617212912
   0.8867521168    3.5260181591    1.5617212912
   0.6634666209    3.4796188995    1.5617212912
   0.4453255422    3.4131074435    1.5617212912
   0.2341364665    3.3270349259    1.5617212912
   0.0316493729    3.2221145709    1.5617212912
  -0.1604578668    3.0992157814    1.5617212912
  -0.3405933914    2.9593569356    1.5617212912
   3.5343792356   -0.0492067577    1.5617212912
   3.6252367892    0.1599683100    1.5617212912
   3.6966965996    0.3765388516    1.5617212912
   3.7481665284    0.5987102953    1.5617212912
   3.7792200795    0.8246416586    1.5617212912
   3.8659497435    1.0524608032    1.3456302837
   3.8558472870    1.2806273164    1.3456302837
   3.8256189829    1.5070081174    1.3456302837
   3.7755014087    1.7298314693    1.3456302837
   3.7058868023    1.9473534774    1.3456302837
   3.6173199924    2.1578717369    1.3456302837
   3.5104941344    2.3597386571    1.3456302837
   3.3862452854    2.5513743556    1.3456302837
   3.2455458613    2.7312790233    1.3456302837
   3.0894970256    2.8980446621    1.3456302837
   2.9193200723    3.0503661050    1.3456302837
   2.7363468665    3.1870512300    1.3456302837
   2.5420094219    3.3070302907    1.3456302837
   2.3378286923    3.4093642883    1.3456302837
   2.1254026688    3.4932523206    1.3456302837
   1.9063938731    3.5580378498    1.3456302837
   1.6825163459    3.6032138415    1.3456302837
   1.4555222324    3.6284267323    1.3456302837
   1.2271880694    3.6334791970    1.3456302837
   0.9993008812    3.6183316933    1.3456302837
   0.7736441941    3.5831027709    1.3456302837
   0.5519840776    3.5280681440    1.3456302837
   0.3360553226    3.4536585331    1.3456302837
   0.1275478645    3.3604562943    1.3456302837
  -0.0719064432    3.2491908615    1.3456302837
  -0.2607466002    3.1207330375    1.3456302837
   3.6173199924   -0.0529501306    1.3456302837
   3.7058868023    0.1575681290    1.3456302837
   3.7755014087    0.3750901370    1.3456302837
   3.8256189829    0.5979134889    1.3456302837
   3.8558472870    0.8242942899    1.3456302837
   3.9236987049    1.0524608032    1.1238428302
   3.9139281110    1.2793562195    1.1238428302
   3.8846886673    1.5045717815    1.1238428302
   3.8361968525    1.7264400720    1.1238428302
   3.7688116829    1.9433184558    1.1238428302
   3.6830320548    2.1536012413    1.1238428302
   3.5794930506    2.3557315682    1.1238428302
   3.4589612368    2.5482129343    1.1238428302
   3.3223289888    2.7296202749    1.1238428302
   3.1706078839    2.8986105137    1.1238428302
   3.0049212122    3.0539325058    1.1238428302
   2.8264956597    3.1944363018    1.1238428302
   2.6366522269    3.3190816605    1.1238428302
   2.4367964481    3.4269457515    1.1238428302
   2.2284079855    3.5172299866    1.1238428302
   2.0130296745    3.5892659331    1.1238428302
   1.7922561007    3.6425202619    1.1238428302
   1.5677217943    3.6765986967    1.1238428302
   1.3410891289    3.6912489326    1.1238428302
   1.1140360134    3.6863625045    1.1238428302
   0.8882434696    3.6619755897    1.1238428302
   0.6653831866    3.6182687403    1.1238428302
   0.4471051438    3.5555655467    1.1238428302
   0.2350253956    3.4743302414    1.1238428302
   0.0307141061    3.3751642621    1.1238428302
  -0.1643160752    3.2588017990    1.1238428302
   3.6830320548   -0.0486796349    1.1238428302
   3.7688116829    0.1616031505    1.1238428302
   3.8361968525    0.3784815343    1.1238428302
   3.8846886673    0.6003498248    1.1238428302
   3.9139281110    0.8255653869    1.1238428302
   3.9624307349    1.0524608032    0.8979569146
   3.9527827367    1.2795821933    0.8979569146
   3.9239082560    1.5050671687    0.8979569146
   3.8760153342    1.7272911048    0.8979569146
   3.8094490408    1.9446528732    0.8979569146
   3.7246889876    2.1555863772    0.8979569146
   3.6223458726    2.3585718362    0.8979569146
   3.5031570803    2.5521467352    0.8979569146
   3.3679813688    2.7349163628    0.8979569146
   3.2177926821    2.9055638595    0.8979569146
   3.0536731331    3.0628597062    0.8979569146
   2.8768052070    3.2056705828    0.8979569146
   2.6884632412    3.3329675335    0.8979569146
   2.4900042439    3.4438333810    0.8979569146
   2.2828581168    3.5374693343    0.8979569146
   2.0685173523    3.6132007442    0.8979569146
   1.8485262807    3.6704819641    0.8979569146
   1.6244699426    3.7089002815    0.8979569146
   1.3979626691    3.7281788917    0.8979569146
   1.1706364503    3.7281788917    0.8979569146
   0.9441291769    3.7089002815    0.8979569146
   0.7200728388    3.6704819641    0.8979569146
   0.5000817672    3.6132007442    0.8979569146
   0.2857410027    3.5374693343    0.8979569146
   0.0785948755    3.4438333810    0.8979569146
  -0.1198641217    3.3329675335    0.8979569146
   3.7246889876   -0.0506647709    0.8979569146
   3.8094490408    0.1602687332    0.8979569146
   3.8760153342    0.3776305015    0.8979569146
   3.9239082560    0.5998544376    0.8979569146
   3.9527827367    0.8253394130    0.8979569146
   3.9818667685    1.0524608032    0.6696000499
   3.9721487517    1.2812304841    0.6696000499
   3.9430647199    1.5083518743    0.6696000499
   3.8948242242    1.7321885589    0.6696000499
   3.8277748385    1.9511277894    0.6696000499
   3.7423996551    2.1635921037    0.6696000499
   3.6393138042    2.3680506915    0.6696000499
   3.5192600217    2.5630304240    0.6696000499
   3.3831032978    2.7471264677    0.6696000499
   3.2318246449    2.9190124066    0.6696000499
   3.0665140292    3.0774497983    0.6696000499
   2.8883625174    3.2212970980    0.6696000499
   2.6986536952    3.3495178824    0.6696000499
   2.4987544190    3.4611883180    0.6696000499
   2.2901049678    3.5555038166    0.6696000499
   2.0742086655    3.6317848329    0.6696000499
   1.8526210500    3.6894817605    0.6696000499
   1.6269386652    3.7281788917    0.6696000499
   1.3987875578    3.7475974127    0.6696000499
   1.1698115617    3.7475974127    0.6696000499
   0.9416604543    3.7281788917    0.6696000499
   0.7159780694    3.6894817605    0.6696000499
   0.4943904540    3.6317848329    0.6696000499
   0.2784941517    3.5555038166    0.6696000499
   0.0698447005    3.4611883180    0.6696000499
   3.7423996551   -0.0586704973    0.6696000499
   3.8277748385    0.1537938169    0.6696000499
   3.8948242242    0.3727330474    0.6696000499
   3.9430647199    0.5965697320    0.6696000499
   3.9721487517    0.8236911222    0.6696000499
   3.9818667685    1.0524608032    0.4404175526
   3.9721487517    1.2812304841    0.4404175526
   3.9430647199    1.5083518743    0.4404175526
   3.8948242242    1.7321885589    0.4404175526
   3.8277748385    1.9511277894    0.4404175526
   3.7423996551    2.1635921037    0.4404175526
   3.6393138042    2.3680506915    0.4404175526
   3.5192600217    2.5630304240    0.4404175526
   3.3831032978    2.7471264677    0.4404175526
   3.2318246449    2.9190124066    0.4404175526
   3.0665140292    3.0774497983    0.4404175526
   2.8883625174    3.2212970980    0.4404175526
   2.6986536952    3.3495178824    0.4404175526
   2.4987544190    3.4611883180    0.4404175526
   2.2901049678    3.5555038166    0.4404175526
   2.0742086655    3.6317848329    0.4404175526
   1.8526210500    3.6894817605    0.4404175526
   1.6269386652    3.7281788917    0.4404175526
   1.3987875578    3.7475974127    0.4404175526
   1.1698115617    3.7475974127    0.4404175526
   0.9416604543    3.7281788917    0.4404175526
   0.7159780694    3.6894817605    0.4404175526
   0.4943904540    3.6317848329    0.4404175526
   0.2784941517    3.5555038166    0.4404175526
   0.0698447005    3.4611883180    0.4404175526
   3.7423996551   -0.0586704973    0.4404175526
   3.8277748385    0.1537938169    0.4404175526
   3.8948242242    0.3727330474    0.4404175526
   3.9430647199    0.5965697320    0.4404175526
   3.9721487517    0.8236911222    0.4404175526
   3.9624307349    1.0524608032    0.2120606879
   3.9527827367    1.2795821933    0.2120606879
   3.9239082560    1.5050671687    0.2120606879
   3.8760153342    1.7272911048    0.2120606879
   3.8094490408    1.9446528732    0.2120606879
   3.7246889876    2.1555863772    0.2120606879
   3.6223458726    2.3585718362    0.2120606879
   3.5031570803    2.5521467352    0.2120606879
   3.3679813688    2.7349163628    0.2120606879
   3.2177926821    2.9055638595    0.2120606879
   3.0536731331    3.0628597062    0.2120606879
   2.8768052070    3.2056705828    0.2120606879
   2.6884632412    3.3329675335    0.2120606879
   2.4900042439    3.4438333810    0.2120606879
   2.2828581168    3.5374693343    0.2120606879
   2.0685173523    3.6132007442    0.2120606879
   1.8485262807    3.6704819641    0.2120606879
   1.6244699426    3.7089002815    0.2120606879
   1.3979626691    3.7281788917    0.2120606879
   1.1706364503    3.7281788917    0.2120606879
   0.9441291769    3.7089002815    0.2120606879
   0.7200728388    3.6704819641    0.2120606879
   0.5000817672    3.6132007442    0.2120606879
   0.2857410027    3.5374693343    0.2120606879
   0.0785948755    3.4438333810    0.2120606879
   3.8094490408    0.1602687332    0.2120606879
   3.8760153342    0.3776305015    0.2120606879
   3.9239082560    0.5998544376    0.2120606879
   3.9527827367    0.8253394130    0.2120606879
   3.9236987049    1.0524608032   -0.0138252277
   3.9139281110    1.2793562195   -0.0138252277
   3.8846886673    1.5045717815   -0.0138252277
   3.8361968525    1.7264400720   -0.0138252277
   3.7688116829    1.9433184558   -0.0138252277
   3.6830320548    2.1536012413   -0.0138252277
   3.5794930506    2.3557315682   -0.0138252277
   3.4589612368    2.5482129343   -0.0138252277
   3.3223289888    2.7296202749   -0.0138252277
   3.1706078839    2.8986105137   -0.0138252277
   3.0049212122    3.0539325058   -0.0138252277
   2.8264956597    3.1944363018   -0.0138252277
   2.6366522269    3.3190816605   -0.0138252277
   2.4367964481    3.4269457515   -0.0138252277
   2.2284079855    3.5172299866   -0.0138252277
   2.0130296745    3.5892659331   -0.0138252277
   1.7922561007    3.6425202619   -0.0138252277
   1.5677217943    3.6765986967   -0.0138252277
   1.3410891289    3.6912489326   -0.0138252277
   1.1140360134    3.6863625045   -0.0138252277
   0.8882434696    3.6619755897   -0.0138252277
   0.6653831866    3.6182687403   -0.0138252277
   0.4471051438    3.5555655467   -0.0138252277
   0.2350253956    3.4743302414   -0.0138252277
   3.7688116829    0.1616031505   -0.0138252277
   3.8361968525    0.3784815343   -0.0138252277
   3.8846886673    0.6003498248   -0.0138252277
   3.9139281110    0.8255653869   -0.0138252277
   3.8659497435    1.0524608032   -0.2356126812
   3.8558472870    1.2806273164   -0.2356126812
   3.8256189829    1.5070081174   -0.2356126812
   3.7755014087    1.7298314693   -0.2356126812
   3.7058868023    1.9473534774   -0.2356126812
   3.6173199924    2.1578717369   -0.2356126812
   3.5104941344    2.3597386571   -0.2356126812
   3.3862452854    2.5513743556   -0.2356126812
   3.2455458613    2.7312790233   -0.2356126812
   3.0894970256    2.8980446621   -0.2356126812
   2.9193200723    3.0503661050   -0.2356126812
   2.7363468665    3.1870512300   -0.2356126812
   2.5420094219    3.3070302907   -0.2356126812
   2.3378286923    3.4093642883   -0.2356126812
   2.1254026688    3.4932523206   -0.2356126812
   1.9063938731    3.5580378498   -0.2356126812
   1.6825163459    3.6032138415   -0.2356126812
   1.4555222324    3.6284267323   -0.2356126812
   1.2271880694    3.6334791970   -0.2356126812
   0.9993008812    3.6183316933   -0.2356126812
   0.7736441941    3.5831027709   -0.2356126812
   0.5519840776    3.5280681440   -0.2356126812
   0.3360553226    3.4536585331   -0.2356126812
   3.7755014087    0.3750901370   -0.2356126812
   3.8256189829    0.5979134889   -0.2356126812
   3.8558472870    0.8242942899   -0.2356126812
   3.7895999334    1.0524608032   -0.4517036888
   3.7792200795    1.2802799477   -0.4517036888
   3.7481665284    1.5062113110   -0.4517036888
   3.6966965996    1.7283827548   -0.4517036888
   3.6252367892    1.9449532963   -0.4517036888
   3.5343792356    2.1541283640   -0.4517036888
   3.4248768132    2.3541746674   -0.4517036888
   3.2976368936    2.5434345596   -0.4517036888
   3.1537138267    2.7203397738   -0.4517036888
   2.9943002045    2.8834244176   -0.4517036888
   2.8207169784    3.0313371202   -0.4517036888
   2.6344025137    3.1628522304   -0.4517036888
   2.4369006707    3.2768799726   -0.4517036888
   2.2298480119    3.3724754771   -0.4517036888
   2.0149602408    3.4488466092   -0.4517036888
   1.7940179853    3.5053605339   -0.4517036888
   1.5688520423    3.5415489589   -0.4517036888
   1.3413282078    3.5571120156   -0.4517036888
   1.1133318160    3.5519207434   -0.4517036888
   0.8867521168    3.5260181591   -0.4517036888
   0.6634666209    3.4796188995   -0.4517036888
   0.4453255422    3.4131074435   -0.4517036888
   3.7481665284    0.5987102953   -0.4517036888
   3.7792200795    0.8246416586   -0.4517036888
   3.6951993767    1.0524608032   -0.6605413098
   3.6842826357    1.2816314006   -0.6605413098
   3.6516312763    1.5087265936   -0.6605413098
   3.5975409942    1.7316897729   -0.6605413098
   3.5225016396    1.9485017495   -0.6605413098
   3.4271927802    2.1571990405   -0.6605413098
   3.3124775481    2.3558916510   -0.6605413098
   3.1793948220    2.5427801899   -0.6605413098
   3.0291498198    2.7161721657   -0.6605413098
   2.8631031834    2.8744973137   -0.6605413098
   2.6827586569    3.0163218169   -0.6605413098
   2.4897494682    3.1403612907   -0.6605413098
   2.2858235386    3.2454924143   -0.6605413098
   2.0728276526    3.3307631041   -0.6605413098
   1.8526907342    3.3954011354   -0.6605413098
   1.6274063773    3.4388211363   -0.6605413098
   1.3990147919    3.4606298884   -0.6605413098
   1.1695843276    3.4606298884   -0.6605413098
   0.9411927422    3.4388211363   -0.6605413098
   0.7159083853    3.3954011354   -0.6605413098
   0.4957714668    3.3307631041   -0.6605413098
   3.6516312763    0.5961950128   -0.6605413098
   3.6842826357    0.8232902058   -0.6605413098
   3.5834282316    1.0524608032   -0.8606208644
   3.5720033448    1.2813800941   -0.8606208644
   3.5378422299    1.5080242822   -0.8606208644
   3.4812843956    1.7301408758   -0.8606208644
   3.4028919389    1.9455223804   -0.8606208644
   3.3034439593    2.1520282378   -0.8606208644
   3.1839288156    2.3476061001   -0.8606208644
   3.0455343028    2.5303122265   -0.8606208644
   2.8896358480    2.6983308015   -0.8606208644
   2.7177828398    2.8499919811   -0.8606208644
   2.5316832308    2.9837884882   -0.8606208644
   2.3331865625    3.0983905931   -0.8606208644
   2.1242655839    3.1926593286   -0.8606208644
   1.9069966455    3.2656578096   -0.8606208644
   1.6835390638    3.3166605444   -0.8606208644
   1.4561136606    3.3451606450   -0.8606208644
   1.2269806915    3.3508748645   -0.8606208644
   0.9984173832    3.3337464124   -0.8606208644
   0.7726953004    3.2939455191   -0.8606208644
   0.5520577705    3.2318677436   -0.8606208644
   3.5720033448    0.8235415123   -0.8606208644
   3.4550918117    1.0524608032   -1.0505007748
   3.4431999846    1.2793703813   -1.0505007748
   3.4076547927    1.5037938907   -1.0505007748
   3.3488456765    1.7232725003   -1.0505007748
   3.2674169610    1.9354015566   -1.0505007748
   3.1642607963    2.1378569292   -1.0505007748
   3.0405073829    2.3284204747   -1.0505007748
   2.8975125890    2.5050043390   -1.0505007748
   2.7368430956    2.6656738324   -1.0505007748
   2.5602592312    2.8086686263   -1.0505007748
   2.3696956857    2.9324220397   -1.0505007748
   2.1672403131    3.0355782045   -1.0505007748
   1.9551112569    3.1170069199   -1.0505007748
   1.7356326473    3.1758160361   -1.0505007748
   1.5112091379    3.2113612281   -1.0505007748
   1.2842995597    3.2232530552   -1.0505007748
   1.0573899816    3.2113612281   -1.0505007748
   0.8329664722    3.1758160361   -1.0505007748
   0.6134878626    3.1170069199   -1.0505007748
   3.2983705952    1.2793921079   -1.2288129519
   3.2602982946    1.5034696198   -1.2288129519
   3.1973766635    1.7218754342   -1.2288129519
   3.1103969777    1.9318629711   -1.2288129519
   3.0004530574    2.1307915156   -1.2288129519
   2.8689275111    2.3161594257   -1.2288129519
   2.7174743490    2.4856355924   -1.2288129519
   2.5479981823    2.6370887546   -1.2288129519
   2.3626302722    2.7686143008   -1.2288129519
   2.1637017277    2.8785582211   -1.2288129519
   1.9537141907    2.9655379069   -1.2288129519
   1.7353083764    3.0284595381   -1.2288129519
   1.5112308645    3.0665318386   -1.2288129519
   1.2842995597    3.0792760273   -1.2288129519
   1.0573682550    3.0665318386   -1.2288129519
   0.8332907431    3.0284595381   -1.2288129519
   0.6148849287    2.9655379069   -1.2288129519
   3.0961080864    1.5081489389   -1.3942726524
   3.0263767651    1.7273451080   -1.3942726524
   2.9302373292    1.9363107189   -1.3942726524
   2.8091471544    2.1318780660   -1.3942726524
   2.6649418445    2.3110825478   -1.3942726524
   2.4998074048    2.4712076068   -1.3942726524
   2.3162471053    2.6098259105   -1.3942726524
   2.1170435329    2.7248361467   -1.3942726524
   1.9052164107    2.8144948773   -1.3942726524
   1.6839768219    2.8774429676   -1.3942726524
   1.4566785333    2.9127261885   -1.3942726524
   1.2267671552    2.9198096824   -1.3942726524
   0.9977279096    2.8985860708   -1.3942726524
   0.7730327982    2.8493770819   -1.3942726524
   2.9202263806    1.5005874567   -1.5456877354
   2.8459003669    1.7146367465   -1.5456877354
   2.7437075498    1.9168694909   -1.5456877354
   2.6154715625    2.1036768418   -1.5456877354
   2.4634807793    2.2717252176   -1.5456877354
   2.2904474793    2.4180157910   -1.5456877354
   2.0994594459    2.5399380033   -1.5456877354
   1.8939248649    2.6353161497   -1.5456877354
   1.6775115060    2.7024482050   -1.5456877354
   1.4540812706    2.7401361960   -1.5456877354
   1.2276212765    2.7477075796   -1.5456877354
   1.0021727077    2.7250272444   -1.5456877354
   0.7817586993    2.6724999213   -1.5456877354
   2.5209530707    1.9223034512   -1.6819672517
   2.3736791580    2.1008835373   -1.6819672517
   2.2008711108    2.2548894830   -1.6819672517
   2.0065794034    2.3807115197   -1.6819672517
   1.7953580686    2.4754004853   -1.6819672517
   1.5721579555    2.5367369508   -1.6819672517
   1.3422106855    2.5632832414   -1.6819672517
   1.1109060279    2.5544171346   -1.6819672517
   1.9426877339    2.1928225719   -1.8021293043
   1.7346635951    2.2898258209   -1.8021293043
   1.2567879697   -1.1482106479    3.1089281412
   1.4857639658   -1.1482106479    3.0992013602
   1.3712759678   -0.9499116184    3.0992013602
   1.1422999717   -0.9499116184    3.0992013602
   1.0278119736   -1.1482106479    3.0992013602
   1.1422999717   -1.3465096773    3.0992013602
   1.3712759678   -1.3465096773    3.0992013602
   1.7130901846   -1.1482106479    3.0700910991
   1.6519572796   -0.9200595404    3.0700910991
   1.4849390772   -0.7530413380    3.0700910991
   1.2567879697   -0.6919084330    3.0700910991
   1.0286368623   -0.7530413380    3.0700910991
   0.8616186598   -0.9200595404    3.0700910991
   0.8004857549   -1.1482106479    3.0700910991
   0.8616186598   -1.3763617553    3.0700910991
   1.0286368623   -1.5433799578    3.0700910991
   1.2567879697   -1.6045128627    3.0700910991
   1.4849390772   -1.5433799578    3.0700910991
   1.6519572796   -1.3763617553    3.0700910991
   1.9371287355   -1.1482106479    3.0218070979
   1.8960991669   -0.9155204017    3.0218070979
   1.7779592327   -0.7108960333    3.0218070979
   1.5969583526   -0.5590182615    3.0218070979
   1.3749279039   -0.4782057871    3.0218070979
   1.1386480356   -0.4782057871    3.0218070979
   0.9166175869   -0.5590182615    3.0218070979
   0.7356167067   -0.7108960333    3.0218070979
   0.6174767725   -0.9155204017    3.0218070979
   0.5764472040   -1.1482106479    3.0218070979
   0.6174767725   -1.3809008941    3.0218070979
   0.7356167067   -1.5855252625    3.0218070979
   0.9166175869   -1.7374030342    3.0218070979
   1.1386480356   -1.8182155087    3.0218070979
   1.3749279039   -1.8182155087    3.0218070979
   1.5969583526   -1.7374030342    3.0218070979
   1.7779592327   -1.5855252625    3.0218070979
   1.8960991669   -1.3809008941    3.0218070979
   2.1562654155   -1.1482106479    2.9546972439
   2.1256164648   -0.9154087543    2.9546972439
   2.0357582879   -0.6984719250    2.9546972439
   1.8928145712   -0.5121840464    2.9546972439
   1.7065266926   -0.3692403297    2.9546972439
   1.4895898633   -0.2793821528    2.9546972439
   1.2567879697   -0.2487332021    2.9546972439
   1.0239860761   -0.2793821528    2.9546972439
   0.8070492468   -0.3692403297    2.9546972439
   0.6207613683   -0.5121840464    2.9546972439
   0.4778176515   -0.6984719250    2.9546972439
   0.3879594747   -0.9154087543    2.9546972439
   0.3573105239   -1.1482106479    2.9546972439
   0.3879594747   -1.3810125415    2.9546972439
   0.4778176515   -1.5979493708    2.9546972439
   0.6207613683   -1.7842372493    2.9546972439
   0.8070492468   -1.9271809661    2.9546972439
   1.0239860761   -2.0170391429    2.9546972439
   1.2567879697   -2.0476880937    2.9546972439
   1.4895898633   -2.0170391429    2.9546972439
   1.7065266926   -1.9271809661    2.9546972439
   1.8928145712   -1.7842372493    2.9546972439
   2.0357582879   -1.5979493708    2.9546972439
   2.1256164648   -1.3810125415    2.9546972439
   2.3689213400   -1.1482106479    2.8692450652
   2.3446185575   -0.9169851185    2.8692450652
   2.2727723584   -0.6958652542    2.8692450652
   2.1565227663   -0.4945150543    2.8692450652
   2.0009504461   -0.3217344885    2.8692450652
   0.1689573819   -1.3794361773    2.8692450652
   0.2408035810   -1.6005560416    2.8692450652
   0.3570531732   -1.8019062415    2.8692450652
   0.5126254933   -1.9746868072    2.8692450652
   0.7007212846   -2.1113463989    2.8692450652
   0.9131198583   -2.2059123367    2.8692450652
   1.1405383776   -2.2542516352    2.8692450652
   1.3730375619   -2.2542516352    2.8692450652
   1.6004560811   -2.2059123367    2.8692450652
   1.8128546548   -2.1113463989    2.8692450652
   2.0009504461   -1.9746868072    2.8692450652
   2.1565227663   -1.8019062415    2.8692450652
   2.2727723584   -1.6005560416    2.8692450652
   2.3446185575   -1.3794361773    2.8692450652
   2.5735643180   -1.1482106479    2.7660662467
   2.5535595265   -0.9195548346    2.7660662467
   2.4941529874   -0.6978466125    2.7660662467
   2.3971497384   -0.4898224737    2.7660662467
   2.2654971742   -0.3018031265    2.7660662467
   0.0194229520   -1.5985746833    2.7660662467
   0.1164262010   -1.8065988220    2.7660662467
   0.2480787653   -1.9946181693    2.7660662467
   0.4103804483   -2.1569198523    2.7660662467
   0.5983997956   -2.2885724166    2.7660662467
   0.8064239343   -2.3855756656    2.7660662467
   1.0281321564   -2.4449822047    2.7660662467
   1.2567879697   -2.4649869962    2.7660662467
   1.4854437830   -2.4449822047    2.7660662467
   1.7071520051   -2.3855756656    2.7660662467
   1.9151761439   -2.2885724166    2.7660662467
   2.1031954911   -2.1569198523    2.7660662467
   2.2654971742   -1.9946181693    2.7660662467
   2.3971497384   -1.8065988220    2.7660662467
   2.4941529874   -1.5985746833    2.7660662467
   2.5535595265   -1.3768664612    2.7660662467
   2.7687198923   -1.1482106479    2.6459041941
   2.7510006909   -0.9174153221    2.6459041941
   2.6982584097   -0.6920296432    2.6459041941
   2.6117292832   -0.4773364603    2.6459041941
   2.4934414807   -0.2783679998    2.6459041941
  -0.0428227588   -1.9208361024    2.6459041941
   0.0903488508   -2.1101659069    2.6459041941
   0.2508608047   -2.2769482955    2.6459041941
   0.4349508388   -2.4172740304    2.6459041941
   0.6383040387   -2.5278539951    2.6459041941
   0.8561539777   -2.6060962891    2.6459041941
   1.0833944379   -2.6501669793    2.6459041941
   1.3146990955   -2.6590330862    2.6459041941
   1.5446463654   -2.6324867955    2.6459041941
   1.7678464786   -2.5711503300    2.6459041941
   1.9790678134   -2.4764613644    2.6459041941
   2.1733595208   -2.3506393278    2.6459041941
   2.3461675680   -2.1966333820    2.6459041941
   2.4934414807   -2.0180532959    2.6459041941
   2.6117292832   -1.8190848354    2.6459041941
   2.6982584097   -1.6043916526    2.6459041941
   2.7510006909   -1.3790059736    2.6459041941
   2.9529819624   -1.1482106479    2.5096246778
   2.9378476514   -0.9221301149    2.5096246778
   2.8927147906   -0.7000839943    2.5096246778
   2.8183887769   -0.4860347045    2.5096246778
   2.7161959598   -0.2838019601    2.5096246778
  -0.2570971180   -1.9132113027    2.5096246778
  -0.1416248523   -2.1081667095    2.5096246778
  -0.0011978766   -2.2859916775    2.5096246778
   0.1616778864   -2.4435129162    2.5096246778
   0.3440959147   -2.5779194551    2.5096246778
   0.5428009544   -2.6868128066    2.5096246778
   0.7542471092   -2.7682497661    2.5096246778
   0.9746611177   -2.8207770891    2.5096246778
   1.2001096865   -2.8434574243    2.5096246778
   1.4265696805   -2.8358860407    2.5096246778
   1.6499999160   -2.7981980497    2.5096246778
   1.8664132749   -2.7310659944    2.5096246778
   2.0719478559   -2.6356878480    2.5096246778
   2.2629358893   -2.5137656357    2.5096246778
   2.4359691893   -2.3674750623    2.5096246778
   2.5879599725   -2.1994266865    2.5096246778
   2.7161959598   -2.0126193356    2.5096246778
   2.8183887769   -1.8103865912    2.5096246778
   2.8927147906   -1.5963373014    2.5096246778
   2.9378476514   -1.3742911809    2.5096246778
   3.1250229160   -1.1482106479    2.3582095949
   3.1108626473   -0.9186264488    2.3582095949
   3.0685964964   -0.6925225121    2.3582095949
   2.9988651751   -0.4733263431    2.3582095949
   2.9027257391   -0.2643607322    2.3582095949
  -0.3316173951   -2.1317096114    2.3582095949
  -0.1987175855   -2.3194516107    2.3582095949
  -0.0437537954   -2.4894387909    2.3582095949
   0.1309248822   -2.6390943196    2.3582095949
   0.3226704966   -2.7661495716    2.3582095949
   0.5285763797   -2.8686785187    2.3582095949
   0.7455212082   -2.9451269266    2.3582095949
   0.9702163196   -2.9943359155    2.3582095949
   1.1992555652   -3.0155595271    2.3582095949
   1.4291669433   -3.0084760332    2.3582095949
   1.6564652319   -2.9731928123    2.3582095949
   1.8777048207   -2.9102447221    2.3582095949
   2.0895319429   -2.8205859914    2.3582095949
   2.2887355153   -2.7055757552    2.3582095949
   2.4722958148   -2.5669574515    2.3582095949
   2.6374302545   -2.4068323925    2.3582095949
   2.7816355644   -2.2276279107    2.3582095949
   2.9027257391   -2.0320605636    2.3582095949
   2.9988651751   -1.8230949527    2.3582095949
   3.0685964964   -1.6038987837    2.3582095949
   3.1108626473   -1.3777948470    2.3582095949
   3.2836031939   -1.1482106479    2.1927498943
   3.2708590052   -0.9212793431    2.1927498943
   3.2327867046   -0.6972018312    2.1927498943
   3.1698650734   -0.4787960169    2.1927498943
   3.0828853877   -0.2688084799    2.1927498943
  -0.4593655280   -2.2265413603    2.1927498943
  -0.3278399817   -2.4119092704    2.1927498943
  -0.1763868195   -2.5813854371    2.1927498943
  -0.0069106528   -2.7328385993    2.1927498943
   0.1784572573   -2.8643641456    2.1927498943
   0.3773858018   -2.9743080659    2.1927498943
   0.5873733387   -3.0612877516    2.1927498943
   0.8057791531   -3.1242093828    2.1927498943
   1.0298566650   -3.1622816833    2.1927498943
   1.2567879697   -3.1750258721    2.1927498943
   1.4837192745   -3.1622816833    2.1927498943
   1.7077967864   -3.1242093828    2.1927498943
   1.9262026007   -3.0612877516    2.1927498943
   2.1361901377   -2.9743080659    2.1927498943
   2.3351186822   -2.8643641456    2.1927498943
   2.5204865923   -2.7328385993    2.1927498943
   2.6899627590   -2.5813854371    2.1927498943
   2.8414159211   -2.4119092704    2.1927498943
   2.9729414674   -2.2265413603    2.1927498943
   3.0828853877   -2.0276128158    2.1927498943
   3.1698650734   -1.8176252789    2.1927498943
   3.2327867046   -1.5992194645    2.1927498943
   3.2708590052   -1.3751419526    2.1927498943
   3.4275802217   -1.1482106479    2.0144377172
   3.4156883946   -0.9213010697    2.0144377172
   3.3801432027   -0.6968775604    2.0144377172
   3.3213340865   -0.4773989508    2.0144377172
   3.2399053710   -0.2652698945    2.0144377172
  -0.4994198534   -2.4241703194    2.0144377172
  -0.3564250595   -2.6007541837    2.0144377172
  -0.1957555661   -2.7614236771    2.0144377172
  -0.0191717018   -2.9044184710    2.0144377172
   0.1713918437   -3.0281718844    2.0144377172
   0.3738472163   -3.1313280492    2.0144377172
   0.5859762726   -3.2127567647    2.0144377172
   0.8054548822   -3.2715658809    2.0144377172
   1.0298783915   -3.3071110728    2.0144377172
   1.2567879697   -3.3190028999    2.0144377172
   1.4836975479   -3.3071110728    2.0144377172
   1.7081210572   -3.2715658809    2.0144377172
   1.9275996668   -3.2127567647    2.0144377172
   2.1397287231   -3.1313280492    2.0144377172
   2.3421840957   -3.0281718844    2.0144377172
   2.5327476412   -2.9044184710    2.0144377172
   2.7093315056   -2.7614236771    2.0144377172
   2.8700009990   -2.6007541837    2.0144377172
   3.0129957928   -2.4241703194    2.0144377172
   3.1367492063   -2.2336067739    2.0144377172
   3.2399053710   -2.0311514013    2.0144377172
   3.3213340865   -1.8190223450    2.0144377172
   3.3801432027   -1.5995437354    2.0144377172
   3.4156883946   -1.3751202261    2.0144377172
   3.5559166416   -1.1482106479    1.8245578068
   3.5444917548   -0.9192913570    1.8245578068
   3.5103306399   -0.6926471688    1.8245578068
   3.4537728056   -0.4705305752    1.8245578068
   3.3753803489   -0.2551490706    1.8245578068
  -0.5759222329   -2.5364346799    1.8245578068
  -0.4285926068   -2.7120152911    1.8245578068
  -0.2645129113   -2.8720541093    1.8245578068
  -0.0853138441   -3.0149605966    1.8245578068
   0.1072236338   -3.1393144843    1.8245578068
   0.3111859985   -3.2438798875    1.8245578068
   0.5245461805   -3.3276175883    1.8245578068
   0.7451837104   -3.3896953638    1.8245578068
   0.9709057932   -3.4294962571    1.8245578068
   1.1994691015   -3.4466247092    1.8245578068
   1.4286020705   -3.4409104897    1.8245578068
   1.6560274738   -3.4124103891    1.8245578068
   1.8794850555   -3.3614076543    1.8245578068
   2.0967539939   -3.2884091733    1.8245578068
   2.3056749725   -3.1941404378    1.8245578068
   2.5041716408   -3.0795383329    1.8245578068
   2.6902712498   -2.9457418258    1.8245578068
   2.8621242579   -2.7940806463    1.8245578068
   3.0180227128   -2.6260620712    1.8245578068
   3.1564172256   -2.4433559448    1.8245578068
   3.2759323693   -2.2477780826    1.8245578068
   3.3753803489   -2.0412722251    1.8245578068
   3.4537728056   -1.8258907206    1.8245578068
   3.5103306399   -1.6037741269    1.8245578068
   3.5444917548   -1.3771299388    1.8245578068
   3.6676877867   -1.1482106479    1.6244782522
   3.6567710457   -0.9190400505    1.6244782522
   3.6241196863   -0.6919448575    1.6244782522
   3.5700294042   -0.4689816781    1.6244782522
   3.4949900495   -0.2521697015    1.6244782522
  -0.6383072926   -2.6385300346    1.6244782522
  -0.4880622903   -2.8119220104    1.6244782522
  -0.3220156539   -2.9702471584    1.6244782522
  -0.1416711274   -3.1120716616    1.6244782522
   0.0513380612   -3.2361111354    1.6244782522
   0.2552639909   -3.3412422590    1.6244782522
   0.4682598768   -3.4265129488    1.6244782522
   0.6883967952   -3.4911509801    1.6244782522
   0.9136811522   -3.5345709810    1.6244782522
   1.1420727376   -3.5563797331    1.6244782522
   1.3715032019   -3.5563797331    1.6244782522
   1.5998947873   -3.5345709810    1.6244782522
   1.8251791442   -3.4911509801    1.6244782522
   2.0453160626   -3.4265129488    1.6244782522
   2.2583119485   -3.3412422590    1.6244782522
   2.4622378782   -3.2361111354    1.6244782522
   2.6552470669   -3.1120716616    1.6244782522
   2.8355915934   -2.9702471584    1.6244782522
   3.0016382297   -2.8119220104    1.6244782522
   3.1518832320   -2.6385300346    1.6244782522
   3.2849659581   -2.4516414957    1.6244782522
   3.3996811902   -2.2529488853    1.6244782522
   3.4949900495   -2.0442515942    1.6244782522
   3.5700294042   -1.8274396176    1.6244782522
   3.6241196863   -1.6044764383    1.6244782522
   3.6567710457   -1.3773812453    1.6244782522
   3.7620883434   -1.1482106479    1.4156406312
   3.7517084895   -0.9203915034    1.4156406312
   3.7206549383   -0.6944601400    1.4156406312
   3.6691850096   -0.4722886963    1.4156406312
   3.5977251991   -0.2557181547    1.4156406312
  -0.5347761313   -2.8994467926    1.4156406312
  -0.3681049814   -3.0551067803    1.4156406312
  -0.1879694568   -3.1949656261    1.4156406312
   0.0041377829   -3.3178644156    1.4156406312
   0.2066248765   -3.4227847707    1.4156406312
   0.4178139522   -3.5088572882    1.4156406312
   0.6359550309   -3.5753687442    1.4156406312
   0.8592405268   -3.6217680038    1.4156406312
   1.0858202260   -3.6476705882    1.4156406312
   1.3138166178   -3.6528618603    1.4156406312
   1.5413404523   -3.6372988036    1.4156406312
   1.7665063953   -3.6011103786    1.4156406312
   1.9874486508   -3.5445964540    1.4156406312
   2.2023364219   -3.4682253218    1.4156406312
   2.4093890807   -3.3726298173    1.4156406312
   2.6068909237   -3.2586020751    1.4156406312
   2.7932053884   -3.1270869649    1.4156406312
   2.9667886145   -2.9791742623    1.4156406312
   3.1262022367   -2.8160896185    1.4156406312
   3.2701253036   -2.6391844044    1.4156406312
   3.3973652232   -2.4499245121    1.4156406312
   3.5068676456   -2.2498782087    1.4156406312
   3.5977251991   -2.0407031411    1.4156406312
   3.6691850096   -1.8241325995    1.4156406312
   3.7206549383   -1.6019611557    1.4156406312
   3.7517084895   -1.3760297924    1.4156406312
   3.8384381535   -1.1482106479    1.1995496236
   3.8283356970   -0.9200441346    1.1995496236
   3.7981073929   -0.6936633336    1.1995496236
   3.7479898187   -0.4708399817    1.1995496236
   3.6783752122   -0.2533179737    1.1995496236
  -0.4650062660   -3.0718380237    1.1995496236
  -0.2882581902   -3.2164828822    1.1995496236
  -0.0994180332   -3.3449407062    1.1995496236
   0.1000362745   -3.4562061390    1.1995496236
   0.3085437326   -3.5494083778    1.1995496236
   0.5244724875   -3.6238179887    1.1995496236
   0.7461326041   -3.6788526156    1.1995496236
   0.9717892912   -3.7140815380    1.1995496236
   1.1996764794   -3.7292290417    1.1995496236
   1.4280106424   -3.7241765770    1.1995496236
   1.6550047559   -3.6989636862    1.1995496236
   1.8788822831   -3.6537876946    1.1995496236
   2.0978910788   -3.5890021653    1.1995496236
   2.3103171023   -3.5051141330    1.1995496236
   2.5144978319   -3.4027801354    1.1995496236
   2.7088352765   -3.2828010747    1.1995496236
   2.8918084823   -3.1461159497    1.1995496236
   3.0619854356   -2.9937945069    1.1995496236
   3.2180342713   -2.8270288680    1.1995496236
   3.3587336954   -2.6471242003    1.1995496236
   3.4829825444   -2.4554885018    1.1995496236
   3.5898084024   -2.2536215816    1.1995496236
   3.6783752122   -2.0431033221    1.1995496236
   3.7479898187   -1.8255813140    1.1995496236
   3.7981073929   -1.6027579621    1.1995496236
   3.8283356970   -1.3763771612    1.1995496236
   3.8961871149   -1.1482106479    0.9777621702
   3.8864165210   -0.9213152316    0.9777621702
   3.8571770773   -0.6960996696    0.9777621702
   3.8086852624   -0.4742313790    0.9777621702
   3.7413000929   -0.2573529952    0.9777621702
  -0.3761328032   -3.2218542038    0.9777621702
  -0.1918276652   -3.3545516437    0.9777621702
   0.0032025161   -3.4709141068    0.9777621702
   0.2075138055   -3.5700800861    0.9777621702
   0.4195935538   -3.6513153915    0.9777621702
   0.6378715965   -3.7140185851    0.9777621702
   0.8607318796   -3.7577254344    0.9777621702
   1.0865244234   -3.7821123492    0.9777621702
   1.3135775389   -3.7869987774    0.9777621702
   1.5402102043   -3.7723485414    0.9777621702
   1.7647445107   -3.7382701067    0.9777621702
   1.9855180845   -3.6850157778    0.9777621702
   2.2008963955   -3.6129798314    0.9777621702
   2.4092848581   -3.5226955962    0.9777621702
   2.6091406369   -3.4148315052    0.9777621702
   2.7989840697   -3.2901861465    0.9777621702
   2.9774096222   -3.1496823505    0.9777621702
   3.1430962939   -2.9943603584    0.9777621702
   3.2948173988   -2.8253701197    0.9777621702
   3.4314496468   -2.6439627790    0.9777621702
   3.5519814606   -2.4514814129    0.9777621702
   3.6555204648   -2.2493510860    0.9777621702
   3.7413000929   -2.0390683005    0.9777621702
   3.8086852624   -1.8221899167    0.9777621702
   3.8571770773   -1.6003216262    0.9777621702
   3.8864165210   -1.3751060642    0.9777621702
   3.9349191449   -1.1482106479    0.7518762545
   3.9252711467   -0.9210892577    0.7518762545
   3.8963966660   -0.6956042823    0.7518762545
   3.8485037442   -0.4733803462    0.7518762545
   3.7819374508   -0.2560185779    0.7518762545
  -0.3357176775   -3.3014204275    0.7518762545
  -0.1473757118   -3.4287173782    0.7518762545
   0.0510832855   -3.5395832257    0.7518762545
   0.2582294127   -3.6332191790    0.7518762545
   0.4725701772   -3.7089505889    0.7518762545
   0.6925612488   -3.7662318088    0.7518762545
   0.9166175869   -3.8046501262    0.7518762545
   1.1431248603   -3.8239287364    0.7518762545
   1.3704510791   -3.8239287364    0.7518762545
   1.5969583526   -3.8046501262    0.7518762545
   1.8210146907   -3.7662318088    0.7518762545
   2.0410057623   -3.7089505889    0.7518762545
   2.2553465267   -3.6332191790    0.7518762545
   2.4624926539   -3.5395832257    0.7518762545
   2.6609516512   -3.4287173782    0.7518762545
   2.8492936170   -3.3014204275    0.7518762545
   3.0261615431   -3.1586095509    0.7518762545
   3.1902810921   -3.0013137042    0.7518762545
   3.3404697788   -2.8306662075    0.7518762545
   3.4756454903   -2.6478965800    0.7518762545
   3.5948342826   -2.4543216809    0.7518762545
   3.6971773976   -2.2513362219    0.7518762545
   3.7819374508   -2.0404027179    0.7518762545
   3.8485037442   -1.8230409495    0.7518762545
   3.8963966660   -1.6008170134    0.7518762545
   3.9252711467   -1.3753320381    0.7518762545
   3.9543551785   -1.1482106479    0.5235193898
   3.9446371617   -0.9194409669    0.5235193898
   3.9155531299   -0.6923195767    0.5235193898
   3.8673126342   -0.4684828922    0.5235193898
   3.8002632485   -0.2495436617    0.5235193898
  -0.1575661657   -3.4452677271    0.5235193898
   0.0423331104   -3.5569381627    0.5235193898
   0.2509825617   -3.6512536613    0.5235193898
   0.4668788639   -3.7275346776    0.5235193898
   0.6884664794   -3.7852316052    0.5235193898
   0.9141488642   -3.8239287364    0.5235193898
   1.1422999717   -3.8433472574    0.5235193898
   1.3712759678   -3.8433472574    0.5235193898
   1.5994270752   -3.8239287364    0.5235193898
   1.8251094600   -3.7852316052    0.5235193898
   2.0466970755   -3.7275346776    0.5235193898
   2.2625933778   -3.6512536613    0.5235193898
   2.4712428290   -3.5569381627    0.5235193898
   2.6711421052   -3.4452677271    0.5235193898
   2.8608509274   -3.3170469427    0.5235193898
   3.0390024392   -3.1731996430    0.5235193898
   3.2043130549   -3.0147622513    0.5235193898
   3.3555917078   -2.8428763125    0.5235193898
   3.4917484317   -2.6587802687    0.5235193898
   3.6118022142   -2.4638005362    0.5235193898
   3.7148880651   -2.2593419484    0.5235193898
   3.8002632485   -2.0468776341    0.5235193898
   3.8673126342   -1.8279384036    0.5235193898
   3.9155531299   -1.6041017190    0.5235193898
   3.9446371617   -1.3769803289    0.5235193898
   3.9543551785   -1.1482106479    0.2943368925
   3.9446371617   -0.9194409669    0.2943368925
   3.9155531299   -0.6923195767    0.2943368925
   3.8673126342   -0.4684828922    0.2943368925
   3.8002632485   -0.2495436617    0.2943368925
  -0.1575661657   -3.4452677271    0.2943368925
   0.0423331104   -3.5569381627    0.2943368925
   0.2509825617   -3.6512536613    0.2943368925
   0.4668788639   -3.7275346776    0.2943368925
   0.6884664794   -3.7852316052    0.2943368925
   0.9141488642   -3.8239287364    0.2943368925
   1.1422999717   -3.8433472574    0.2943368925
   1.3712759678   -3.8433472574    0.2943368925
   1.5994270752   -3.8239287364    0.2943368925
   1.8251094600   -3.7852316052    0.2943368925
   2.0466970755   -3.7275346776    0.2943368925
   2.2625933778   -3.6512536613    0.2943368925
   2.4712428290   -3.5569381627    0.2943368925
   2.6711421052   -3.4452677271    0.2943368925
   2.8608509274   -3.3170469427    0.2943368925
   3.0390024392   -3.1731996430    0.2943368925
   3.2043130549   -3.0147622513    0.2943368925
   3.3555917078   -2.8428763125    0.2943368925
   3.4917484317   -2.6587802687    0.2943368925
   3.6118022142   -2.4638005362    0.2943368925
   3.7148880651   -2.2593419484    0.2943368925
   3.8002632485   -2.0468776341    0.2943368925
   3.8673126342   -1.8279384036    0.2943368925
   3.9155531299   -1.6041017190    0.2943368925
   3.9446371617   -1.3769803289    0.2943368925
   3.9349191449   -1.1482106479    0.0659800279
   3.9252711467   -0.9210892577    0.0659800279
   3.8963966660   -0.6956042823    0.0659800279
   3.8485037442   -0.4733803462    0.0659800279
   3.7819374508   -0.2560185779    0.0659800279
  -0.1473757118   -3.4287173782    0.0659800279
   0.0510832855   -3.5395832257    0.0659800279
   0.2582294127   -3.6332191790    0.0659800279
   0.4725701772   -3.7089505889    0.0659800279
   0.6925612488   -3.7662318088    0.0659800279
   0.9166175869   -3.8046501262    0.0659800279
   1.1431248603   -3.8239287364    0.0659800279
   1.3704510791   -3.8239287364    0.0659800279
   1.5969583526   -3.8046501262    0.0659800279
   1.8210146907   -3.7662318088    0.0659800279
   2.0410057623   -3.7089505889    0.0659800279
   2.2553465267   -3.6332191790    0.0659800279
   2.4624926539   -3.5395832257    0.0659800279
   2.6609516512   -3.4287173782    0.0659800279
   2.8492936170   -3.3014204275    0.0659800279
   3.0261615431   -3.1586095509    0.0659800279
   3.1902810921   -3.0013137042    0.0659800279
   3.3404697788   -2.8306662075    0.0659800279
   3.4756454903   -2.6478965800    0.0659800279
   3.5948342826   -2.4543216809    0.0659800279
   3.6971773976   -2.2513362219    0.0659800279
   3.7819374508   -2.0404027179    0.0659800279
   3.8485037442   -1.8230409495    0.0659800279
   3.8963966660   -1.6008170134    0.0659800279
   3.9252711467   -1.3753320381    0.0659800279
   3.8961871149   -1.1482106479   -0.1599058878
   3.8864165210   -0.9213152316   -0.1599058878
   3.8571770773   -0.6960996696   -0.1599058878
   3.8086852624   -0.4742313790   -0.1599058878
   3.7413000929   -0.2573529952   -0.1599058878
   0.0032025161   -3.4709141068   -0.1599058878
   0.2075138055   -3.5700800861   -0.1599058878
   0.4195935538   -3.6513153915   -0.1599058878
   0.6378715965   -3.7140185851   -0.1599058878
   0.8607318796   -3.7577254344   -0.1599058878
   1.0865244234   -3.7821123492   -0.1599058878
   1.3135775389   -3.7869987774   -0.1599058878
   1.5402102043   -3.7723485414   -0.1599058878
   1.7647445107   -3.7382701067   -0.1599058878
   1.9855180845   -3.6850157778   -0.1599058878
   2.2008963955   -3.6129798314   -0.1599058878
   2.4092848581   -3.5226955962   -0.1599058878
   2.6091406369   -3.4148315052   -0.1599058878
   2.7989840697   -3.2901861465   -0.1599058878
   2.9774096222   -3.1496823505   -0.1599058878
   3.1430962939   -2.9943603584   -0.1599058878
   3.2948173988   -2.8253701197   -0.1599058878
   3.4314496468   -2.6439627790   -0.1599058878
   3.5519814606   -2.4514814129   -0.1599058878
   3.6555204648   -2.2493510860   -0.1599058878
   3.7413000929   -2.0390683005   -0.1599058878
   3.8086852624   -1.8221899167   -0.1599058878
   3.8571770773   -1.6003216262   -0.1599058878
   3.8864165210   -1.3751060642   -0.1599058878
   3.8384381535   -1.1482106479   -0.3816933413
   3.8283356970   -0.9200441346   -0.3816933413
   3.7981073929   -0.6936633336   -0.3816933413
   3.7479898187   -0.4708399817   -0.3816933413
   0.1000362745   -3.4562061390   -0.3816933413
   0.3085437326   -3.5494083778   -0.3816933413
   0.5244724875   -3.6238179887   -0.3816933413
   0.7461326041   -3.6788526156   -0.3816933413
   0.9717892912   -3.7140815380   -0.3816933413
   1.1996764794   -3.7292290417   -0.3816933413
   1.4280106424   -3.7241765770   -0.3816933413
   1.6550047559   -3.6989636862   -0.3816933413
   1.8788822831   -3.6537876946   -0.3816933413
   2.0978910788   -3.5890021653   -0.3816933413
   2.3103171023   -3.5051141330   -0.3816933413
   2.5144978319   -3.4027801354   -0.3816933413
   2.7088352765   -3.2828010747   -0.3816933413
   2.8918084823   -3.1461159497   -0.3816933413
   3.0619854356   -2.9937945069   -0.3816933413
   3.2180342713   -2.8270288680   -0.3816933413
   3.3587336954   -2.6471242003   -0.3816933413
   3.4829825444   -2.4554885018   -0.3816933413
   3.5898084024   -2.2536215816   -0.3816933413
   3.6783752122   -2.0431033221   -0.3816933413
   3.7479898187   -1.8255813140   -0.3816933413
   3.7981073929   -1.6027579621   -0.3816933413
   3.8283356970   -1.3763771612   -0.3816933413
   3.7620883434   -1.1482106479   -0.5977843488
   3.7517084895   -0.9203915034   -0.5977843488
   3.7206549383   -0.6944601400   -0.5977843488
   0.2066248765   -3.4227847707   -0.5977843488
   0.4178139522   -3.5088572882   -0.5977843488
   0.6359550309   -3.5753687442   -0.5977843488
   0.8592405268   -3.6217680038   -0.5977843488
   1.0858202260   -3.6476705882   -0.5977843488
   1.3138166178   -3.6528618603   -0.5977843488
   1.5413404523   -3.6372988036   -0.5977843488
   1.7665063953   -3.6011103786   -0.5977843488
   1.9874486508   -3.5445964540   -0.5977843488
   2.2023364219   -3.4682253218   -0.5977843488
   2.4093890807   -3.3726298173   -0.5977843488
   2.6068909237   -3.2586020751   -0.5977843488
   2.7932053884   -3.1270869649   -0.5977843488
   2.9667886145   -2.9791742623   -0.5977843488
   3.1262022367   -2.8160896185   -0.5977843488
   3.2701253036   -2.6391844044   -0.5977843488
   3.3973652232   -2.4499245121   -0.5977843488
   3.5068676456   -2.2498782087   -0.5977843488
   3.5977251991   -2.0407031411   -0.5977843488
   3.6691850096   -1.8241325995   -0.5977843488
   3.7206549383   -1.6019611557   -0.5977843488
   3.7517084895   -1.3760297924   -0.5977843488
   3.6676877867   -1.1482106479   -0.8066219698
   3.6567710457   -0.9190400505   -0.8066219698
   3.6241196863   -0.6919448575   -0.8066219698
   0.2552639909   -3.3412422590   -0.8066219698
   0.4682598768   -3.4265129488   -0.8066219698
   0.6883967952   -3.4911509801   -0.8066219698
   0.9136811522   -3.5345709810   -0.8066219698
   1.1420727376   -3.5563797331   -0.8066219698
   1.3715032019   -3.5563797331   -0.8066219698
   1.5998947873   -3.5345709810   -0.8066219698
   1.8251791442   -3.4911509801   -0.8066219698
   2.0453160626   -3.4265129488   -0.8066219698
   2.2583119485   -3.3412422590   -0.8066219698
   2.4622378782   -3.2361111354   -0.8066219698
   2.6552470669   -3.1120716616   -0.8066219698
   2.8355915934   -2.9702471584   -0.8066219698
   3.0016382297   -2.8119220104   -0.8066219698
   3.1518832320   -2.6385300346   -0.8066219698
   3.2849659581   -2.4516414957   -0.8066219698
   3.3996811902   -2.2529488853   -0.8066219698
   3.4949900495   -2.0442515942   -0.8066219698
   3.5700294042   -1.8274396176   -0.8066219698
   3.6241196863   -1.6044764383   -0.8066219698
   3.6567710457   -1.3773812453   -0.8066219698
   3.5559166416   -1.1482106479   -1.0067015244
   3.5444917548   -0.9192913570   -1.0067015244
   0.3111859985   -3.2438798875   -1.0067015244
   0.5245461805   -3.3276175883   -1.0067015244
   0.7451837104   -3.3896953638   -1.0067015244
   0.9709057932   -3.4294962571   -1.0067015244
   1.1994691015   -3.4466247092   -1.0067015244
   1.4286020705   -3.4409104897   -1.0067015244
   1.6560274738   -3.4124103891   -1.0067015244
   1.8794850555   -3.3614076543   -1.0067015244
   2.0967539939   -3.2884091733   -1.0067015244
   2.3056749725   -3.1941404378   -1.0067015244
   2.5041716408   -3.0795383329   -1.0067015244
   2.6902712498   -2.9457418258   -1.0067015244
   2.8621242579   -2.7940806463   -1.0067015244
   3.0180227128   -2.6260620712   -1.0067015244
   3.1564172256   -2.4433559448   -1.0067015244
   3.2759323693   -2.2477780826   -1.0067015244
   3.3753803489   -2.0412722251   -1.0067015244
   3.4537728056   -1.8258907206   -1.0067015244
   3.5103306399   -1.6037741269   -1.0067015244
   3.5444917548   -1.3771299388   -1.0067015244
   3.4275802217   -1.1482106479   -1.1965814348
   3.4156883946   -0.9213010697   -1.1965814348
   0.3738472163   -3.1313280492   -1.1965814348
   0.5859762726   -3.2127567647   -1.1965814348
   0.8054548822   -3.2715658809   -1.1965814348
   1.0298783915   -3.3071110728   -1.1965814348
   1.2567879697   -3.3190028999   -1.1965814348
   1.4836975479   -3.3071110728   -1.1965814348
   1.7081210572   -3.2715658809   -1.1965814348
   1.9275996668   -3.2127567647   -1.1965814348
   2.1397287231   -3.1313280492   -1.1965814348
   2.3421840957   -3.0281718844   -1.1965814348
   2.5327476412   -2.9044184710   -1.1965814348
   2.7093315056   -2.7614236771   -1.1965814348
   2.8700009990   -2.6007541837   -1.1965814348
   3.0129957928   -2.4241703194   -1.1965814348
   3.1367492063   -2.2336067739   -1.1965814348
   3.2399053710   -2.0311514013   -1.1965814348
   3.3213340865   -1.8190223450   -1.1965814348
   3.3801432027   -1.5995437354   -1.1965814348
   3.4156883946   -1.3751202261   -1.1965814348
   3.2836031939   -1.1482106479   -1.3748936120
   0.5873733387   -3.0612877516   -1.3748936120
   0.8057791531   -3.1242093828   -1.3748936120
   1.0298566650   -3.1622816833   -1.3748936120
   1.2567879697   -3.1750258721   -1.3748936120
   1.4837192745   -3.1622816833   -1.3748936120
   1.7077967864   -3.1242093828   -1.3748936120
   1.9262026007   -3.0612877516   -1.3748936120
   2.1361901377   -2.9743080659   -1.3748936120
   2.3351186822   -2.8643641456   -1.3748936120
   2.5204865923   -2.7328385993   -1.3748936120
   2.6899627590   -2.5813854371   -1.3748936120
   2.8414159211   -2.4119092704   -1.3748936120
   2.9729414674   -2.2265413603   -1.3748936120
   3.0828853877   -2.0276128158   -1.3748936120
   3.1698650734   -1.8176252789   -1.3748936120
   3.2327867046   -1.5992194645   -1.3748936120
   3.2708590052   -1.3751419526   -1.3748936120
   0.5285763797   -2.8686785187   -1.5403533125
   0.7455212082   -2.9451269266   -1.5403533125
   0.9702163196   -2.9943359155   -1.5403533125
   1.1992555652   -3.0155595271   -1.5403533125
   1.4291669433   -3.0084760332   -1.5403533125
   1.6564652319   -2.9731928123   -1.5403533125
   1.8777048207   -2.9102447221   -1.5403533125
   2.0895319429   -2.8205859914   -1.5403533125
   2.2887355153   -2.7055757552   -1.5403533125
   2.4722958148   -2.5669574515   -1.5403533125
   2.6374302545   -2.4068323925   -1.5403533125
   2.7816355644   -2.2276279107   -1.5403533125
   2.9027257391   -2.0320605636   -1.5403533125
   2.9988651751   -1.8230949527   -1.5403533125
   3.0685964964   -1.6038987837   -1.5403533125
   3.1108626473   -1.3777948470   -1.5403533125
   0.5428009544   -2.6868128066   -1.6917683955
   0.7542471092   -2.7682497661   -1.6917683955
   0.9746611177   -2.8207770891   -1.6917683955
   1.2001096865   -2.8434574243   -1.6917683955
   1.4265696805   -2.8358860407   -1.6917683955
   1.6499999160   -2.7981980497   -1.6917683955
   1.8664132749   -2.7310659944   -1.6917683955
   2.0719478559   -2.6356878480   -1.6917683955
   2.2629358893   -2.5137656357   -1.6917683955
   2.4359691893   -2.3674750623   -1.6917683955
   2.5879599725   -2.1994266865   -1.6917683955
   2.7161959598   -2.0126193356   -1.6917683955
   2.8183887769   -1.8103865912   -1.6917683955
   2.8927147906   -1.5963373014   -1.6917683955
   2.9378476514   -1.3742911809   -1.6917683955
   0.6383040387   -2.5278539951   -1.8280479118
   0.8561539777   -2.6060962891   -1.8280479118
   1.0833944379   -2.6501669793   -1.8280479118
   1.3146990955   -2.6590330862   -1.8280479118
   1.5446463654   -2.6324867955   -1.8280479118
   1.7678464786   -2.5711503300   -1.8280479118
   1.9790678134   -2.4764613644   -1.8280479118
   2.1733595208   -2.3506393278   -1.8280479118
   2.3461675680   -2.1966333820   -1.8280479118
   2.4934414807   -2.0180532959   -1.8280479118
   2.6117292832   -1.8190848354   -1.8280479118
   2.6982584097   -1.6043916526   -1.8280479118
   0.8064239343   -2.3855756656   -1.9482099644
   1.0281321564   -2.4449822047   -1.9482099644
   1.2567879697   -2.4649869962   -1.9482099644
   1.4854437830   -2.4449822047   -1.9482099644
   1.7071520051   -2.3855756656   -1.9482099644
   1.9151761439   -2.2885724166   -1.9482099644
   2.1031954911   -2.1569198523   -1.9482099644
   2.2654971742   -1.9946181693   -1.9482099644
   2.3971497384   -1.8065988220   -1.9482099644
   1.3730375619   -2.2542516352   -2.0513887829
   1.6004560811   -2.2059123367   -2.0513887829
   1.8128546548   -2.1113463989   -2.0513887829
   2.0009504461   -1.9746868072   -2.0513887829
