   0.0308989442
   0.0307371640
   0.0306909627
   0.0308030002
   0.0309503377
   0.0309459256
   0.0308382056
   0.0304907067
   0.0303799855
   0.0303224380
   0.0303879959
   0.0305511325
   0.0307424518
   0.0308778894
   0.0309039175
   0.0308320541
   0.0307173586
   0.0306193491
   0.0305611939
   0.0302045128
   0.0300475951
   0.0298742059
   0.0297953445
   0.0298335549
   0.0299589772
   0.0301430430
   0.0303550441
   0.0305490692
   0.0306768907
   0.0307124333
   0.0306626672
   0.0305575137
   0.0304312313
   0.0303146383
   0.0302406140
   0.0302319050
   0.0302524804
   0.0299564050
   0.0297395926
   0.0294349837
   0.0292031225
   0.0291150629
   0.0291435152
   0.0292407922
   0.0293861037
   0.0295766458
   0.0298016685
   0.0300315057
   0.0302257885
   0.0303498636
   0.0303878340
   0.0303462744
   0.0302483251
   0.0301219312
   0.0299888645
   0.0298622197
   0.0297562994
   0.0297006717
   0.0297338356
   0.0298560936
   0.0299775009
   0.0298845452
   0.0295606858
   0.0290417061
   0.0285860402
   0.0283435988
   0.0282962628
   0.0283512797
   0.0284420144
   0.0285564678
   0.0287123280
   0.0289226894
   0.0291776391
   0.0294450396
   0.0296828307
   0.0298536619
   0.0299357250
   0.0299272939
   0.0298449267
   0.0297165473
   0.0295714859
   0.0294306422
   0.0293011721
   0.0291804556
   0.0290715045
   0.0290038014
   0.0290395887
   0.0292368261
   0.0295664971
   0.0298581306
   0.0302450899
   0.0297482084
   0.0288686186
   0.0280243885
   0.0275085037
   0.0273458858
   0.0273896919
   0.0274862093
   0.0275625235
   0.0276244967
   0.0277146699
   0.0278714070
   0.0281064672
   0.0284016391
   0.0287177816
   0.0290085144
   0.0292328567
   0.0293639482
   0.0293931583
   0.0293300016
   0.0291985751
   0.0290312363
   0.0288603825
   0.0287097388
   0.0285874830
   0.0284845335
   0.0283817099
   0.0282680528
   0.0281673784
   0.0281588023
   0.0283614888
   0.0288532389
   0.0295448771
   0.0301309555
   0.0315391589
   0.0307279220
   0.0291722449
   0.0276049255
   0.0265934910
   0.0262458317
   0.0263215145
   0.0265149442
   0.0266399458
   0.0266577333
   0.0266230532
   0.0266188076
   0.0267098523
   0.0269218807
   0.0272406484
   0.0276232997
   0.0280139175
   0.0283577967
   0.0286117712
   0.0287500912
   0.0287664710
   0.0286731731
   0.0284977752
   0.0282779518
   0.0280544782
   0.0278628785
   0.0277247637
   0.0276408449
   0.0275886611
   0.0275288700
   0.0274238914
   0.0272704185
   0.0271396280
   0.0272009027
   0.0276790438
   0.0286986571
   0.0300706598
   0.0312340474
   0.0251547462
   0.0255708513
   0.0258474928
   0.0258647943
   0.0256908920
   0.0254675648
   0.0253293731
   0.0253611890
   0.0255865141
   0.0259763211
   0.0264679684
   0.0269856373
   0.0274570496
   0.0278245568
   0.0280509634
   0.0281214061
   0.0280426111
   0.0278403889
   0.0275556758
   0.0272390244
   0.0269433182
   0.0267147315
   0.0265826007
   0.0265498848
   0.0265870885
   0.0266337350
   0.0266125237
   0.0264619045
   0.0261913093
   0.0259528190
   0.0260869620
   0.0253602504
   0.0254515237
   0.0251143948
   0.0245634483
   0.0240339675
   0.0237047055
   0.0236679357
   0.0239310929
   0.0244373549
   0.0250934772
   0.0257957641
   0.0264491860
   0.0269786575
   0.0273339756
   0.0274906685
   0.0274486473
   0.0272298043
   0.0268749567
   0.0264399567
   0.0259904241
   0.0255944703
   0.0253130522
   0.0251882805
   0.0252310656
   0.0254107496
   0.0256506543
   0.0258347996
   0.0258330206
   0.0255555702
   0.0250524735
   0.0239665141
   0.0227976366
   0.0219003586
   0.0214570489
   0.0215163865
   0.0220187719
   0.0228367655
   0.0238165754
   0.0248105451
   0.0256966260
   0.0263863698
   0.0268256094
   0.0269917712
   0.0268903191
   0.0265514439
   0.0260271336
   0.0253881059
   0.0247196263
   0.0241149966
   0.0236656251
   0.0234472711
   0.0235033163
   0.0238274956
   0.0243500302
   0.0249323983
   0.0253776920
   0.0254688626
   0.0250641842
   0.0206356624
   0.0221634404
   0.0236710510
   0.0249760775
   0.0259582081
   0.0265518556
   0.0267360476
   0.0265262151
   0.0259689651
   0.0251392887
   0.0241388662
   0.0230934281
   0.0221464562
   0.0214464405
   0.0211262095
   0.0212755070
   0.0219108679
   0.0229489122
   0.0241906765
   0.0244974574
   0.0259088885
   0.0267173905
   0.0269114311
   0.0265241283
   0.0256250006
   0.0243188869
   0.0227488618
   0.0210988620
   0.0209983140
   0.0224707183
   0.0230836891
   0.0171564683
   0.0242398802
   0.0233515338
   0.0185115381
   0.0183431222
   0.0217220337
   0.0240347321
   0.0254009220
   0.0258004361
   0.0252719265
   0.0239074236
   0.0218553216
   0.0199555403
   0.0214756908
   0.0218116602
   0.0210137464
   0.0191872782
   0.0158096411
   0.0174795537
   0.0177351168
   0.0166342320
   0.0132856854
   0.0134364144
   0.0089109099
   0.0089115948
   0.0317774286
   0.0272197981
   0.0203169453
   0.0199387074
   0.0173975001
   0.0131224121
   0.0113104865
   0.0116341576
   0.0140958324
   0.0189977220
   0.0157909226
   0.0104935067
   0.0071526530
   0.0052779394
   0.0046286400
   0.0051194946
   0.0067905695
   0.0098003806
   0.0144329170
   0.0081277034
   0.0045315316
   0.0020766340
   0.0005002570
  -0.0003358241
  -0.0005014652
  -0.0000104705
   0.0011793954
   0.0031675279
   0.0061109021
   0.0102281334
   0.0158191908
   0.0045529198
   0.0014563206
  -0.0008030141
  -0.0024517009
  -0.0035830609
  -0.0042545188
  -0.0045039762
  -0.0043460188
  -0.0037652769
  -0.0027118420
  -0.0010996819
   0.0011928001
   0.0043223616
   0.0084849759
   0.0139324344
  -0.0021213130
  -0.0037789651
  -0.0051258443
  -0.0061667215
  -0.0069012079
  -0.0073442201
  -0.0075146797
  -0.0074225043
  -0.0070589277
  -0.0063906551
  -0.0053574158
  -0.0038721159
  -0.0018224488
   0.0009276918
   0.0045395741
   0.0092081514
   0.0151858071
  -0.0064738490
  -0.0073799109
  -0.0081993720
  -0.0088568133
  -0.0093243251
  -0.0096045569
  -0.0097110737
  -0.0096541476
  -0.0094314310
  -0.0090224346
  -0.0083859780
  -0.0074599241
  -0.0061625080
  -0.0043944569
  -0.0020408490
   0.0010288067
   0.0049647157
   0.0099494998
   0.0162276034
  -0.0086912559
  -0.0092269764
  -0.0098276911
  -0.0103659746
  -0.0107791792
  -0.0110534979
  -0.0111992502
  -0.0112333186
  -0.0111676497
  -0.0110020166
  -0.0107198858
  -0.0102866646
  -0.0096497930
  -0.0087401979
  -0.0074745906
  -0.0057579914
  -0.0034856726
  -0.0005433670
   0.0031961401
   0.0078834399
   0.0137166840
  -0.0102900839
  -0.0108130807
  -0.0113076595
  -0.0117014820
  -0.0119741557
  -0.0121349056
  -0.0122051116
  -0.0122065781
  -0.0121538368
  -0.0120493007
  -0.0118805751
  -0.0116194809
  -0.0112224619
  -0.0106320774
  -0.0097792674
  -0.0085860423
  -0.0069681872
  -0.0048374768
  -0.0021027177
   0.0013314478
   0.0055699537
   0.0107413297
  -0.0104776254
  -0.0111620136
  -0.0117434161
  -0.0121841018
  -0.0124819413
  -0.0126577298
  -0.0127422109
  -0.0127665517
  -0.0127556970
  -0.0127239137
  -0.0126720726
  -0.0125863799
  -0.0124383442
  -0.0121857931
  -0.0117747527
  -0.0111419851
  -0.0102179685
  -0.0089301017
  -0.0072059293
  -0.0049762366
  -0.0021779396
   0.0012432454
   0.0053308544
  -0.0084910146
  -0.0098735578
  -0.0109290441
  -0.0117201900
  -0.0122777863
  -0.0126392454
  -0.0128492342
  -0.0129542102
  -0.0129968921
  -0.0130117513
  -0.0130216914
  -0.0130359004
  -0.0130488197
  -0.0130401598
  -0.0129758727
  -0.0128099726
  -0.0124870772
  -0.0119455388
  -0.0111210555
  -0.0099507199
  -0.0083776194
  -0.0063564152
  -0.0038609260
  -0.0008957117
   0.0024860137
  -0.0064435921
  -0.0086197555
  -0.0101617520
  -0.0112508609
  -0.0119933851
  -0.0124712007
  -0.0127556258
  -0.0129100706
  -0.0129891033
  -0.0130365370
  -0.0130835662
  -0.0131474044
  -0.0132306236
  -0.0133212810
  -0.0133938432
  -0.0134108763
  -0.0133254385
  -0.0130841068
  -0.0126305866
  -0.0119099278
  -0.0108735281
  -0.0094854300
  -0.0077310507
  -0.0056306612
  -0.0032616761
  -0.0007931058
  -0.0007313272
  -0.0048270157
  -0.0076009392
  -0.0095148373
  -0.0108229212
  -0.0116897670
  -0.0122374580
  -0.0125641688
  -0.0127509676
  -0.0128636489
  -0.0129526019
  -0.0130521420
  -0.0131800218
  -0.0133374909
  -0.0135100825
  -0.0136691948
  -0.0137744708
  -0.0137769429
  -0.0136229152
  -0.0132586091
  -0.0126357444
  -0.0117185279
  -0.0104931153
  -0.0089817487
  -0.0072657325
  -0.0055231849
  -0.0040767923
   0.0078098197
   0.0010498988
  -0.0035209765
  -0.0066660730
  -0.0088335014
  -0.0103058698
  -0.0112785336
  -0.0118978927
  -0.0122794481
  -0.0125158126
  -0.0126798441
  -0.0128255864
  -0.0129884609
  -0.0131855028
  -0.0134160755
  -0.0136632919
  -0.0138962403
  -0.0140730437
  -0.0141447464
  -0.0140600497
  -0.0137710132
  -0.0132400652
  -0.0124491117
  -0.0114123809
  -0.0101961357
  -0.0089503558
  -0.0079549200
   0.0080907252
   0.0015258435
  -0.0030672834
  -0.0062759878
  -0.0084946476
  -0.0099992675
  -0.0109935153
  -0.0116345780
  -0.0120467092
  -0.0123277883
  -0.0125522006
  -0.0127720442
  -0.0130178698
  -0.0132996643
  -0.0136084851
  -0.0139189541
  -0.0141927006
  -0.0143827792
  -0.0144390939
  -0.0143149430
  -0.0139750186
  -0.0134056277
  -0.0126286831
  -0.0117222894
  -0.0108518999
  -0.0103106325
   0.0151901628
   0.0068617107
   0.0008480588
  -0.0034458875
  -0.0064691057
  -0.0085584842
  -0.0099711102
  -0.0109076571
  -0.0115269936
  -0.0119543045
  -0.0122851607
  -0.0125874944
  -0.0129028740
  -0.0132479963
  -0.0136169554
  -0.0139845931
  -0.0143110633
  -0.0145476538
  -0.0146438992
  -0.0145561292
  -0.0142578567
  -0.0137529046
  -0.0130929155
  -0.0124014714
  -0.0119040252
   0.0219016722
   0.0123841779
   0.0051717854
  -0.0001722689
  -0.0040480346
  -0.0067982344
  -0.0087073200
  -0.0100083963
  -0.0108910193
  -0.0115069631
  -0.0119736337
  -0.0123759466
  -0.0127677287
  -0.0131735455
  -0.0135915764
  -0.0139978957
  -0.0143523024
  -0.0146057100
  -0.0147090671
  -0.0146238531
  -0.0143343790
  -0.0138623655
  -0.0132841637
  -0.0127486186
  -0.0124804038
   0.0168244075
   0.0088959393
   0.0027568374
  -0.0018414909
  -0.0051849149
  -0.0075526439
  -0.0091961692
  -0.0103310626
  -0.0111344611
  -0.0117444044
  -0.0122598505
  -0.0127415675
  -0.0132145033
  -0.0136721533
  -0.0140831868
  -0.0144003231
  -0.0145712387
  -0.0145511573
  -0.0143166555
  -0.0138798737
  -0.0133009448
  -0.0126914861
  -0.0121857250
   0.0199604068
   0.0120957992
   0.0055612612
   0.0004167471
  -0.0034629890
  -0.0062883469
  -0.0082942111
  -0.0097048602
  -0.0107149734
  -0.0114796862
  -0.0121098343
  -0.0126710035
  -0.0131862082
  -0.0136422668
  -0.0139997125
  -0.0142056683
  -0.0142086461
  -0.0139736125
  -0.0134944947
  -0.0127985557
  -0.0119306195
  -0.0108925151
   0.0206664810
   0.0138267064
   0.0074378079
   0.0020387414
  -0.0022130716
  -0.0053905402
  -0.0076809062
  -0.0093070482
  -0.0104787176
  -0.0113646431
  -0.0120786926
  -0.0126765063
  -0.0131609069
  -0.0134947124
  -0.0136188832
  -0.0134726483
  -0.0130103037
  -0.0122061581
  -0.0110341236
  -0.0094049280
  -0.0070617151
   0.0297662986
   0.0269100621
   0.0138270736
   0.0082838161
   0.0029396511
  -0.0015530220
  -0.0050003568
  -0.0074947718
  -0.0092537391
  -0.0105063959
  -0.0114271083
  -0.0121065119
  -0.0125516281
  -0.0127071702
  -0.0124876199
  -0.0118048818
  -0.0105711828
  -0.0086584126
  -0.0058276742
  -0.0017420751
   0.0037431160
   0.0100877285
   0.0159602648
   0.0198323756
   0.0206898238
   0.0184097311
   0.0080386332
   0.0034854922
  -0.0010230836
  -0.0047035218
  -0.0073820492
  -0.0092180117
  -0.0104381775
  -0.0111799719
  -0.0114452929
  -0.0111314736
  -0.0100866710
  -0.0081334556
  -0.0050608140
  -0.0007428792
   0.0044225728
   0.0091435979
   0.0117401636
   0.0112460061
   0.0031563071
  -0.0006762949
  -0.0044933824
  -0.0073024483
  -0.0090042481
  -0.0097108751
  -0.0093584469
  -0.0077222160
  -0.0046209538
  -0.0003541124
   0.0036041020
   0.0050485222
  -0.0009344942
  -0.0043669798
  -0.0070090396
  -0.0071128666
  -0.0044007071
  -0.0008372404
  -0.0043296242
   0.0200782400
   0.0202832524
   0.0162615832
   0.0132137791
   0.0116897391
   0.0115510282
   0.0128009785
   0.0155993551
   0.0210453424
   0.0152936942
   0.0110909682
   0.0081246122
   0.0061824584
   0.0051241960
   0.0048719366
   0.0054078126
   0.0067750812
   0.0090873343
   0.0125642193
   0.0176752547
   0.0122536913
   0.0081064225
   0.0049863503
   0.0027097585
   0.0011366443
   0.0001638919
  -0.0002764311
  -0.0002178361
   0.0003387096
   0.0014215516
   0.0030863188
   0.0054247258
   0.0086170160
   0.0174877131
   0.0117437326
   0.0072329638
   0.0037188948
   0.0010233849
  -0.0009966603
  -0.0024584842
  -0.0034558670
  -0.0040588033
  -0.0043129141
  -0.0042401559
  -0.0038418540
  -0.0031046732
  -0.0020094788
  -0.0005407629
   0.0013168230
   0.0111986876
   0.0065641928
   0.0028655627
  -0.0000529138
  -0.0023191178
  -0.0040433571
  -0.0053216626
  -0.0062356674
  -0.0068511241
  -0.0072163794
  -0.0073617406
  -0.0073004807
  -0.0070321527
  -0.0065489456
  -0.0058459781
  -0.0049364049
  -0.0038691259
  -0.0027206402
   0.0131649679
   0.0080590887
   0.0038790640
   0.0004901078
  -0.0022182467
  -0.0043446090
  -0.0059803880
  -0.0072105059
  -0.0081120703
  -0.0087521418
  -0.0091853804
  -0.0094521781
  -0.0095777847
  -0.0095728995
  -0.0094362203
  -0.0091595738
  -0.0087365618
  -0.0081762106
  -0.0075234448
  -0.0068823898
   0.0090749902
   0.0048163609
   0.0012169238
  -0.0017671328
  -0.0041901264
  -0.0061140434
  -0.0076054827
  -0.0087326676
  -0.0095623990
  -0.0101569838
  -0.0105713100
  -0.0108502987
  -0.0110269943
  -0.0111215581
  -0.0111414402
  -0.0110830381
  -0.0109352390
  -0.0106854491
  -0.0103291037
  -0.0098842651
  -0.0094126005
  -0.0090360443
   0.0068623224
   0.0033279332
   0.0001187354
  -0.0026739446
  -0.0050208899
  -0.0069320063
  -0.0084405708
  -0.0095935667
  -0.0104452446
  -0.0110522737
  -0.0114697353
  -0.0117476941
  -0.0119283186
  -0.0120436404
  -0.0121140891
  -0.0121479672
  -0.0121420413
  -0.0120834665
  -0.0119533307
  -0.0117322643
  -0.0114088228
  -0.0109916068
  -0.0105247214
  -0.0100912305
   0.0022926560
  -0.0001080380
  -0.0025678891
  -0.0048528091
  -0.0068439386
  -0.0084960918
  -0.0098078749
  -0.0108039723
  -0.0115243346
  -0.0120169253
  -0.0123323252
  -0.0125194127
  -0.0126218013
  -0.0126749540
  -0.0127040071
  -0.0127223863
  -0.0127313133
  -0.0127203097
  -0.0126688030
  -0.0125489608
  -0.0123298908
  -0.0119833388
  -0.0114907075
  -0.0108490990
  -0.0100613661
  -0.0035652191
  -0.0052189304
  -0.0069426291
  -0.0085362692
  -0.0099005210
  -0.0109977812
  -0.0118279935
  -0.0124140095
  -0.0127921477
  -0.0130055408
  -0.0130990479
  -0.0131151552
  -0.0130906216
  -0.0130538004
  -0.0130226472
  -0.0130034582
  -0.0129903811
  -0.0129657270
  -0.0129010714
  -0.0127590744
  -0.0124958161
  -0.0120631437
  -0.0114096924
  -0.0104765911
  -0.0091740708
  -0.0066773670
  -0.0075456388
  -0.0087500843
  -0.0099950192
  -0.0111154789
  -0.0120318890
  -0.0127178342
  -0.0131800170
  -0.0134454551
  -0.0135526820
  -0.0135451993
  -0.0134662988
  -0.0133548430
  -0.0132418429
  -0.0131477931
  -0.0130807746
  -0.0130353377
  -0.0129921466
  -0.0129183013
  -0.0127681344
  -0.0124840654
  -0.0119966587
  -0.0112220905
  -0.0100529870
  -0.0083327443
  -0.0057874192
  -0.0095157031
  -0.0096809408
  -0.0103798956
  -0.0112727690
  -0.0121465076
  -0.0128847660
  -0.0134352263
  -0.0137870325
  -0.0139558225
  -0.0139733287
  -0.0138796463
  -0.0137171334
  -0.0135254254
  -0.0133373343
  -0.0131755543
  -0.0130501601
  -0.0129568899
  -0.0128761691
  -0.0127727495
  -0.0125956989
  -0.0122782351
  -0.0117364648
  -0.0108652679
  -0.0095279586
  -0.0075331121
  -0.0045855216
  -0.0001879979
  -0.0114509543
  -0.0114686021
  -0.0119494067
  -0.0126086233
  -0.0132558864
  -0.0137827924
  -0.0141395485
  -0.0143163306
  -0.0143296605
  -0.0142121996
  -0.0140047226
  -0.0137495420
  -0.0134850183
  -0.0132410034
  -0.0130351777
  -0.0128702708
  -0.0127321328
  -0.0125885441
  -0.0123885156
  -0.0120616092
  -0.0115164551
  -0.0106370583
  -0.0092745445
  -0.0072305355
  -0.0042264710
   0.0001476868
   0.0065054031
  -0.0123810748
  -0.0126596616
  -0.0131638670
  -0.0137064152
  -0.0141627007
  -0.0144660466
  -0.0145942513
  -0.0145566936
  -0.0143833440
  -0.0141154536
  -0.0137975668
  -0.0134706504
  -0.0131662715
  -0.0129018383
  -0.0126769249
  -0.0124706423
  -0.0122398979
  -0.0119181916
  -0.0114143158
  -0.0106099336
  -0.0093545089
  -0.0074555652
  -0.0046622253
  -0.0006417667
   0.0050445664
   0.0129452453
  -0.0123552733
  -0.0127657704
  -0.0132888910
  -0.0138255998
  -0.0142769998
  -0.0145781166
  -0.0147016842
  -0.0146521572
  -0.0144569501
  -0.0141572373
  -0.0137991336
  -0.0134256129
  -0.0130693994
  -0.0127470230
  -0.0124541602
  -0.0121622739
  -0.0118163828
  -0.0113335650
  -0.0106015185
  -0.0094762554
  -0.0077779738
  -0.0052848225
  -0.0017265686
   0.0032148140
   0.0098833247
   0.0185878345
  -0.0113114325
  -0.0122845701
  -0.0130884284
  -0.0137497044
  -0.0142390836
  -0.0145283353
  -0.0146112747
  -0.0145066729
  -0.0142529298
  -0.0138992880
  -0.0134959654
  -0.0130845125
  -0.0126892112
  -0.0123100440
  -0.0119175154
  -0.0114493277
  -0.0108086268
  -0.0098632958
  -0.0084458051
  -0.0063538427
  -0.0033540274
   0.0008050223
   0.0063593630
   0.0134646867
   0.0220948049
   0.0231029822
  -0.0068006101
  -0.0093409691
  -0.0110842194
  -0.0123368799
  -0.0132441563
  -0.0138581991
  -0.0141995687
  -0.0142914383
  -0.0141717929
  -0.0138922462
  -0.0135098596
  -0.0130760386
  -0.0126250961
  -0.0121641670
  -0.0116655380
  -0.0110619476
  -0.0102449986
  -0.0090666691
  -0.0073443620
  -0.0048715404
  -0.0014390898
   0.0031240459
   0.0088826187
   0.0156975605
   0.0157762923
   0.0208904807
   0.0242326137
   0.0249226637
   0.0227770702
   0.0182738578
   0.0122976061
   0.0059447879
   0.0002169359
  -0.0043292815
  -0.0076520798
  -0.0099939307
  -0.0116227253
  -0.0127203349
  -0.0133903586
  -0.0137005927
  -0.0137144378
  -0.0135018897
  -0.0131348852
  -0.0126740922
  -0.0121530765
  -0.0115641684
  -0.0108489571
  -0.0098952669
  -0.0085419608
  -0.0065935228
  -0.0038486058
  -0.0001498551
   0.0045377289
   0.0100221233
   0.0096590493
   0.0134060998
   0.0151771004
   0.0143564533
   0.0111289342
   0.0063536450
   0.0011805686
  -0.0034286578
  -0.0070217385
  -0.0095920467
  -0.0113123962
  -0.0123559231
  -0.0128584818
  -0.0129380616
  -0.0127071578
  -0.0122624964
  -0.0116602966
  -0.0108904993
  -0.0098616618
  -0.0084052504
  -0.0063065320
  -0.0033701779
   0.0004717142
   0.0050159022
   0.0045562501
   0.0071602501
   0.0074828009
   0.0052824054
   0.0013742658
  -0.0029307716
  -0.0066089985
  -0.0092605755
  -0.0109089321
  -0.0117205957
  -0.0118852490
  -0.0115770055
  -0.0109091081
  -0.0098809175
  -0.0083572316
  -0.0061208930
  -0.0030246738
   0.0007674669
   0.0003165811
   0.0018257070
   0.0005660959
  -0.0027529226
  -0.0063375116
  -0.0089347185
  -0.0102454949
  -0.0104513032
  -0.0097995319
  -0.0083630722
  -0.0060246198
  -0.0028481143
  -0.0031838266
  -0.0031662027
  -0.0061596699
  -0.0083783141
  -0.0082202196
  -0.0060048626
  -0.0060512095
   0.0317724507
   0.0272213003
   0.0046517694
   0.0091690079
   0.0135778976
   0.0128769002
   0.0125537478
   0.0177823932
   0.0173512457
   0.0156144620
   0.0168209892
   0.0217903329
   0.0215519474
   0.0202252685
   0.0187477181
   0.0208628560
   0.0257208733
   0.0256503724
   0.0246912168
   0.0229629286
   0.0202306588
   0.0229887864
   0.0248372428
   0.0185259107
   0.0178785483
   0.0242403759
   0.0233470924
   0.0171603989
   0.0210088333
   0.0224754202
   0.0230835362
   0.0269112875
   0.0265232031
   0.0256235475
   0.0243172570
   0.0227474153
   0.0210978512
   0.0244994460
   0.0259104004
   0.0267181241
   0.0267361541
   0.0265257695
   0.0259680989
   0.0251381793
   0.0241376831
   0.0230922653
   0.0221452591
   0.0214449434
   0.0211239051
   0.0212716650
   0.0219046046
   0.0229392936
   0.0241768155
   0.0206370298
   0.0221650652
   0.0236727973
   0.0249776949
   0.0259594525
   0.0265525608
   0.0269920394
   0.0268901679
   0.0265509350
   0.0260263449
   0.0253870978
   0.0247184023
   0.0241134631
   0.0236635589
   0.0234443059
   0.0234989546
   0.0238211473
   0.0243410669
   0.0249201975
   0.0253616406
   0.0254482914
   0.0250382617
   0.0239805446
   0.0228074533
   0.0219069508
   0.0214614091
   0.0215193871
   0.0220210658
   0.0228387479
   0.0238184104
   0.0248122330
   0.0256980823
   0.0263874913
   0.0268263189
   0.0274910470
   0.0274486665
   0.0272294908
   0.0268743355
   0.0264390273
   0.0259891330
   0.0255926863
   0.0253105494
   0.0251847369
   0.0252260789
   0.0254038670
   0.0256414046
   0.0258227107
   0.0258176057
   0.0255362889
   0.0250287348
   0.0253843482
   0.0254705740
   0.0251290890
   0.0245744597
   0.0240419995
   0.0237104765
   0.0236721157
   0.0239342329
   0.0244398454
   0.0250955469
   0.0257975115
   0.0264506258
   0.0269797656
   0.0273347245
   0.0281062031
   0.0280995775
   0.0279544529
   0.0277047753
   0.0273970523
   0.0270839772
   0.0268162362
   0.0266327944
   0.0265507928
   0.0265573141
   0.0266065061
   0.0266266961
   0.0265430339
   0.0263211613
   0.0260328941
   0.0259241289
   0.0264118297
   0.0250366092
   0.0253857461
   0.0257592969
   0.0259027674
   0.0258056186
   0.0255854629
   0.0253880868
   0.0253263645
   0.0254543568
   0.0257672390
   0.0262164368
   0.0267302090
   0.0272326749
   0.0276577882
   0.0279576569
   0.0287506152
   0.0287666531
   0.0286730051
   0.0284972267
   0.0282769580
   0.0280529270
   0.0278606042
   0.0277215499
   0.0276364376
   0.0275827914
   0.0275212797
   0.0274143616
   0.0272588103
   0.0271259687
   0.0271855676
   0.0276630486
   0.0286839182
   0.0300598942
   0.0312300587
   0.0315437133
   0.0307408676
   0.0291914894
   0.0276273435
   0.0266161518
   0.0262667678
   0.0263397829
   0.0265302923
   0.0266524741
   0.0266677076
   0.0266308242
   0.0266247680
   0.0267143946
   0.0269253557
   0.0272433356
   0.0276253967
   0.0280155482
   0.0283590301
   0.0286126418
   0.0293645299
   0.0293933721
   0.0293298297
   0.0291979705
   0.0290301139
   0.0288586140
   0.0287071552
   0.0285838875
   0.0284797263
   0.0283755219
   0.0282603912
   0.0281582954
   0.0281486098
   0.0283509248
   0.0288436145
   0.0295380108
   0.0301287135
   0.0302486340
   0.0297573986
   0.0288820178
   0.0280398980
   0.0275241732
   0.0273603884
   0.0274023514
   0.0274968086
   0.0275711168
   0.0276312888
   0.0277199412
   0.0278754578
   0.0281095727
   0.0284040215
   0.0287196003
   0.0290098718
   0.0292338119
   0.0299070149
   0.0299423753
   0.0298935415
   0.0297838312
   0.0296431581
   0.0294976652
   0.0293615509
   0.0292358800
   0.0291183715
   0.0290230736
   0.0289973898
   0.0291099317
   0.0293869419
   0.0297290499
   0.0299161004
   0.0297666401
   0.0293173889
   0.0288027726
   0.0284470828
   0.0283115012
   0.0283256345
   0.0284017172
   0.0285015672
   0.0286327780
   0.0288143885
   0.0290489852
   0.0293144553
   0.0295717739
   0.0297794956
   0.0303505651
   0.0303880544
   0.0303459833
   0.0302474510
   0.0301203735
   0.0299865227
   0.0298590472
   0.0297523826
   0.0296963301
   0.0297297148
   0.0298531626
   0.0299768185
   0.0299586481
   0.0297446439
   0.0294419593
   0.0292108303
   0.0291224910
   0.0291500478
   0.0292461823
   0.0293903555
   0.0295798954
   0.0298040918
   0.0300332597
   0.0302269854
   0.0306776650
   0.0307126284
   0.0306622543
   0.0305564367
   0.0304294696
   0.0303123150
   0.0302381287
   0.0302300081
   0.0302521186
   0.0302063464
   0.0300515047
   0.0298793336
   0.0298006458
   0.0298382829
   0.0299628016
   0.0301459356
   0.0303571156
   0.0305504489
   0.0308787521
   0.0309040853
   0.0308315613
   0.0307163618
   0.0306183470
   0.0305610737
   0.0304922329
   0.0303830225
   0.0303260284
   0.0303912172
   0.0305535670
   0.0307440616
   0.0309513106
   0.0309461504
   0.0308383833
   0.0307384565
   0.0306931790
   0.0308048520
   0.0309000569
  -0.0060585457
  -0.0083848118
  -0.0082268048
  -0.0060122169
  -0.0031921889
  -0.0031744347
  -0.0061667869
  -0.0102513546
  -0.0104571456
  -0.0098055396
  -0.0083695106
  -0.0060318559
  -0.0028564998
   0.0003070405
   0.0018157164
   0.0005568671
  -0.0027606904
  -0.0063441281
  -0.0089407811
  -0.0117260135
  -0.0118906898
  -0.0115825016
  -0.0109147264
  -0.0098867800
  -0.0083635369
  -0.0061279249
  -0.0030327686
   0.0007580285
   0.0045454441
   0.0071485335
   0.0074711934
   0.0052721343
   0.0013659835
  -0.0029373864
  -0.0066147394
  -0.0092660334
  -0.0109143431
  -0.0128636363
  -0.0129432930
  -0.0127124447
  -0.0122678378
  -0.0116657136
  -0.0108960444
  -0.0098674346
  -0.0084114107
  -0.0063133097
  -0.0033778696
   0.0004627784
   0.0050054482
   0.0096469958
   0.0133927014
   0.0151630965
   0.0143431083
   0.0111176343
   0.0063451283
   0.0011744799
  -0.0034333926
  -0.0070261250
  -0.0095965979
  -0.0113172172
  -0.0123609507
  -0.0137056343
  -0.0137196019
  -0.0135071370
  -0.0131401916
  -0.0126794426
  -0.0121584667
  -0.0115696123
  -0.0108544964
  -0.0099009809
  -0.0085479755
  -0.0066000205
  -0.0038558345
  -0.0001581271
   0.0045280716
   0.0100107950
   0.0157631642
   0.0208756321
   0.0242164312
   0.0249061163
   0.0227617846
   0.0182615735
   0.0122892947
   0.0059400884
   0.0002144106
  -0.0043312506
  -0.0076545383
  -0.0099972152
  -0.0116267426
  -0.0127248640
  -0.0133952067
  -0.0142797403
  -0.0142602767
  -0.0140537640
  -0.0137158310
  -0.0133021706
  -0.0128570207
  -0.0124022391
  -0.0119283297
  -0.0113882172
  -0.0106941038
  -0.0097174238
  -0.0082920042
  -0.0062214944
  -0.0032944906
   0.0006856690
   0.0058472457
   0.0121669609
   0.0193593078
  -0.0050879144
  -0.0081963857
  -0.0102901292
  -0.0117625985
  -0.0128329427
  -0.0135907831
  -0.0140666206
  -0.0146000853
  -0.0145856861
  -0.0144009604
  -0.0140909409
  -0.0137065986
  -0.0132949693
  -0.0128899546
  -0.0125044572
  -0.0121242589
  -0.0117037856
  -0.0111636211
  -0.0103893480
  -0.0092311607
  -0.0075039932
  -0.0049892089
  -0.0014419116
   0.0033874247
   0.0097049533
   0.0175904508
  -0.0107096626
  -0.0118268267
  -0.0127065020
  -0.0134421970
  -0.0140225363
  -0.0144145888
  -0.0146676786
  -0.0147026927
  -0.0145760063
  -0.0143230518
  -0.0139885297
  -0.0136179301
  -0.0132499157
  -0.0129097762
  -0.0126041176
  -0.0123168609
  -0.0120064791
  -0.0116041989
  -0.0110126323
  -0.0101040306
  -0.0087171716
  -0.0066521310
  -0.0036635268
   0.0005436336
   0.0063049577
   0.0139572904
   0.0237541264
  -0.0125440575
  -0.0130218921
  -0.0135664733
  -0.0140715847
  -0.0144538598
  -0.0144713405
  -0.0145997584
  -0.0145624104
  -0.0143892604
  -0.0141215475
  -0.0138038038
  -0.0134769857
  -0.0131726544
  -0.0129082172
  -0.0126832522
  -0.0124768779
  -0.0122460113
  -0.0119241617
  -0.0114201279
  -0.0106155745
  -0.0093599619
  -0.0074608121
  -0.0046672687
  -0.0006466978
   0.0050394274
   0.0129391539
  -0.0123834785
  -0.0126633713
  -0.0131682723
  -0.0137112168
  -0.0141677706
  -0.0139891076
  -0.0142554047
  -0.0143474124
  -0.0142908255
  -0.0141232457
  -0.0138869495
  -0.0136228861
  -0.0133656662
  -0.0131394541
  -0.0129547482
  -0.0128060336
  -0.0126702429
  -0.0125058509
  -0.0122522592
  -0.0118288441
  -0.0111325894
  -0.0100324800
  -0.0083576526
  -0.0058745829
  -0.0022468667
   0.0030273643
   0.0106895756
  -0.0113847495
  -0.0116753121
  -0.0122755072
  -0.0129470719
  -0.0135437245
  -0.0131900960
  -0.0136408715
  -0.0138982659
  -0.0139870431
  -0.0139439427
  -0.0138108568
  -0.0136293313
  -0.0134360399
  -0.0132590917
  -0.0131151326
  -0.0130072383
  -0.0129235757
  -0.0128367546
  -0.0127036851
  -0.0124655696
  -0.0120473399
  -0.0113552572
  -0.0102702465
  -0.0086322641
  -0.0062063989
  -0.0026128685
   0.0028061541
  -0.0095103175
  -0.0099928771
  -0.0108229815
  -0.0117260387
  -0.0125420396
  -0.0120367769
  -0.0127229654
  -0.0131854462
  -0.0134512066
  -0.0135587534
  -0.0135515653
  -0.0134729162
  -0.0133616554
  -0.0132487860
  -0.0131548001
  -0.0130877805
  -0.0130422828
  -0.0129989781
  -0.0129249722
  -0.0127745986
  -0.0124902664
  -0.0120025102
  -0.0112274425
  -0.0100575717
  -0.0083360980
  -0.0057888030
  -0.0066830324
  -0.0075507896
  -0.0087549138
  -0.0099997199
  -0.0111202113
  -0.0104875834
  -0.0114498989
  -0.0121544722
  -0.0126318189
  -0.0129223495
  -0.0130706007
  -0.0131206885
  -0.0131125983
  -0.0130791702
  -0.0130437598
  -0.0130186048
  -0.0130039438
  -0.0129879247
  -0.0129473133
  -0.0128489652
  -0.0126519357
  -0.0123099091
  -0.0117731286
  -0.0109875602
  -0.0098839799
  -0.0083307010
  -0.0028725415
  -0.0043706187
  -0.0060919489
  -0.0077679656
  -0.0092547427
  -0.0084997053
  -0.0098118162
  -0.0108083160
  -0.0115291136
  -0.0120221386
  -0.0123379452
  -0.0125253911
  -0.0126280753
  -0.0126814524
  -0.0127106566
  -0.0127291165
  -0.0127380616
  -0.0127270239
  -0.0126754423
  -0.0125554925
  -0.0123362813
  -0.0119895346
  -0.0114965980
  -0.0108544451
  -0.0100656701
   0.0022864024
  -0.0001126382
  -0.0025716442
  -0.0048562326
  -0.0068473539
  -0.0060318140
  -0.0077368722
  -0.0090616802
  -0.0100574917
  -0.0107802758
  -0.0112863430
  -0.0116286416
  -0.0118535973
  -0.0119985382
  -0.0120898230
  -0.0121418235
  -0.0121569337
  -0.0121267958
  -0.0120349893
  -0.0118615355
  -0.0115897794
  -0.0112165136
  -0.0107661060
  -0.0103042996
   0.0050598868
   0.0016727581
  -0.0013348506
  -0.0039054789
  -0.0030462057
  -0.0052120942
  -0.0069118659
  -0.0082132684
  -0.0091841670
  -0.0098894702
  -0.0103881051
  -0.0107302493
  -0.0109550703
  -0.0110892330
  -0.0111464473
  -0.0111283406
  -0.0110269985
  -0.0108296548
  -0.0105263010
  -0.0101214999
  -0.0096521910
  -0.0092100061
   0.0068604481
   0.0029362295
  -0.0003495870
   0.0004906533
  -0.0022184248
  -0.0043455235
  -0.0059820216
  -0.0072128149
  -0.0081149900
  -0.0087555927
  -0.0091892760
  -0.0094564336
  -0.0095823266
  -0.0095776751
  -0.0094412080
  -0.0091647943
  -0.0087420905
  -0.0081821949
  -0.0075301293
  -0.0068901429
   0.0131671868
   0.0080608906
   0.0038802847
   0.0046110940
   0.0013189482
  -0.0012595531
  -0.0032427548
  -0.0047336737
  -0.0058212658
  -0.0065794296
  -0.0070653690
  -0.0073184148
  -0.0073601259
  -0.0071963659
  -0.0068220421
  -0.0062293093
  -0.0054202147
  -0.0044239806
  -0.0033095435
   0.0139332815
   0.0087567561
   0.0093558661
   0.0053672888
   0.0022810965
  -0.0000615411
  -0.0017901956
  -0.0030103210
  -0.0038039101
  -0.0042288064
  -0.0043186123
  -0.0040844610
  -0.0035194760
  -0.0026062735
  -0.0013267212
   0.0003317586
   0.0024044791
   0.0144499821
   0.0147943497
   0.0100444171
   0.0064355397
   0.0037559547
   0.0018451860
   0.0005820568
  -0.0001188954
  -0.0003082910
  -0.0000030860
   0.0008107657
   0.0021750797
   0.0041607981
   0.0068916874
   0.0106506862
   0.0210571900
   0.0153030702
   0.0110984422
   0.0081305789
   0.0061872183
   0.0051279875
   0.0048749392
   0.0054101341
   0.0067767354
   0.0090882190
   0.0125641201
   0.0162720354
   0.0132223421
   0.0116969374
   0.0115572455
   0.0128064939
   0.0156043787
   0.0200902400
   0.0202940967
  -0.0043228954
  -0.0071071269
  -0.0043945801
  -0.0008297910
  -0.0009265476
  -0.0043599985
  -0.0070029717
  -0.0093534502
  -0.0077173612
  -0.0046158990
  -0.0003479107
   0.0036122714
   0.0050580360
   0.0031656530
  -0.0006680755
  -0.0044863971
  -0.0072963798
  -0.0089987341
  -0.0097056721
  -0.0111269782
  -0.0100825241
  -0.0081297778
  -0.0050574382
  -0.0007389369
   0.0044285257
   0.0091524228
   0.0117511930
   0.0112576238
   0.0080494729
   0.0034949323
  -0.0010150807
  -0.0046966990
  -0.0073760707
  -0.0092125798
  -0.0104330778
  -0.0111750812
  -0.0114405752
  -0.0124834053
  -0.0118010931
  -0.0105681025
  -0.0086563574
  -0.0058267151
  -0.0017415278
   0.0037449605
   0.0100928905
   0.0159696475
   0.0198450849
   0.0207039087
   0.0184234101
   0.0138393597
   0.0082943997
   0.0029486070
  -0.0015454279
  -0.0049937991
  -0.0074889476
  -0.0092484025
  -0.0105013657
  -0.0114222660
  -0.0121017946
  -0.0125470224
  -0.0127027117
  -0.0134685274
  -0.0130066140
  -0.0122032040
  -0.0110323726
  -0.0094049651
  -0.0070639522
   0.0297810886
   0.0269254902
   0.0206799511
   0.0138382204
   0.0074475436
   0.0020469878
  -0.0022059833
  -0.0053843024
  -0.0076752648
  -0.0093018057
  -0.0104737281
  -0.0113598061
  -0.0120739475
  -0.0126718260
  -0.0131562926
  -0.0134901909
  -0.0136145109
  -0.0141178779
  -0.0137598342
  -0.0131677541
  -0.0123818865
  -0.0114375838
  -0.0102691375
   0.0242955597
   0.0158878126
   0.0086619297
   0.0028280335
  -0.0016623652
  -0.0049867563
  -0.0073735923
  -0.0090556928
  -0.0102442630
  -0.0111151111
  -0.0118015990
  -0.0123918593
  -0.0129296498
  -0.0134188792
  -0.0138317951
  -0.0141204789
  -0.0142308520
  -0.0144566289
  -0.0141170771
  -0.0135989660
  -0.0129890778
  -0.0124181196
   0.0215187969
   0.0126334597
   0.0056243709
   0.0002894230
  -0.0036461151
  -0.0064686748
  -0.0084453019
  -0.0098101154
  -0.0107596486
  -0.0114515506
  -0.0120042997
  -0.0124975907
  -0.0129738881
  -0.0134417428
  -0.0138812748
  -0.0142519408
  -0.0145024658
  -0.0145826467
  -0.0144998497
  -0.0141137093
  -0.0135753631
  -0.0129955713
  -0.0125634103
   0.0168358154
   0.0085246577
   0.0022986486
  -0.0022651796
  -0.0055393797
  -0.0078370393
  -0.0094159554
  -0.0104866060
  -0.0112191103
  -0.0117477672
  -0.0121735718
  -0.0125657264
  -0.0129631584
  -0.0133768090
  -0.0137931814
  -0.0141793879
  -0.0144897638
  -0.0146740271
  -0.0146869761
  -0.0142531725
  -0.0137484560
  -0.0130887713
  -0.0123977996
  -0.0119012030
   0.0151964663
   0.0068670410
   0.0008530314
  -0.0034409863
  -0.0064641700
  -0.0085534814
  -0.0099660287
  -0.0109024885
  -0.0115217300
  -0.0119489423
  -0.0122797045
  -0.0125819595
  -0.0128972866
  -0.0132423920
  -0.0136113760
  -0.0139790824
  -0.0143056628
  -0.0145423987
  -0.0146388164
  -0.0145512375
  -0.0137138763
  -0.0130352202
  -0.0121793695
  -0.0112634507
  -0.0105119471
   0.0123766917
   0.0045181820
  -0.0009711665
  -0.0048123720
  -0.0074851413
  -0.0093172980
  -0.0105443741
  -0.0113444623
  -0.0118571066
  -0.0121928361
  -0.0124375643
  -0.0126544389
  -0.0128846973
  -0.0131484594
  -0.0134459984
  -0.0137597865
  -0.0140574566
  -0.0142957304
  -0.0144253333
  -0.0143969553
  -0.0141684627
  -0.0128723563
  -0.0119541959
  -0.0108151653
  -0.0095584255
  -0.0083926016
   0.0040908070
  -0.0014495945
  -0.0052352822
  -0.0078475328
  -0.0096382202
  -0.0108395642
  -0.0116191773
  -0.0121065018
  -0.0124049596
  -0.0125970680
  -0.0127462321
  -0.0128971767
  -0.0130760852
  -0.0132910330
  -0.0135330356
  -0.0137778633
  -0.0139886831
  -0.0141195321
  -0.0141196214
  -0.0139385312
  -0.0135325020
  -0.0117139113
  -0.0104886312
  -0.0089772459
  -0.0072609810
  -0.0055178378
  -0.0040703494
  -0.0007320909
  -0.0048254039
  -0.0075977293
  -0.0095106030
  -0.0108180235
  -0.0116844189
  -0.0122317824
  -0.0125582388
  -0.0127448320
  -0.0128573487
  -0.0129461794
  -0.0130456449
  -0.0131735048
  -0.0133310144
  -0.0135037094
  -0.0136629869
  -0.0137684839
  -0.0137712219
  -0.0136174885
  -0.0132534835
  -0.0126309001
  -0.0102207405
  -0.0086497048
  -0.0067168570
  -0.0044673939
  -0.0020194327
   0.0003996173
  -0.0076262388
  -0.0094521673
  -0.0107507327
  -0.0116547344
  -0.0122550557
  -0.0126274589
  -0.0128392489
  -0.0129496090
  -0.0130079762
  -0.0130520658
  -0.0131062181
  -0.0131803670
  -0.0132697662
  -0.0133555152
  -0.0134058712
  -0.0133782992
  -0.0132221891
  -0.0128821773
  -0.0123020492
  -0.0114293102
  -0.0083739909
  -0.0063530324
  -0.0038575928
  -0.0008921017
   0.0024904505
  -0.0084891514
  -0.0098698259
  -0.0109242469
  -0.0117147674
  -0.0122719674
  -0.0126331504
  -0.0128429309
  -0.0129477456
  -0.0129903094
  -0.0130050985
  -0.0130150251
  -0.0130292860
  -0.0130423293
  -0.0130338686
  -0.0129698545
  -0.0128042943
  -0.0124817931
  -0.0119406850
  -0.0111166436
  -0.0099467299
  -0.0061556296
  -0.0036494112
  -0.0005460240
   0.0032036796
   0.0076385176
  -0.0101108169
  -0.0108236496
  -0.0114631415
  -0.0119761976
  -0.0123437682
  -0.0125769608
  -0.0127029342
  -0.0127536373
  -0.0127578166
  -0.0127355301
  -0.0126946019
  -0.0126286565
  -0.0125164905
  -0.0123225862
  -0.0119985837
  -0.0114855152
  -0.0107165919
  -0.0096203224
  -0.0081237508
  -0.0035497955
  -0.0004782331
   0.0033435146
   0.0080296481
  -0.0100502739
  -0.0105418508
  -0.0110636826
  -0.0115131595
  -0.0118466136
  -0.0120610673
  -0.0121736200
  -0.0122070624
  -0.0121803455
  -0.0121024175
  -0.0119685221
  -0.0117584097
  -0.0114360899
  -0.0109508185
  -0.0102390168
  -0.0092267970
  -0.0078327149
  -0.0059703019
  -0.0005431197
   0.0031955432
   0.0078819937
   0.0137143704
  -0.0086835010
  -0.0092199776
  -0.0098211844
  -0.0103597723
  -0.0107731633
  -0.0110476052
  -0.0111934618
  -0.0112276519
  -0.0111621528
  -0.0109967609
  -0.0107149596
  -0.0102821653
  -0.0096458196
  -0.0087368434
  -0.0074719363
  -0.0057561013
  -0.0034845913
   0.0028766708
   0.0073101261
   0.0129039526
  -0.0060075257
  -0.0069239055
  -0.0077998765
  -0.0085451842
  -0.0091091001
  -0.0094818243
  -0.0096736629
  -0.0096980314
  -0.0095598380
  -0.0092481804
  -0.0087324028
  -0.0079607721
  -0.0068611014
  -0.0053425883
  -0.0032979611
  -0.0006046849
   0.0067245038
   0.0120092855
   0.0187656563
  -0.0029843497
  -0.0044837055
  -0.0056796066
  -0.0065668344
  -0.0071535679
  -0.0074585869
  -0.0074978397
  -0.0072729224
  -0.0067633452
  -0.0059224700
  -0.0046764850
  -0.0029254576
  -0.0005451031
   0.0026127764
   0.0110237944
   0.0172344403
   0.0028815701
   0.0002472156
  -0.0016920773
  -0.0030743415
  -0.0039703817
  -0.0044278866
  -0.0044740414
  -0.0041092752
  -0.0033013778
  -0.0019824369
  -0.0000485251
   0.0026394217
   0.0062567041
   0.0158111631
   0.0081323050
   0.0045347507
   0.0020788705
   0.0005017708
  -0.0003349288
  -0.0005012076
  -0.0000109612
   0.0011779800
   0.0031649612
   0.0061069092
   0.0102223673
   0.0157917063
   0.0104937285
   0.0071522114
   0.0052768319
   0.0046267800
   0.0051166826
   0.0067864995
   0.0097946351
   0.0144249122
   0.0173935703
   0.0131184141
   0.0113058439
   0.0116283432
   0.0140881662
   0.0189871937
   0.0203081228
   0.0199286455
   0.0242493822
   0.0240155346
   0.0240311084
   0.0242175149
   0.0243789871
   0.0243384052
   0.0241575800
   0.0236818665
   0.0236279770
   0.0236776553
   0.0238415545
   0.0240645819
   0.0242745269
   0.0244029500
   0.0244094792
   0.0243019688
   0.0241246740
   0.0239369230
   0.0237873797
   0.0232575996
   0.0231629578
   0.0231193621
   0.0231806474
   0.0233391623
   0.0235541176
   0.0237906447
   0.0240197739
   0.0242079185
   0.0243220437
   0.0243439892
   0.0242774375
   0.0241418650
   0.0239616880
   0.0237631881
   0.0235793069
   0.0234412617
   0.0233470040
   0.0227603399
   0.0226213199
   0.0224876414
   0.0224470513
   0.0225289039
   0.0227005818
   0.0229164028
   0.0231503035
   0.0233928676
   0.0236344661
   0.0238558988
   0.0240315175
   0.0241388701
   0.0241671403
   0.0241198066
   0.0240109401
   0.0238577634
   0.0236742187
   0.0234706320
   0.0232612590
   0.0230731637
   0.0229407616
   0.0228760222
   0.0228387529
   0.0222233896
   0.0220226385
   0.0217705864
   0.0215977627
   0.0215811924
   0.0217082781
   0.0219168748
   0.0221508457
   0.0223853985
   0.0226209166
   0.0228646203
   0.0231161152
   0.0233626981
   0.0235828695
   0.0237536750
   0.0238578268
   0.0238881509
   0.0238484824
   0.0237512293
   0.0236125522
   0.0234467234
   0.0232618342
   0.0230593523
   0.0228394179
   0.0226112377
   0.0224028604
   0.0222587099
   0.0222138309
   0.0222523300
   0.0222899378
   0.0217111040
   0.0214047903
   0.0209588662
   0.0205829258
   0.0204280513
   0.0205107405
   0.0207478960
   0.0210375299
   0.0213142562
   0.0215605568
   0.0217903273
   0.0220259328
   0.0222813604
   0.0225551910
   0.0228318298
   0.0230874511
   0.0232972257
   0.0234414724
   0.0235095685
   0.0235013315
   0.0234260604
   0.0232996341
   0.0231402108
   0.0229633000
   0.0227773563
   0.0225814723
   0.0223669945
   0.0221245265
   0.0218561585
   0.0215890897
   0.0213810142
   0.0213029909
   0.0213920272
   0.0215943814
   0.0217569002
   0.0213524412
   0.0208584720
   0.0200622807
   0.0193277687
   0.0189423567
   0.0189695171
   0.0192855561
   0.0197101457
   0.0201090613
   0.0204271155
   0.0206724472
   0.0208843370
   0.0211045406
   0.0213597143
   0.0216552180
   0.0219773077
   0.0222998870
   0.0225924970
   0.0228273398
   0.0229842644
   0.0230534771
   0.0230361791
   0.0229434554
   0.0227937144
   0.0226089347
   0.0224100516
   0.0222120349
   0.0220195887
   0.0218248443
   0.0216087920
   0.0213482454
   0.0210294161
   0.0206668380
   0.0203211691
   0.0201008809
   0.0201261974
   0.0204459071
   0.0209465046
   0.0213483103
   0.0179608727
   0.0186119161
   0.0191111011
   0.0194410616
   0.0196514383
   0.0198146801
   0.0199952213
   0.0202333114
   0.0205408406
   0.0209052381
   0.0212975136
   0.0216812555
   0.0220205150
   0.0222855924
   0.0224565701
   0.0225248753
   0.0224932908
   0.0223747570
   0.0221901651
   0.0219652248
   0.0217264681
   0.0214965616
   0.0212893491
   0.0211054103
   0.0209293497
   0.0207304560
   0.0204686908
   0.0201079837
   0.0196379757
   0.0191022696
   0.0186232676
   0.0168122865
   0.0176464120
   0.0181487316
   0.0183905449
   0.0184903709
   0.0185641397
   0.0186978884
   0.0189375001
   0.0192903131
   0.0197337702
   0.0202268935
   0.0207214392
   0.0211708942
   0.0215366625
   0.0217916127
   0.0219215508
   0.0219252351
   0.0218133962
   0.0216070041
   0.0213348194
   0.0210301404
   0.0207266443
   0.0204533419
   0.0202289175
   0.0200560946
   0.0199171038
   0.0197718141
   0.0195605918
   0.0192145159
   0.0186761641
   0.0179342364
   0.0167464098
   0.0170883961
   0.0171157243
   0.0170210655
   0.0169602929
   0.0170342255
   0.0172866361
   0.0177127796
   0.0182734473
   0.0189102506
   0.0195590632
   0.0201600453
   0.0206639857
   0.0210355358
   0.0212542398
   0.0213142127
   0.0212230779
   0.0210004771
   0.0206762018
   0.0202877980
   0.0198773870
   0.0194874544
   0.0191554864
   0.0189075924
   0.0187516167
   0.0186706668
   0.0186184380
   0.0185182074
   0.0182680263
   0.0177558826
   0.0168912168
   0.0152752273
   0.0159139765
   0.0167212087
   0.0176059839
   0.0184800213
   0.0192676897
   0.0199109826
   0.0203709523
   0.0206271065
   0.0206759071
   0.0205290469
   0.0202117668
   0.0197611538
   0.0192241299
   0.0186546941
   0.0181099445
   0.0176445056
   0.0173032445
   0.0171125575
   0.0170709836
   0.0171403883
   0.0172393903
   0.0172411560
   0.0169786028
   0.0153260980
   0.0165892774
   0.0177502166
   0.0187238431
   0.0194532373
   0.0199069455
   0.0200755432
   0.0199685746
   0.0196122570
   0.0190478719
   0.0183304452
   0.0175270813
   0.0167141412
   0.0159724146
   0.0153796203
   0.0150000331
   0.0191239889
   0.0195020622
   0.0194940408
   0.0191270040
   0.0184453945
   0.0175105129
   0.0164005796
   0.0129887657
   0.0142993767
   0.0151189570
   0.0103373179
   0.0155597862
   0.0124261396
   0.0116874972
   0.0159805648
   0.0174923390
   0.0185365814
   0.0190852331
   0.0191384706
   0.0187223472
   0.0178875599
   0.0167087578
   0.0137157417
   0.0151085141
   0.0159407827
   0.0162038635
   0.0159149873
   0.0151156254
   0.0138715669
   0.0120973528
   0.0129843112
   0.0132096182
   0.0127940804
   0.0117831223
   0.0095794902
   0.0101458731
   0.0099440929
   0.0064536562
   0.0070294740
   0.0066985919
   0.0038514456
   0.0192129605
   0.0138072451
   0.0143089554
   0.0100266332
   0.0088273958
   0.0085326334
   0.0091180982
   0.0106326638
   0.0131945577
   0.0073449219
   0.0057510376
   0.0047412034
   0.0042594091
   0.0042913786
   0.0048522565
   0.0059854665
   0.0077645326
   0.0102962297
   0.0137283555
   0.0041832231
   0.0028525667
   0.0018469679
   0.0011488378
   0.0007614252
   0.0006940851
   0.0009631540
   0.0015963757
   0.0026368519
   0.0041455142
   0.0062025690
   0.0089095302
   0.0123952230
  -0.0001758685
  -0.0008101450
  -0.0013797459
  -0.0018230314
  -0.0020997115
  -0.0021847016
  -0.0020590029
  -0.0017020507
  -0.0010863224
  -0.0001740713
   0.0010842293
   0.0027503201
   0.0048982756
   0.0076155527
   0.0110071532
   0.0152071456
  -0.0035316433
  -0.0037514052
  -0.0040323424
  -0.0042786221
  -0.0044360080
  -0.0044740611
  -0.0043731690
  -0.0041157473
  -0.0036805527
  -0.0030393035
  -0.0021550126
  -0.0009815468
   0.0005360474
   0.0024609721
   0.0048645556
   0.0078276848
   0.0114457998
  -0.0059091178
  -0.0059283753
  -0.0060490468
  -0.0061759288
  -0.0062573164
  -0.0062653489
  -0.0061833629
  -0.0059977834
  -0.0056930018
  -0.0052483126
  -0.0046363320
  -0.0038224974
  -0.0027653354
  -0.0014172091
   0.0002747576
   0.0023679578
   0.0049243381
   0.0080121515
   0.0117112421
  -0.0077370311
  -0.0075075673
  -0.0074879998
  -0.0075454017
  -0.0076078632
  -0.0076379957
  -0.0076165569
  -0.0075322531
  -0.0073753061
  -0.0071334434
  -0.0067895457
  -0.0063204915
  -0.0056968889
  -0.0048834657
  -0.0038399232
  -0.0025220682
  -0.0008830286
   0.0011256845
   0.0035536265
   0.0064520130
   0.0098767276
  -0.0090746905
  -0.0086658356
  -0.0085429659
  -0.0085463590
  -0.0085889370
  -0.0086256496
  -0.0086346491
  -0.0086057602
  -0.0085332376
  -0.0084111635
  -0.0082305785
  -0.0079778297
  -0.0076338178
  -0.0071739335
  -0.0065685292
  -0.0057837999
  -0.0047829651
  -0.0035276566
  -0.0019794230
  -0.0001012642
   0.0021409276
   0.0047772667
   0.0078337147
  -0.0093218604
  -0.0091783823
  -0.0091764440
  -0.0092254003
  -0.0092782597
  -0.0093129800
  -0.0093209556
  -0.0092997514
  -0.0092484101
  -0.0091644153
  -0.0090417937
  -0.0088700509
  -0.0086337523
  -0.0083126170
  -0.0078820322
  -0.0073139108
  -0.0065778356
  -0.0056424473
  -0.0044770641
  -0.0030535564
  -0.0013485619
   0.0006537990
   0.0029584576
   0.0055548972
  -0.0093545546
  -0.0093607277
  -0.0094525604
  -0.0095615804
  -0.0096547915
  -0.0097196009
  -0.0097542902
  -0.0097618569
  -0.0097459535
  -0.0097082074
  -0.0096465179
  -0.0095540886
  -0.0094190454
  -0.0092245379
  -0.0089492525
  -0.0085682792
  -0.0080542932
  -0.0073790326
  -0.0065150861
  -0.0054380622
  -0.0041293049
  -0.0025794803
  -0.0007936228
   0.0012013442
   0.0033449910
  -0.0087368771
  -0.0089130408
  -0.0091590072
  -0.0094051472
  -0.0096162205
  -0.0097793116
  -0.0098946442
  -0.0099692356
  -0.0100125131
  -0.0100332676
  -0.0100375611
  -0.0100273564
  -0.0099997273
  -0.0099465572
  -0.0098546619
  -0.0097062899
  -0.0094799618
  -0.0091516283
  -0.0086961378
  -0.0080890441
  -0.0073088340
  -0.0063397571
  -0.0051756063
  -0.0038250930
  -0.0023199789
  -0.0007280157
   0.0008259987
  -0.0074369332
  -0.0080820504
  -0.0086309696
  -0.0090783974
  -0.0094270685
  -0.0096870965
  -0.0098732558
  -0.0100022522
  -0.0100904132
  -0.0101518591
  -0.0101971323
  -0.0102322516
  -0.0102581586
  -0.0102705318
  -0.0102599445
  -0.0102123475
  -0.0101098594
  -0.0099318539
  -0.0096563482
  -0.0092617208
  -0.0087288360
  -0.0080437314
  -0.0072011701
  -0.0062096063
  -0.0050985519
  -0.0039301076
  -0.0028177076
  -0.0019565174
  -0.0047459088
  -0.0061687810
  -0.0072581099
  -0.0080945872
  -0.0087289589
  -0.0092004647
  -0.0095432012
  -0.0097879243
  -0.0099620653
  -0.0100890990
  -0.0101877719
  -0.0102714276
  -0.0103475506
  -0.0104175860
  -0.0104770665
  -0.0105160565
  -0.0105199162
  -0.0104703864
  -0.0103470024
  -0.0101288629
  -0.0097968207
  -0.0093362343
  -0.0087405441
  -0.0080161588
  -0.0071895249
  -0.0063179361
  -0.0055068188
  -0.0049379048
  -0.0030934699
  -0.0050239422
  -0.0064588180
  -0.0075289369
  -0.0083221375
  -0.0089035732
  -0.0093251662
  -0.0096298511
  -0.0098532876
  -0.0100243761
  -0.0101652687
  -0.0102912504
  -0.0104107000
  -0.0105252480
  -0.0106301997
  -0.0107152578
  -0.0107655665
  -0.0107630933
  -0.0106883732
  -0.0105226701
  -0.0102506619
  -0.0098638570
  -0.0093651194
  -0.0087749759
  -0.0081408917
  -0.0075515633
  -0.0071596046
   0.0012676219
  -0.0017978317
  -0.0040549683
  -0.0057302268
  -0.0069743286
  -0.0078940340
  -0.0085695891
  -0.0090641096
  -0.0094284744
  -0.0097037576
  -0.0099223591
  -0.0101085076
  -0.0102785379
  -0.0104411794
  -0.0105980027
  -0.0107441066
  -0.0108690993
  -0.0109584038
  -0.0109949186
  -0.0109610726
  -0.0108413536
  -0.0106254526
  -0.0103122870
  -0.0099153641
  -0.0094702762
  -0.0090456566
  -0.0087597194
  -0.0088051726
   0.0058337399
   0.0015878616
  -0.0015458084
  -0.0038689298
  -0.0055916290
  -0.0068650790
  -0.0078022630
  -0.0084905990
  -0.0089992948
  -0.0093834480
  -0.0096862423
  -0.0099401185
  -0.0101674848
  -0.0103813223
  -0.0105859109
  -0.0107778139
  -0.0109472040
  -0.0110795855
  -0.0111579578
  -0.0111654775
  -0.0110887240
  -0.0109217555
  -0.0106712918
  -0.0103635930
  -0.0100539649
  -0.0098403024
  -0.0098824132
   0.0108612887
   0.0054560209
   0.0013991149
  -0.0016406595
  -0.0039112796
  -0.0055998913
  -0.0068498772
  -0.0077731166
  -0.0084581669
  -0.0089753620
  -0.0093798225
  -0.0097132116
  -0.0100048587
  -0.0102726892
  -0.0105242556
  -0.0107580559
  -0.0109652591
  -0.0111319084
  -0.0112416597
  -0.0112791211
  -0.0112339056
  -0.0111055958
  -0.0109099554
  -0.0106869094
  -0.0105109932
  -0.0105049040
  -0.0108552521
   0.0158956537
   0.0095459812
   0.0046439463
   0.0008914750
  -0.0019569714
  -0.0041022016
  -0.0057069658
  -0.0069027176
  -0.0077955477
  -0.0084706532
  -0.0089953571
  -0.0094210597
  -0.0097845905
  -0.0101093800
  -0.0104067663
  -0.0106776579
  -0.0109146887
  -0.0111049457
  -0.0112333214
  -0.0112865369
  -0.0112579082
  -0.0111529746
  -0.0109961464
  -0.0108384783
  -0.0107663017
  -0.0109090210
   0.0130296989
   0.0075036673
   0.0031632275
  -0.0001923835
  -0.0027516487
  -0.0046827212
  -0.0061301615
  -0.0072151035
  -0.0080368034
  -0.0086743124
  -0.0091878842
  -0.0096202289
  -0.0099978928
  -0.0103330477
  -0.0106258935
  -0.0108677978
  -0.0110452175
  -0.0111443956
  -0.0111567843
  -0.0110850948
  -0.0109497394
  -0.0107950513
  -0.0106936738
  -0.0107450513
   0.0159500221
   0.0101517728
   0.0054037819
   0.0016225102
  -0.0013225296
  -0.0035773177
  -0.0052841378
  -0.0065712560
  -0.0075482163
  -0.0083040743
  -0.0089070621
  -0.0094051282
  -0.0098272997
  -0.0101859894
  -0.0104803493
  -0.0107006850
  -0.0108338240
  -0.0108691904
  -0.0108051377
  -0.0106547181
  -0.0104492951
  -0.0102368514
  -0.0100689426
   0.0175334019
   0.0119231846
   0.0070234176
   0.0029630059
  -0.0002759844
  -0.0027885147
  -0.0047013595
  -0.0061451147
  -0.0072382798
  -0.0080789469
  -0.0087410637
  -0.0092737315
  -0.0097029214
  -0.0100353546
  -0.0102642787
  -0.0103766555
  -0.0103608973
  -0.0102136952
  -0.0099434699
  -0.0095662914
  -0.0090878002
  -0.0084632504
   0.0175543089
   0.0128881994
   0.0082661698
   0.0041414602
   0.0007050303
  -0.0020250057
  -0.0041257334
  -0.0057136024
  -0.0069087138
  -0.0078142241
  -0.0085061422
  -0.0090304308
  -0.0094056082
  -0.0096294779
  -0.0096883271
  -0.0095661112
  -0.0092498356
  -0.0087256537
  -0.0079590633
  -0.0068556513
  -0.0052146042
   0.0168963738
   0.0124869116
   0.0086524050
   0.0046995879
   0.0011646050
  -0.0017253588
  -0.0039549528
  -0.0056160979
  -0.0068306954
  -0.0077041748
  -0.0083039809
  -0.0086563431
  -0.0087549963
  -0.0085744022
  -0.0080776972
  -0.0072082829
  -0.0058598087
  -0.0038445689
  -0.0009290556
   0.0029799559
   0.0075589681
   0.0119842125
   0.0152138466
   0.0164255523
   0.0153682964
   0.0081345052
   0.0049242065
   0.0014881502
  -0.0015184248
  -0.0038524985
  -0.0055299111
  -0.0066558768
  -0.0073175785
  -0.0075432288
  -0.0073048838
  -0.0065322286
  -0.0051098757
  -0.0028755236
   0.0002761669
   0.0040968478
   0.0077381017
   0.0100164459
   0.0101189930
   0.0043980919
   0.0016193300
  -0.0014085404
  -0.0037982799
  -0.0053109209
  -0.0059597534
  -0.0057290854
  -0.0045158492
  -0.0022102136
   0.0009994394
   0.0041061369
   0.0055005395
   0.0012012299
  -0.0014038004
  -0.0036164820
  -0.0038133195
  -0.0017752710
   0.0010379746
  -0.0015183454
   0.0150706776
   0.0126911007
   0.0109639187
   0.0099507697
   0.0095891075
   0.0098501538
   0.0107387223
   0.0123009374
   0.0128131829
   0.0101332584
   0.0081149244
   0.0066658573
   0.0057162552
   0.0052155655
   0.0051303216
   0.0054416508
   0.0061424729
   0.0072366049
   0.0087470415
   0.0138843276
   0.0106097978
   0.0079759360
   0.0058902520
   0.0042771525
   0.0030738446
   0.0022289780
   0.0017021033
   0.0014628049
   0.0014887630
   0.0017622368
   0.0022647102
   0.0029700271
   0.0038383688
   0.0132971607
   0.0099207464
   0.0071291547
   0.0048455321
   0.0030041559
   0.0015468581
   0.0004221374
  -0.0004146082
  -0.0010006383
  -0.0013658213
  -0.0015334543
  -0.0015224054
  -0.0013510903
  -0.0010439499
  -0.0006413184
  -0.0002136010
   0.0091946640
   0.0063879446
   0.0040334243
   0.0020823565
   0.0004882673
  -0.0007932606
  -0.0018038628
  -0.0025813520
  -0.0031587462
  -0.0035636518
  -0.0038182568
  -0.0039402083
  -0.0039447102
  -0.0038483170
  -0.0036751633
  -0.0034668548
  -0.0032980613
  -0.0033003944
   0.0098535210
   0.0069146177
   0.0043721412
   0.0022035255
   0.0003807281
  -0.0011284482
  -0.0023586055
  -0.0033449444
  -0.0041215661
  -0.0047199873
  -0.0051679726
  -0.0054888024
  -0.0057011223
  -0.0058195619
  -0.0058563755
  -0.0058244883
  -0.0057425628
  -0.0056431506
  -0.0055858359
  -0.0056787015
   0.0071011979
   0.0046106868
   0.0023924314
   0.0004595075
  -0.0011922180
  -0.0025782468
  -0.0037212719
  -0.0046480596
  -0.0053870140
  -0.0059662206
  -0.0064118834
  -0.0067471433
  -0.0069913200
  -0.0071596567
  -0.0072636879
  -0.0073124049
  -0.0073144843
  -0.0072820088
  -0.0072364172
  -0.0072180035
  -0.0073013779
  -0.0076209639
   0.0042598154
   0.0022746281
   0.0004278433
  -0.0012295286
  -0.0026760170
  -0.0039090359
  -0.0049380772
  -0.0057801514
  -0.0064565539
  -0.0069904441
  -0.0074049670
  -0.0077217855
  -0.0079599771
  -0.0081353010
  -0.0082598744
  -0.0083423319
  -0.0083885748
  -0.0084032765
  -0.0083924054
  -0.0083672042
  -0.0083503894
  -0.0083859434
  -0.0085549697
  -0.0090012164
   0.0015825286
   0.0000849404
  -0.0014187393
  -0.0028281269
  -0.0040904718
  -0.0051828240
  -0.0061011492
  -0.0068534231
  -0.0074550049
  -0.0079253563
  -0.0082855910
  -0.0085565867
  -0.0087575258
  -0.0089048139
  -0.0090113723
  -0.0090863352
  -0.0091352082
  -0.0091605756
  -0.0091634934
  -0.0091457811
  -0.0091135719
  -0.0090827359
  -0.0090872707
  -0.0091925739
  -0.0095162566
  -0.0011701865
  -0.0021179914
  -0.0032303687
  -0.0043553356
  -0.0054065560
  -0.0063386565
  -0.0071322684
  -0.0077847236
  -0.0083039945
  -0.0087045298
  -0.0090042350
  -0.0092221856
  -0.0093768533
  -0.0094847352
  -0.0095593417
  -0.0096105382
  -0.0096442594
  -0.0096626367
  -0.0096645982
  -0.0096470325
  -0.0096066583
  -0.0095428231
  -0.0094616066
  -0.0093818478
  -0.0093440741
  -0.0094233039
  -0.0038939167
  -0.0042843704
  -0.0049880967
  -0.0058101526
  -0.0066340872
  -0.0073932634
  -0.0080530394
  -0.0085996207
  -0.0090328349
  -0.0093612259
  -0.0095985523
  -0.0097611691
  -0.0098660023
  -0.0099289578
  -0.0099636843
  -0.0099806579
  -0.0099865808
  -0.0099841041
  -0.0099718952
  -0.0099450776
  -0.0098960835
  -0.0098159724
  -0.0096962890
  -0.0095315590
  -0.0093225210
  -0.0090800807
  -0.0088292254
  -0.0063058118
  -0.0065920830
  -0.0071216374
  -0.0077361152
  -0.0083406562
  -0.0088816699
  -0.0093326931
  -0.0096852045
  -0.0099424239
  -0.0101149268
  -0.0102173988
  -0.0102661371
  -0.0102770827
  -0.0102642649
  -0.0102386005
  -0.0102070230
  -0.0101719354
  -0.0101309872
  -0.0100771754
  -0.0099992647
  -0.0098825053
  -0.0097095988
  -0.0094617936
  -0.0091198454
  -0.0086642145
  -0.0080729289
  -0.0073127643
  -0.0082121547
  -0.0080910088
  -0.0083252760
  -0.0087249977
  -0.0091710785
  -0.0095921903
  -0.0099491660
  -0.0102245609
  -0.0104154940
  -0.0105285501
  -0.0105759942
  -0.0105728515
  -0.0105345937
  -0.0104752847
  -0.0104061078
  -0.0103342370
  -0.0102620303
  -0.0101865324
  -0.0100992651
  -0.0099862690
  -0.0098283250
  -0.0096012272
  -0.0092758678
  -0.0088176866
  -0.0081846164
  -0.0073217791
  -0.0061492671
  -0.0045349228
  -0.0098467044
  -0.0093986298
  -0.0093749444
  -0.0095775899
  -0.0098747508
  -0.0101828694
  -0.0104525050
  -0.0106581255
  -0.0107907676
  -0.0108526426
  -0.0108530461
  -0.0108051532
  -0.0107234445
  -0.0106216089
  -0.0105108403
  -0.0103984801
  -0.0102869795
  -0.0101731594
  -0.0100477328
  -0.0098950379
  -0.0096928858
  -0.0094123595
  -0.0090172872
  -0.0084629141
  -0.0076929489
  -0.0066335377
  -0.0051816301
  -0.0031833418
  -0.0003951911
  -0.0104672423
  -0.0102057288
  -0.0102359559
  -0.0104109928
  -0.0106316036
  -0.0108354703
  -0.0109876298
  -0.0110728347
  -0.0110895655
  -0.0110452893
  -0.0109526343
  -0.0108262472
  -0.0106801878
  -0.0105257783
  -0.0103698586
  -0.0102134166
  -0.0100505604
  -0.0098677793
  -0.0096434033
  -0.0093471056
  -0.0089391951
  -0.0083692871
  -0.0075736951
  -0.0064705172
  -0.0049508698
  -0.0028641240
   0.0000052708
   0.0039704951
  -0.0111224919
  -0.0107453735
  -0.0106678012
  -0.0107582608
  -0.0109166897
  -0.0110747056
  -0.0111907403
  -0.0112442000
  -0.0112299446
  -0.0111534173
  -0.0110264321
  -0.0108635499
  -0.0106789763
  -0.0104839370
  -0.0102845043
  -0.0100798530
  -0.0098609086
  -0.0096093172
  -0.0092966144
  -0.0088833815
  -0.0083180672
  -0.0075349845
  -0.0064508043
  -0.0049586836
  -0.0029191785
  -0.0001476855
   0.0035999906
   0.0086388071
  -0.0108236301
  -0.0107699721
  -0.0108526724
  -0.0109971054
  -0.0111428397
  -0.0112487194
  -0.0112920462
  -0.0112653716
  -0.0111725024
  -0.0110244253
  -0.0108354534
  -0.0106197287
  -0.0103881480
  -0.0101457498
  -0.0098895732
  -0.0096069678
  -0.0092742785
  -0.0088557632
  -0.0083025089
  -0.0075510107
  -0.0065209887
  -0.0051120203
  -0.0031988262
  -0.0006258632
   0.0027964534
   0.0072894186
   0.0130929136
  -0.0101086348
  -0.0102859543
  -0.0104771635
  -0.0106907957
  -0.0108989049
  -0.0110673903
  -0.0111701274
  -0.0111936330
  -0.0111367047
  -0.0110076150
  -0.0108202736
  -0.0105901190
  -0.0103301599
  -0.0100474109
  -0.0097398618
  -0.0093940364
  -0.0089831146
  -0.0084654989
  -0.0077836155
  -0.0068626813
  -0.0056092125
  -0.0039093514
  -0.0016278819
   0.0013897264
   0.0053081358
   0.0102814568
   0.0164203297
  -0.0084834729
  -0.0092423020
  -0.0097907082
  -0.0102162531
  -0.0105452585
  -0.0107773589
  -0.0109068159
  -0.0109327893
  -0.0108622981
  -0.0107089279
  -0.0104893518
  -0.0102189561
  -0.0099073725
  -0.0095544094
  -0.0091466727
  -0.0086550047
  -0.0080327393
  -0.0072146811
  -0.0061167404
  -0.0046364059
  -0.0026549264
  -0.0000433311
   0.0033240129
   0.0075440050
   0.0126451910
   0.0175703742
   0.0119337510
  -0.0049895677
  -0.0068574657
  -0.0081360280
  -0.0090315675
  -0.0096683036
  -0.0101080118
  -0.0103790035
  -0.0104980211
  -0.0104817864
  -0.0103502287
  -0.0101244219
  -0.0098217772
  -0.0094503163
  -0.0090032528
  -0.0084546617
  -0.0077566948
  -0.0068386115
  -0.0056079437
  -0.0039545812
  -0.0017596584
   0.0010872672
   0.0046581475
   0.0089402582
   0.0137747091
   0.0135743357
   0.0168814627
   0.0187997583
   0.0188068432
   0.0168567366
   0.0133615916
   0.0089916997
   0.0044805440
   0.0004358661
  -0.0028131218
  -0.0052302440
  -0.0069539971
  -0.0081599750
  -0.0089857274
  -0.0095184642
  -0.0098114635
  -0.0099026220
  -0.0098247061
  -0.0096067210
  -0.0092693504
  -0.0088178310
  -0.0082350074
  -0.0074765659
  -0.0064698889
  -0.0051178558
  -0.0033094831
  -0.0009406177
   0.0020508908
   0.0056325482
   0.0096114196
   0.0091284807
   0.0115682166
   0.0124804558
   0.0115281981
   0.0089327464
   0.0053492621
   0.0015670767
  -0.0017918046
  -0.0044353353
  -0.0063544129
  -0.0076675869
  -0.0085027867
  -0.0089579121
  -0.0091049281
  -0.0089993988
  -0.0086803937
  -0.0081617504
  -0.0074213822
  -0.0063956810
  -0.0049850391
  -0.0030760815
  -0.0005865713
   0.0024630286
   0.0058596482
   0.0053330298
   0.0070304874
   0.0069844168
   0.0051350682
   0.0021321962
  -0.0010965631
  -0.0038567218
  -0.0058786717
  -0.0071807936
  -0.0078760969
  -0.0080775866
  -0.0078711843
  -0.0072989717
  -0.0063414250
  -0.0049174530
  -0.0029268378
  -0.0003519101
   0.0025915198
   0.0020988089
   0.0030583322
   0.0019210814
  -0.0006829306
  -0.0034416159
  -0.0054689365
  -0.0065399724
  -0.0067393157
  -0.0061811303
  -0.0048935139
  -0.0028593223
  -0.0002755690
  -0.0006475245
  -0.0007615476
  -0.0031533664
  -0.0049170674
  -0.0047559257
  -0.0028725014
  -0.0029682757
   0.0192133011
   0.0038519280
   0.0070299654
   0.0067003711
   0.0064528914
   0.0101463451
   0.0099459220
   0.0095786205
   0.0131793988
   0.0130815166
   0.0123624419
   0.0114039831
   0.0126229366
   0.0161434089
   0.0161281947
   0.0155787799
   0.0145487190
   0.0128160849
   0.0144782051
   0.0155949614
   0.0190856750
   0.0191402921
   0.0187255548
   0.0178921583
   0.0167147286
   0.0159767860
   0.0174899933
   0.0185356394
   0.0124268883
   0.0116851560
   0.0155572748
   0.0103397717
   0.0129952625
   0.0143022597
   0.0151188268
   0.0195450982
   0.0193527452
   0.0188216044
   0.0180046084
   0.0169715360
   0.0158089426
   0.0187876164
   0.0193626871
   0.0200757184
   0.0199684819
   0.0196119641
   0.0190474761
   0.0183300479
   0.0175267569
   0.0167139023
   0.0159721787
   0.0153791837
   0.0149990608
   0.0153264957
   0.0165899797
   0.0177510817
   0.0187247042
   0.0194539483
   0.0199074080
   0.0206772950
   0.0206256805
   0.0203894702
   0.0200000641
   0.0194997480
   0.0189393658
   0.0183750069
   0.0178632674
   0.0174548216
   0.0171863691
   0.0170714729
   0.0170912867
   0.0171866315
   0.0172533015
   0.0171430549
   0.0166744186
   0.0150461579
   0.0155693846
   0.0163031722
   0.0171606466
   0.0180504752
   0.0188897207
   0.0196111667
   0.0201663138
   0.0205256142
   0.0213042238
   0.0212866694
   0.0211264482
   0.0208485401
   0.0204869441
   0.0200819236
   0.0196763373
   0.0193108566
   0.0190180631
   0.0188157360
   0.0187000365
   0.0186397392
   0.0185731243
   0.0184096899
   0.0180397221
   0.0173565683
   0.0164147745
   0.0169832428
   0.0171396331
   0.0170808266
   0.0169846856
   0.0169806703
   0.0171405078
   0.0174821116
   0.0179814804
   0.0185878593
   0.0192384116
   0.0198700696
   0.0204276883
   0.0208687270
   0.0211652590
   0.0219219402
   0.0219253849
   0.0218133098
   0.0216066791
   0.0213342371
   0.0210292536
   0.0207253667
   0.0204515409
   0.0202264133
   0.0200526657
   0.0199124994
   0.0197657680
   0.0195528344
   0.0192047785
   0.0186641741
   0.0179197167
   0.0168306281
   0.0176614109
   0.0181607830
   0.0184000371
   0.0184976993
   0.0185697085
   0.0187020925
   0.0189406965
   0.0192927956
   0.0197357559
   0.0202285235
   0.0207227914
   0.0211720017
   0.0215375329
   0.0217922436
   0.0225040813
   0.0225211614
   0.0224436635
   0.0222888268
   0.0220803800
   0.0218449653
   0.0216077640
   0.0213876054
   0.0211921483
   0.0210141308
   0.0208301198
   0.0206035793
   0.0202942852
   0.0198758181
   0.0193611603
   0.0188312937
   0.0184502319
   0.0176315886
   0.0183154015
   0.0188962887
   0.0193053903
   0.0195649914
   0.0197409618
   0.0199046587
   0.0201096018
   0.0203817496
   0.0207198795
   0.0211020262
   0.0214943445
   0.0218597442
   0.0221647916
   0.0223843516
   0.0230305024
   0.0230553614
   0.0229981357
   0.0228739562
   0.0227035266
   0.0225088887
   0.0223085681
   0.0221128243
   0.0219201540
   0.0217166262
   0.0214798791
   0.0211893530
   0.0208429481
   0.0204766872
   0.0201769641
   0.0200660705
   0.0202415806
   0.0206800432
   0.0211762938
   0.0214140357
   0.0211684009
   0.0204877971
   0.0196794733
   0.0190977767
   0.0189248913
   0.0191174495
   0.0195072843
   0.0199290284
   0.0202879208
   0.0205641841
   0.0207856913
   0.0209959481
   0.0212306011
   0.0215057976
   0.0218166594
   0.0221422334
   0.0224532234
   0.0227197026
   0.0229171925
   0.0234858354
   0.0235148277
   0.0234710790
   0.0233676228
   0.0232220529
   0.0230517933
   0.0228692652
   0.0226783146
   0.0224736477
   0.0222450265
   0.0219870857
   0.0217130741
   0.0214659791
   0.0213144804
   0.0213204106
   0.0214813909
   0.0216896684
   0.0217682907
   0.0215915041
   0.0211947069
   0.0207603597
   0.0204851308
   0.0204548842
   0.0206273465
   0.0209007095
   0.0211875139
   0.0214473476
   0.0216813750
   0.0219104396
   0.0221542315
   0.0224193120
   0.0226966079
   0.0229654799
   0.0232006896
   0.0233793096
   0.0238584216
   0.0238883785
   0.0238483265
   0.0237506493
   0.0236114841
   0.0234450848
   0.0232595371
   0.0230563252
   0.0228356383
   0.0226067753
   0.0223979334
   0.0222537470
   0.0222095068
   0.0222495069
   0.0222894528
   0.0222257334
   0.0220277108
   0.0217777145
   0.0216059794
   0.0215895743
   0.0217161506
   0.0219238493
   0.0221567655
   0.0223902647
   0.0226248235
   0.0228677045
   0.0231185181
   0.0233645417
   0.0235842457
   0.0237546444
   0.0241395256
   0.0241673604
   0.0241195730
   0.0240102078
   0.0238564724
   0.0236723183
   0.0234681218
   0.0232582457
   0.0230699276
   0.0229378085
   0.0228740594
   0.0228385141
   0.0227622728
   0.0226253284
   0.0224931097
   0.0224531391
   0.0225348690
   0.0227059401
   0.0229209294
   0.0231539620
   0.0233957292
   0.0236366427
   0.0238574986
   0.0240326216
   0.0243227695
   0.0243441984
   0.0242771200
   0.0241410000
   0.0239602940
   0.0237614017
   0.0235774715
   0.0234399617
   0.0233469331
   0.0232592189
   0.0231661687
   0.0231235411
   0.0231850191
   0.0233431420
   0.0235574154
   0.0237931998
   0.0240216427
   0.0242091847
   0.0244037590
   0.0244096821
   0.0243016208
   0.0241239433
   0.0239362408
   0.0237874433
   0.0236832426
   0.0236305525
   0.0236807008
   0.0238443396
   0.0240667397
   0.0242759888
   0.0243798966
   0.0243386823
   0.0241578426
   0.0240167195
   0.0240330531
   0.0242191713
   0.0242504147
  -0.0029739451
  -0.0049221574
  -0.0047612528
  -0.0028783604
  -0.0006538756
  -0.0007675871
  -0.0031586666
  -0.0065445951
  -0.0067441127
  -0.0061861677
  -0.0048989051
  -0.0028652319
  -0.0002821308
   0.0020916955
   0.0030511978
   0.0019146794
  -0.0006882979
  -0.0034463190
  -0.0054734723
  -0.0078803658
  -0.0080820459
  -0.0078758161
  -0.0073037876
  -0.0063464759
  -0.0049228353
  -0.0029326926
  -0.0003583987
   0.0025842854
   0.0053251123
   0.0070222613
   0.0069765823
   0.0051283593
   0.0021268894
  -0.0011008184
  -0.0038605449
  -0.0058825179
  -0.0071848429
  -0.0089619348
  -0.0091091643
  -0.0090037985
  -0.0086849307
  -0.0081664210
  -0.0074262068
  -0.0064007088
  -0.0049903532
  -0.0030818028
  -0.0005928540
   0.0024560188
   0.0058517893
   0.0091197804
   0.0115589173
   0.0124711266
   0.0115196863
   0.0089258488
   0.0053442783
   0.0015636365
  -0.0017944696
  -0.0044379349
  -0.0063573398
  -0.0076709421
  -0.0085065200
  -0.0098153369
  -0.0099067259
  -0.0098289795
  -0.0096111240
  -0.0092738587
  -0.0088224334
  -0.0082397072
  -0.0074813835
  -0.0064748659
  -0.0051230597
  -0.0033150128
  -0.0009466073
   0.0020442748
   0.0056251285
   0.0096030538
   0.0135649737
   0.0168712122
   0.0187889993
   0.0187963491
   0.0168475714
   0.0133547017
   0.0089874545
   0.0044785374
   0.0004351330
  -0.0028136181
  -0.0052312148
  -0.0069557304
  -0.0081624610
  -0.0089888254
  -0.0095220148
  -0.0104603402
  -0.0105096848
  -0.0104333149
  -0.0102522326
  -0.0099863862
  -0.0096492199
  -0.0092419826
  -0.0087487803
  -0.0081329780
  -0.0073352936
  -0.0062738401
  -0.0048466014
  -0.0029375912
  -0.0004293494
   0.0027740092
   0.0067088672
   0.0112979373
   0.0162824923
   0.0201698729
   0.0147860470
  -0.0037496706
  -0.0060117602
  -0.0075556133
  -0.0086234083
  -0.0093795876
  -0.0099135144
  -0.0102669266
  -0.0109106178
  -0.0109368392
  -0.0108665358
  -0.0107133111
  -0.0104938478
  -0.0102235375
  -0.0099120157
  -0.0095590951
  -0.0091513876
  -0.0086597430
  -0.0080375040
  -0.0072194859
  -0.0061216119
  -0.0046413883
  -0.0026600904
  -0.0000487868
   0.0033181029
   0.0075374295
   0.0126377301
  -0.0084813277
  -0.0092420953
  -0.0097919560
  -0.0102185272
  -0.0105482370
  -0.0107808211
  -0.0111739684
  -0.0111977209
  -0.0111409867
  -0.0110120534
  -0.0108248376
  -0.0105947806
  -0.0103348923
  -0.0100521889
  -0.0097446626
  -0.0093988414
  -0.0089879101
  -0.0084702770
  -0.0077883742
  -0.0068674249
  -0.0056139538
  -0.0039141180
  -0.0016327299
   0.0013846904
   0.0053027320
   0.0102754344
   0.0164134403
  -0.0101062537
  -0.0102857889
  -0.0104785205
  -0.0106931688
  -0.0109019552
  -0.0110709024
  -0.0112526198
  -0.0112961838
  -0.0112697051
  -0.0111770017
  -0.0110290643
  -0.0108402064
  -0.0106245690
  -0.0103930481
  -0.0101506825
  -0.0098945130
  -0.0096118917
  -0.0092791664
  -0.0088605981
  -0.0083072757
  -0.0075556943
  -0.0065255734
  -0.0051164914
  -0.0032031784
  -0.0006301215
   0.0027921972
   0.0072849629
   0.0130879400
  -0.0108239037
  -0.0107716530
  -0.0108552610
  -0.0110002916
  -0.0111464377
  -0.0111436377
  -0.0112300958
  -0.0112497696
  -0.0112033836
  -0.0111000553
  -0.0109533890
  -0.0107781224
  -0.0105872676
  -0.0103897166
  -0.0101882851
  -0.0099781712
  -0.0097457749
  -0.0094677873
  -0.0091103844
  -0.0086282642
  -0.0079631274
  -0.0070410202
  -0.0057677609
  -0.0040215561
  -0.0016421466
   0.0015830461
   0.0059325945
   0.0117574889
  -0.0108881414
  -0.0106800926
  -0.0107018940
  -0.0108372817
  -0.0110025929
  -0.0108394534
  -0.0109918198
  -0.0110772190
  -0.0110941331
  -0.0110500266
  -0.0109575233
  -0.0108312649
  -0.0106853071
  -0.0105309693
  -0.0103750898
  -0.0102186564
  -0.0100557783
  -0.0098729457
  -0.0096484888
  -0.0093520788
  -0.0089440183
  -0.0083739102
  -0.0075780471
  -0.0064744972
  -0.0049543394
  -0.0028669113
   0.0000033389
   0.0039695002
  -0.0104688607
  -0.0102082686
  -0.0102390595
  -0.0104144699
  -0.0106353573
  -0.0103285125
  -0.0105683374
  -0.0107379719
  -0.0108346171
  -0.0108644688
  -0.0108391121
  -0.0107726579
  -0.0106794216
  -0.0105720310
  -0.0104599005
  -0.0103480358
  -0.0102361485
  -0.0101180508
  -0.0099812925
  -0.0098069645
  -0.0095695468
  -0.0092365870
  -0.0087678464
  -0.0081132890
  -0.0072088220
  -0.0059678741
  -0.0042654640
  -0.0019090957
  -0.0095566306
  -0.0093509143
  -0.0094608892
  -0.0097241002
  -0.0100349655
  -0.0095960403
  -0.0099531885
  -0.0102287753
  -0.0104199106
  -0.0105331692
  -0.0105808067
  -0.0105778400
  -0.0105397339
  -0.0104805472
  -0.0104114602
  -0.0103396453
  -0.0102674604
  -0.0101919509
  -0.0101046396
  -0.0099915665
  -0.0098335091
  -0.0096062523
  -0.0092806699
  -0.0088221683
  -0.0081886243
  -0.0073250704
  -0.0061514614
  -0.0045354473
  -0.0082153850
  -0.0080944069
  -0.0083287713
  -0.0087285862
  -0.0091747830
  -0.0086249073
  -0.0091231005
  -0.0095252754
  -0.0098294075
  -0.0100428462
  -0.0101785626
  -0.0102523136
  -0.0102804288
  -0.0102780588
  -0.0102578022
  -0.0102286708
  -0.0101953811
  -0.0101579679
  -0.0101117229
  -0.0100474557
  -0.0099520652
  -0.0098093878
  -0.0096012456
  -0.0093085171
  -0.0089118226
  -0.0083908393
  -0.0077196670
  -0.0063327513
  -0.0064089991
  -0.0068417009
  -0.0074288563
  -0.0080472776
  -0.0073965644
  -0.0080564971
  -0.0086032823
  -0.0090367282
  -0.0093653623
  -0.0096029296
  -0.0097657743
  -0.0098708138
  -0.0099339476
  -0.0099688203
  -0.0099859061
  -0.0099919072
  -0.0099894761
  -0.0099772823
  -0.0099504517
  -0.0099014170
  -0.0098212347
  -0.0097014401
  -0.0095365373
  -0.0093272230
  -0.0090843259
  -0.0088326935
  -0.0038983041
  -0.0042881227
  -0.0049914897
  -0.0058133855
  -0.0066373030
  -0.0058919994
  -0.0067562302
  -0.0074790443
  -0.0080636852
  -0.0085217803
  -0.0088698158
  -0.0091265202
  -0.0093108527
  -0.0094404396
  -0.0095303852
  -0.0095924360
  -0.0096345037
  -0.0096605804
  -0.0096710919
  -0.0096637654
  -0.0096351225
  -0.0095827760
  -0.0095088182
  -0.0094247825
  -0.0093589666
  -0.0093672257
  -0.0008374553
  -0.0016141071
  -0.0026680783
  -0.0038006565
  -0.0048964839
  -0.0040926259
  -0.0051851737
  -0.0061037589
  -0.0068563287
  -0.0074582211
  -0.0079288810
  -0.0082894092
  -0.0085606741
  -0.0087618518
  -0.0089093444
  -0.0090160729
  -0.0090911737
  -0.0091401569
  -0.0091656131
  -0.0091686059
  -0.0091509625
  -0.0091188222
  -0.0090880573
  -0.0090926591
  -0.0091980022
  -0.0095216416
   0.0015794068
   0.0000825067
  -0.0014208651
  -0.0028301878
  -0.0019809530
  -0.0033203884
  -0.0044499779
  -0.0053834150
  -0.0061401759
  -0.0067427355
  -0.0072144410
  -0.0075778474
  -0.0078534349
  -0.0080586869
  -0.0082075548
  -0.0083103649
  -0.0083742560
  -0.0084042814
  -0.0084053811
  -0.0083855624
  -0.0083608642
  -0.0083631261
  -0.0084524129
  -0.0087372573
   0.0032531963
   0.0013286978
  -0.0004275764
   0.0004592430
  -0.0011928011
  -0.0025792053
  -0.0037226335
  -0.0046498301
  -0.0053891827
  -0.0059687648
  -0.0064147727
  -0.0067503434
  -0.0069947969
  -0.0071633807
  -0.0072676381
  -0.0073165737
  -0.0073188823
  -0.0072866703
  -0.0072414080
  -0.0072234310
  -0.0073074075
  -0.0076278464
   0.0071010229
   0.0046107047
   0.0023923874
   0.0032437292
   0.0012514019
  -0.0004108326
  -0.0017765754
  -0.0028809297
  -0.0037587331
  -0.0044429528
  -0.0049633458
  -0.0053454927
  -0.0056103366
  -0.0057743909
  -0.0058508316
  -0.0058517836
  -0.0057922794
  -0.0056966996
  -0.0056091132
  -0.0056100747
  -0.0058438973
   0.0083348928
   0.0055964379
   0.0063904214
   0.0040353394
   0.0020836956
   0.0004890356
  -0.0007930432
  -0.0018041654
  -0.0025821370
  -0.0031599744
  -0.0035652880
  -0.0038202764
  -0.0039426049
  -0.0039475051
  -0.0038515720
  -0.0036789982
  -0.0034714762
  -0.0033038094
  -0.0033078229
   0.0091976646
   0.0099249696
   0.0071326223
   0.0048482722
   0.0030062042
   0.0015482578
   0.0004229364
  -0.0004143612
  -0.0010008999
  -0.0013665610
  -0.0015346644
  -0.0015241131
  -0.0013533752
  -0.0010469693
  -0.0006453476
  -0.0002191014
   0.0133021620
   0.0138906362
   0.0106150823
   0.0079802937
   0.0058937670
   0.0042799018
   0.0030758994
   0.0022303999
   0.0017029373
   0.0014630685
   0.0014884317
   0.0017612237
   0.0022628343
   0.0029669656
   0.0038335809
   0.0144453846
   0.0113899154
   0.0090528867
   0.0073282879
   0.0061356060
   0.0054149230
   0.0051244640
   0.0052383533
   0.0057438534
   0.0066390188
   0.0079349241
   0.0126981456
   0.0109698413
   0.0099557392
   0.0095932291
   0.0098534595
   0.0107411525
   0.0123023197
   0.0150775044
  -0.0015136040
  -0.0038092623
  -0.0017712645
   0.0010428658
   0.0012067967
  -0.0013986125
  -0.0036119325
  -0.0057255604
  -0.0045127651
  -0.0022073042
   0.0010029656
   0.0041110818
   0.0055067367
   0.0044045986
   0.0016254004
  -0.0014031310
  -0.0037934598
  -0.0053065654
  -0.0059558019
  -0.0073017392
  -0.0065296576
  -0.0051079846
  -0.0028741557
   0.0002776939
   0.0040996342
   0.0077429356
   0.0100231346
   0.0101265783
   0.0081420175
   0.0049311058
   0.0014942937
  -0.0015129648
  -0.0038475798
  -0.0055254014
  -0.0066516886
  -0.0073136821
  -0.0075396583
  -0.0085714952
  -0.0080754043
  -0.0072068477
  -0.0058594491
  -0.0038452722
  -0.0009302797
   0.0029794048
   0.0075605159
   0.0119886864
   0.0152209721
   0.0164342239
   0.0153772902
   0.0124954137
   0.0086600724
   0.0047063759
   0.0011706150
  -0.0017199746
  -0.0039500450
  -0.0056115447
  -0.0068264103
  -0.0077001077
  -0.0083001190
  -0.0086527116
  -0.0087516650
  -0.0095633144
  -0.0092476419
  -0.0087243412
  -0.0079589945
  -0.0068572058
  -0.0052179802
   0.0175636523
   0.0128964839
   0.0082734591
   0.0041478947
   0.0007107771
  -0.0020197872
  -0.0041209098
  -0.0057090705
  -0.0069043990
  -0.0078100776
  -0.0085021389
  -0.0090265686
  -0.0094019072
  -0.0096259840
  -0.0096851191
  -0.0103006834
  -0.0100907961
  -0.0097659554
  -0.0093405971
  -0.0088019304
   0.0146639258
   0.0093789767
   0.0048931460
   0.0012511743
  -0.0016103621
  -0.0038068153
  -0.0054695299
  -0.0067245029
  -0.0076807529
  -0.0084245729
  -0.0090174326
  -0.0094965288
  -0.0098776106
  -0.0101598522
  -0.0103324187
  -0.0103820702
  -0.0108022629
  -0.0106523688
  -0.0104477235
  -0.0102364499
  -0.0100703013
   0.0159573692
   0.0101582451
   0.0054095632
   0.0016277813
  -0.0013176219
  -0.0035726661
  -0.0052796669
  -0.0065669129
  -0.0075439642
  -0.0082998893
  -0.0089029320
  -0.0094010512
  -0.0098232840
  -0.0101820523
  -0.0104765172
  -0.0106969941
  -0.0108303237
  -0.0108659508
  -0.0110820817
  -0.0109471924
  -0.0107931863
  -0.0106928418
  -0.0107458170
   0.0130356228
   0.0075089895
   0.0031681375
  -0.0001877358
  -0.0027471650
  -0.0046783412
  -0.0061258480
  -0.0072108322
  -0.0080325587
  -0.0086700857
  -0.0091836739
  -0.0096160405
  -0.0099937387
  -0.0103289464
  -0.0106218692
  -0.0108638799
  -0.0110414413
  -0.0111408054
  -0.0111534394
  -0.0111497937
  -0.0109933568
  -0.0108362440
  -0.0107648988
  -0.0109089155
   0.0159005557
   0.0095504373
   0.0046481672
   0.0008956125
  -0.0019528383
  -0.0040980420
  -0.0057027718
  -0.0068984896
  -0.0077912882
  -0.0084663653
  -0.0089910457
  -0.0094167326
  -0.0097802600
  -0.0101050625
  -0.0104024827
  -0.0106734324
  -0.0109105481
  -0.0111009191
  -0.0112294403
  -0.0112828374
  -0.0112544358
  -0.0110110216
  -0.0107951218
  -0.0105840982
  -0.0104747598
  -0.0106199754
   0.0079684314
   0.0032851669
  -0.0002273157
  -0.0028555302
  -0.0048146214
  -0.0062680382
  -0.0073421480
  -0.0081363543
  -0.0087296105
  -0.0091843595
  -0.0095488248
  -0.0098583842
  -0.0101365509
  -0.0103959233
  -0.0106393410
  -0.0108613948
  -0.0110503837
  -0.0111907788
  -0.0112662530
  -0.0112633599
  -0.0111760123
  -0.0106678011
  -0.0103603452
  -0.0100510130
  -0.0098377507
  -0.0098804669
   0.0058351198
   0.0015899640
  -0.0015430532
  -0.0038656531
  -0.0055879601
  -0.0068611221
  -0.0077980940
  -0.0084862712
  -0.0089948456
  -0.0093789056
  -0.0096816304
  -0.0099354601
  -0.0101628039
  -0.0103766449
  -0.0105812648
  -0.0107732279
  -0.0109427065
  -0.0110752038
  -0.0111537163
  -0.0111613974
  -0.0110848232
  -0.0109180504
  -0.0101191196
  -0.0096920846
  -0.0092461977
  -0.0088723738
  -0.0087223851
   0.0032077344
  -0.0003834817
  -0.0030088376
  -0.0049516461
  -0.0063952123
  -0.0074653246
  -0.0082538664
  -0.0088316511
  -0.0092552290
  -0.0095703600
  -0.0098136832
  -0.0100134683
  -0.0101899655
  -0.0103556648
  -0.0105156480
  -0.0106681474
  -0.0108053738
  -0.0109146569
  -0.0109799233
  -0.0109835482
  -0.0109086343
  -0.0107418246
  -0.0104768441
  -0.0093615403
  -0.0087715216
  -0.0081375106
  -0.0075481883
  -0.0071561557
  -0.0030927497
  -0.0050218516
  -0.0064558031
  -0.0075252991
  -0.0083180740
  -0.0088992119
  -0.0093205904
  -0.0096251172
  -0.0098484365
  -0.0100194413
  -0.0101602808
  -0.0102862397
  -0.0104056977
  -0.0105202867
  -0.0106253121
  -0.0107104759
  -0.0107609198
  -0.0107586071
  -0.0106840666
  -0.0105185544
  -0.0102467389
  -0.0098601171
  -0.0083898824
  -0.0076095419
  -0.0067507648
  -0.0058921491
  -0.0051727977
  -0.0055053125
  -0.0067466443
  -0.0077010816
  -0.0084305202
  -0.0089785527
  -0.0093813591
  -0.0096712461
  -0.0098773366
  -0.0100251655
  -0.0101359316
  -0.0102257505
  -0.0103050773
  -0.0103783818
  -0.0104441185
  -0.0104950104
  -0.0105186529
  -0.0104984376
  -0.0104147996
  -0.0102468031
  -0.0099741097
  -0.0095794257
  -0.0090516215
  -0.0071979237
  -0.0062064393
  -0.0050953428
  -0.0039266703
  -0.0028137546
  -0.0019515976
  -0.0074351844
  -0.0080790568
  -0.0086272057
  -0.0090741437
  -0.0094224927
  -0.0096823011
  -0.0098683061
  -0.0099971935
  -0.0100852811
  -0.0101466852
  -0.0101919482
  -0.0102270900
  -0.0102530539
  -0.0102655195
  -0.0102550602
  -0.0102076250
  -0.0101053290
  -0.0099275403
  -0.0096522677
  -0.0092578794
  -0.0087252258
  -0.0080403271
  -0.0057790751
  -0.0045195434
  -0.0030858411
  -0.0015256106
   0.0000683052
  -0.0088070080
  -0.0090286250
  -0.0092804700
  -0.0095115459
  -0.0096990594
  -0.0098375736
  -0.0099313411
  -0.0099890282
  -0.0100200558
  -0.0100320637
  -0.0100291990
  -0.0100110493
  -0.0099721048
  -0.0099016759
  -0.0097842088
  -0.0095999594
  -0.0093259934
  -0.0089374983
  -0.0084094140
  -0.0077184352
  -0.0068455080
  -0.0041269573
  -0.0025772748
  -0.0007914113
   0.0012037972
   0.0033480651
  -0.0093500707
  -0.0093559391
  -0.0094476033
  -0.0095565269
  -0.0096496820
  -0.0097144616
  -0.0097491427
  -0.0097567239
  -0.0097408611
  -0.0097031864
  -0.0096416033
  -0.0095493185
  -0.0094144594
  -0.0092201750
  -0.0089451487
  -0.0085644646
  -0.0080507893
  -0.0073758490
  -0.0065122168
  -0.0054354807
  -0.0022357880
  -0.0003837218
   0.0017699316
   0.0042230927
  -0.0094885721
  -0.0092189840
  -0.0091614039
  -0.0091930267
  -0.0092479697
  -0.0092935186
  -0.0093154773
  -0.0093090523
  -0.0092730231
  -0.0092059600
  -0.0091038044
  -0.0089584166
  -0.0087568527
  -0.0084812154
  -0.0081089683
  -0.0076136301
  -0.0069657818
  -0.0061343359
  -0.0050880398
  -0.0037972154
  -0.0001004509
   0.0021414080
   0.0047775229
   0.0078339203
  -0.0090681382
  -0.0086598297
  -0.0085373423
  -0.0085410089
  -0.0085837897
  -0.0086206625
  -0.0086298016
  -0.0086010499
  -0.0085286773
  -0.0084067779
  -0.0082264019
  -0.0079739024
  -0.0076301833
  -0.0071706352
  -0.0065656069
  -0.0057812865
  -0.0047808833
  -0.0035260151
  -0.0019782122
   0.0022839153
   0.0049400169
   0.0080936467
  -0.0075778124
  -0.0074758584
  -0.0075073063
  -0.0075739477
  -0.0076237622
  -0.0076300621
  -0.0075786074
  -0.0074595142
  -0.0072621581
  -0.0069720654
  -0.0065692061
  -0.0060273141
  -0.0053139745
  -0.0043912686
  -0.0032167906
  -0.0017448471
   0.0000723687
   0.0049229789
   0.0080101306
   0.0117085633
  -0.0059022456
  -0.0059225608
  -0.0060439454
  -0.0061713335
  -0.0062531071
  -0.0062614634
  -0.0061797792
  -0.0059945083
  -0.0056900626
  -0.0052457505
  -0.0046341962
  -0.0038208404
  -0.0027642080
  -0.0014166573
   0.0002746959
   0.0023672554
   0.0078249928
   0.0114422059
  -0.0035242545
  -0.0037455456
  -0.0040274951
  -0.0042744797
  -0.0044323937
  -0.0044708821
  -0.0043703894
  -0.0041133703
  -0.0036786085
  -0.0030378402
  -0.0021540885
  -0.0009812251
   0.0005357035
   0.0024599023
   0.0048627027
   0.0110029310
   0.0152016983
  -0.0001682618
  -0.0008044849
  -0.0013753751
  -0.0018195542
  -0.0020969004
  -0.0021824385
  -0.0020572424
  -0.0017007974
  -0.0010856145
  -0.0001739696
   0.0010836498
   0.0027489760
   0.0048960768
   0.0076124006
   0.0144755682
   0.0034798400
   0.0023150548
   0.0014622430
   0.0009177570
   0.0006881764
   0.0007857646
   0.0012319226
   0.0020616213
   0.0033266228
   0.0050973069
   0.0074641164
   0.0105409790
   0.0073480007
   0.0057527964
   0.0047419678
   0.0042593564
   0.0042905681
   0.0048506596
   0.0059829891
   0.0077610272
   0.0102914933
   0.0137221067
   0.0100260000
   0.0088258598
   0.0085302054
   0.0091146847
   0.0106280679
   0.0131884669
   0.0138026487
   0.0143031468
   0.0194717213
   0.0192119632
   0.0192627955
   0.0194817469
   0.0196427348
   0.0195823360
   0.0193685922
   0.0188600118
   0.0188429017
   0.0189492442
   0.0191575236
   0.0194015004
   0.0196108352
   0.0197282133
   0.0197223429
   0.0195988790
   0.0193948161
   0.0191673346
   0.0189766122
   0.0184122749
   0.0183612159
   0.0183916912
   0.0185223095
   0.0187323771
   0.0189807995
   0.0192317406
   0.0194573651
   0.0196315388
   0.0197311564
   0.0197434662
   0.0196700553
   0.0195237345
   0.0193230572
   0.0190915293
   0.0188604211
   0.0186627590
   0.0185147269
   0.0178653939
   0.0177838820
   0.0177530343
   0.0178129918
   0.0179702839
   0.0181963375
   0.0184537942
   0.0187166383
   0.0189710673
   0.0192065719
   0.0194095068
   0.0195635270
   0.0196544337
   0.0196749811
   0.0196265700
   0.0195172270
   0.0193574854
   0.0191571669
   0.0189259632
   0.0186782154
   0.0184373383
   0.0182313940
   0.0180764826
   0.0179624208
   0.0172172415
   0.0170990432
   0.0170007179
   0.0169832875
   0.0170799123
   0.0172779043
   0.0175366633
   0.0178161752
   0.0180929775
   0.0183596046
   0.0186155856
   0.0188587914
   0.0190814931
   0.0192712469
   0.0194145473
   0.0195008809
   0.0195254839
   0.0194900283
   0.0194012510
   0.0192681419
   0.0190987805
   0.0188982412
   0.0186690026
   0.0184146160
   0.0181456244
   0.0178839468
   0.0176597083
   0.0174966344
   0.0173923238
   0.0173127704
   0.0164692730
   0.0162949848
   0.0161027529
   0.0159874313
   0.0160165328
   0.0161950323
   0.0164773805
   0.0168035747
   0.0171285776
   0.0174323507
   0.0177145302
   0.0179831743
   0.0182448551
   0.0184993195
   0.0187388111
   0.0189505580
   0.0191205808
   0.0192373157
   0.0192941365
   0.0192903854
   0.0192309072
   0.0191243144
   0.0189803999
   0.0188072950
   0.0186091847
   0.0183855540
   0.0181329048
   0.0178494094
   0.0175417544
   0.0172313360
   0.0169545424
   0.0167513067
   0.0166414779
   0.0166016604
   0.0165666740
   0.0156318584
   0.0153735162
   0.0150361673
   0.0147648052
   0.0146793718
   0.0148154076
   0.0151265829
   0.0155284517
   0.0159435744
   0.0163253065
   0.0166597461
   0.0169553458
   0.0172295375
   0.0174979664
   0.0177684032
   0.0180391399
   0.0183005971
   0.0185386182
   0.0187381450
   0.0188863900
   0.0189750383
   0.0190013290
   0.0189680554
   0.0188826134
   0.0187552733
   0.0185969007
   0.0184164429
   0.0182186337
   0.0180025284
   0.0177616078
   0.0174861842
   0.0171685550
   0.0168105489
   0.0164315461
   0.0160727019
   0.0157909153
   0.0156370803
   0.0156219407
   0.0156895255
   0.0157283736
   0.0147363141
   0.0139476532
   0.0145250617
   0.0150526502
   0.0154941335
   0.0158527838
   0.0161536821
   0.0164275180
   0.0166993965
   0.0169831879
   0.0172804757
   0.0175826059
   0.0178743233
   0.0181377725
   0.0183560427
   0.0185158307
   0.0186090868
   0.0186336928
   0.0185932857
   0.0184963564
   0.0183547302
   0.0181815419
   0.0179888539
   0.0177851562
   0.0175731194
   0.0173481272
   0.0170982659
   0.0168065271
   0.0164559056
   0.0160376569
   0.0155619220
   0.0150678140
   0.0146267590
   0.0143297034
   0.0148228591
   0.0134302893
   0.0140708713
   0.0145597802
   0.0149260224
   0.0152158294
   0.0154753203
   0.0157399336
   0.0160298126
   0.0163496712
   0.0166915239
   0.0170388205
   0.0173708434
   0.0176666104
   0.0179078943
   0.0180812494
   0.0181791148
   0.0182001358
   0.0181488507
   0.0180348478
   0.0178714573
   0.0176740164
   0.0174577518
   0.0172353768
   0.0170145901
   0.0167957885
   0.0165704548
   0.0163208337
   0.0160216454
   0.0156446634
   0.0151669009
   0.0145826744
   0.0139184626
   0.0124276977
   0.0131280843
   0.0136048715
   0.0139289686
   0.0141753578
   0.0144070975
   0.0146674094
   0.0149778171
   0.0153403816
   0.0157422677
   0.0161611781
   0.0165705837
   0.0169440996
   0.0172587231
   0.0174969352
   0.0176478186
   0.0177074085
   0.0176784683
   0.0175698224
   0.0173953104
   0.0171723690
   0.0169202216
   0.0166576673
   0.0164005110
   0.0161587668
   0.0159338917
   0.0157164468
   0.0154847526
   0.0152052766
   0.0148356896
   0.0143317199
   0.0136590563
   0.0120858979
   0.0124811743
   0.0127136667
   0.0128864610
   0.0130768767
   0.0133326037
   0.0136732275
   0.0140951284
   0.0145780198
   0.0150917353
   0.0156022943
   0.0160767080
   0.0164863663
   0.0168091147
   0.0170302788
   0.0171429265
   0.0171476204
   0.0170518271
   0.0168690640
   0.0166177832
   0.0163199406
   0.0159991752
   0.0156785416
   0.0153777920
   0.0151102917
   0.0148797687
   0.0146772291
   0.0144785225
   0.0142432125
   0.0139156226
   0.0134292378
   0.0127161226
   0.0120293106
   0.0125380844
   0.0131343647
   0.0137773558
   0.0144235074
   0.0150317093
   0.0155667381
   0.0160011921
   0.0163162874
   0.0165018951
   0.0165561381
   0.0164847566
   0.0163003454
   0.0160214712
   0.0156716038
   0.0152777533
   0.0148686897
   0.0144726452
   0.0141144575
   0.0138121970
   0.0135734303
   0.0133913897
   0.0132414422
   0.0130783917
   0.0128353133
   0.0124248858
   0.0117447243
   0.0127998458
   0.0136282390
   0.0143720079
   0.0149925515
   0.0154628734
   0.0157672376
   0.0159003442
   0.0158663612
   0.0156779848
   0.0153555515
   0.0149261203
   0.0144223619
   0.0138810502
   0.0133409464
   0.0128399108
   0.0124111662
   0.0120787590
   0.0118523989
   0.0117219896
   0.0144273739
   0.0149087174
   0.0151667537
   0.0152035815
   0.0150315215
   0.0146721024
   0.0141552927
   0.0135187658
   0.0128069074
   0.0118484332
   0.0088218514
   0.0098628030
   0.0106449338
   0.0113047396
   0.0120832413
   0.0112146453
   0.0086052214
   0.0075889200
   0.0118206635
   0.0129623355
   0.0138715995
   0.0145170954
   0.0148824170
   0.0128888277
   0.0101173313
   0.0112226890
   0.0120447452
   0.0125612174
   0.0127646636
   0.0126615093
   0.0122712721
   0.0116259347
   0.0107692461
   0.0089486312
   0.0098321664
   0.0103688009
   0.0105520967
   0.0103900772
   0.0099044319
   0.0075974687
   0.0081493520
   0.0083077345
   0.0080818944
   0.0074952490
   0.0056675609
   0.0060179458
   0.0059288644
   0.0033899558
   0.0037344800
   0.0035810413
   0.0014488460
   0.0144724564
   0.0102809328
   0.0102266809
   0.0108512819
   0.0074678858
   0.0068543881
   0.0066314207
   0.0068019685
   0.0073889301
   0.0084319006
   0.0099879340
   0.0047838047
   0.0041900709
   0.0038035588
   0.0036378297
   0.0037137850
   0.0040561760
   0.0046947784
   0.0056666256
   0.0070180545
   0.0088066024
   0.0111038155
   0.0016409837
   0.0013849772
   0.0011898736
   0.0010992201
   0.0011468987
   0.0013605861
   0.0017659546
   0.0023902166
   0.0032646514
   0.0044261931
   0.0059184033
   0.0077923856
   0.0101085928
  -0.0009598787
  -0.0009741916
  -0.0010212835
  -0.0010408435
  -0.0009917539
  -0.0008446667
  -0.0005762107
  -0.0001647906
   0.0004122680
   0.0011804953
   0.0021692387
   0.0034120704
   0.0049469350
   0.0068164256
   0.0090687930
  -0.0030571288
  -0.0029150535
  -0.0028587442
  -0.0028220917
  -0.0027619532
  -0.0026492214
  -0.0024625949
  -0.0021842930
  -0.0017971779
  -0.0012829152
  -0.0006209074
   0.0002122011
   0.0012426124
   0.0024992143
   0.0040133438
   0.0058186973
   0.0079517437
   0.0104532682
  -0.0046406412
  -0.0044379758
  -0.0043319319
  -0.0042610736
  -0.0041860774
  -0.0040809806
  -0.0039273387
  -0.0037103089
  -0.0034160502
  -0.0030300563
  -0.0025361707
  -0.0019161113
  -0.0011493746
  -0.0002134181
   0.0009159743
   0.0022642340
   0.0038575710
   0.0057227236
   0.0078871787
  -0.0061023052
  -0.0057565381
  -0.0055687399
  -0.0054601374
  -0.0053814732
  -0.0053015875
  -0.0052000423
  -0.0050622688
  -0.0048763487
  -0.0046308990
  -0.0043137343
  -0.0039110980
  -0.0034073229
  -0.0027848205
  -0.0020243232
  -0.0011053199
  -0.0000066309
   0.0012929262
   0.0028138365
   0.0045752404
   0.0065945091
  -0.0072791910
  -0.0068101591
  -0.0065493135
  -0.0064028916
  -0.0063128929
  -0.0062433657
  -0.0061717551
  -0.0060833028
  -0.0059673500
  -0.0058148813
  -0.0056169133
  -0.0053634880
  -0.0050431126
  -0.0046425449
  -0.0041468508
  -0.0035396810
  -0.0028037288
  -0.0019213398
  -0.0008752570
   0.0003505048
   0.0017696596
   0.0033925271
   0.0052248325
  -0.0075663893
  -0.0072624088
  -0.0070948781
  -0.0070003775
  -0.0069399390
  -0.0068896847
  -0.0068348302
  -0.0067657413
  -0.0066752973
  -0.0065571242
  -0.0064044362
  -0.0062093195
  -0.0059623558
  -0.0056525115
  -0.0052672465
  -0.0047928060
  -0.0042146721
  -0.0035181638
  -0.0026891830
  -0.0017151233
  -0.0005859750
   0.0007043113
   0.0021561171
   0.0037619928
  -0.0079169450
  -0.0076471421
  -0.0075076840
  -0.0074380968
  -0.0074016798
  -0.0073764883
  -0.0073495675
  -0.0073131538
  -0.0072621223
  -0.0071922567
  -0.0070990911
  -0.0069771686
  -0.0068196167
  -0.0066179758
  -0.0063622351
  -0.0060410471
  -0.0056420992
  -0.0051526335
  -0.0045601131
  -0.0038530526
  -0.0030220462
  -0.0020610602
  -0.0009690993
   0.0002475820
   0.0015724616
   0.0029745456
  -0.0078768094
  -0.0077212157
  -0.0076626345
  -0.0076521663
  -0.0076608917
  -0.0076723362
  -0.0076775841
  -0.0076720178
  -0.0076530967
  -0.0076188354
  -0.0075667727
  -0.0074933064
  -0.0073933113
  -0.0072599873
  -0.0070849017
  -0.0068582025
  -0.0065689852
  -0.0062058084
  -0.0057573612
  -0.0052133011
  -0.0045653004
  -0.0038083746
  -0.0029426123
  -0.0019755031
  -0.0009251803
   0.0001749222
   0.0012692093
  -0.0076508402
  -0.0075490485
  -0.0075530210
  -0.0076073358
  -0.0076790514
  -0.0077496499
  -0.0078097117
  -0.0078553232
  -0.0078855952
  -0.0079009245
  -0.0079017723
  -0.0078878218
  -0.0078574267
  -0.0078072959
  -0.0077323743
  -0.0076258972
  -0.0074795984
  -0.0072840643
  -0.0070292284
  -0.0067050136
  -0.0063021397
  -0.0058131333
  -0.0052336068
  -0.0045639197
  -0.0038114053
  -0.0029934622
  -0.0021419942
  -0.0013099806
  -0.0005814460
  -0.0067970623
  -0.0069735076
  -0.0071715156
  -0.0073647190
  -0.0075384850
  -0.0076862006
  -0.0078064498
  -0.0079009053
  -0.0079727560
  -0.0080255351
  -0.0080622590
  -0.0080848116
  -0.0080935360
  -0.0080870026
  -0.0080619348
  -0.0080132790
  -0.0079344092
  -0.0078174609
  -0.0076537943
  -0.0074345937
  -0.0071516183
  -0.0067981377
  -0.0063701087
  -0.0058676854
  -0.0052972179
  -0.0046739839
  -0.0040260517
  -0.0033999115
  -0.0028689157
  -0.0053326259
  -0.0058711749
  -0.0063406266
  -0.0067425180
  -0.0070793741
  -0.0073558810
  -0.0075786166
  -0.0077553275
  -0.0078941220
  -0.0080027233
  -0.0080878390
  -0.0081546651
  -0.0082065300
  -0.0082446793
  -0.0082681977
  -0.0082740670
  -0.0082573569
  -0.0082115472
  -0.0081289850
  -0.0080014817
  -0.0078210658
  -0.0075809202
  -0.0072765519
  -0.0069072791
  -0.0064781704
  -0.0060026534
  -0.0055061440
  -0.0050312549
  -0.0046454878
  -0.0044528495
  -0.0041011715
  -0.0049924600
  -0.0057108918
  -0.0062901611
  -0.0067549577
  -0.0071253311
  -0.0074186036
  -0.0076500905
  -0.0078332460
  -0.0079795544
  -0.0080983350
  -0.0081965532
  -0.0082786905
  -0.0083467045
  -0.0084000945
  -0.0084360867
  -0.0084499428
  -0.0084354013
  -0.0083852571
  -0.0082920957
  -0.0081492038
  -0.0079516980
  -0.0076979395
  -0.0073913443
  -0.0070427662
  -0.0066737312
  -0.0063209644
  -0.0060429017
  -0.0059292681
  -0.0015473116
  -0.0030325407
  -0.0041947105
  -0.0051117378
  -0.0058374171
  -0.0064114212
  -0.0068647535
  -0.0072226719
  -0.0075062019
  -0.0077328709
  -0.0079170294
  -0.0080699711
  -0.0081999809
  -0.0083123891
  -0.0084096807
  -0.0084916911
  -0.0085559065
  -0.0085978853
  -0.0086118109
  -0.0085911907
  -0.0085297202
  -0.0084223451
  -0.0082665720
  -0.0080641112
  -0.0078229831
  -0.0075602909
  -0.0073059757
  -0.0071080304
  -0.0070398829
  -0.0072109570
   0.0015441018
  -0.0006540428
  -0.0023536302
  -0.0036797575
  -0.0047198522
  -0.0055374784
  -0.0061807950
  -0.0066876372
  -0.0070885009
  -0.0074082530
  -0.0076670849
  -0.0078810377
  -0.0080623072
  -0.0082194622
  -0.0083576618
  -0.0084789259
  -0.0085824978
  -0.0086653220
  -0.0087226568
  -0.0087488396
  -0.0087382264
  -0.0086863370
  -0.0085912559
  -0.0084553651
  -0.0082875309
  -0.0081059257
  -0.0079417552
  -0.0078442789
  -0.0078876471
  -0.0081801743
   0.0048825677
   0.0019309279
  -0.0003498460
  -0.0021233476
  -0.0035082335
  -0.0045923139
  -0.0054422329
  -0.0061098941
  -0.0066365824
  -0.0070555273
  -0.0073934578
  -0.0076715386
  -0.0079059576
  -0.0081083444
  -0.0082861426
  -0.0084430184
  -0.0085793581
  -0.0086928945
  -0.0087794872
  -0.0088340824
  -0.0088518789
  -0.0088297376
  -0.0087678911
  -0.0086720401
  -0.0085559618
  -0.0084448148
  -0.0083793779
  -0.0084215085
  -0.0086610534
   0.0085243038
   0.0048230463
   0.0019356856
  -0.0003213464
  -0.0020882952
  -0.0034729213
  -0.0045588377
  -0.0054117965
  -0.0060841873
  -0.0066180964
  -0.0070473080
  -0.0073985909
  -0.0076925466
  -0.0079442262
  -0.0081636640
  -0.0083564321
  -0.0085242889
  -0.0086659691
  -0.0087781508
  -0.0088566280
  -0.0088977179
  -0.0088999390
  -0.0088660127
  -0.0088052609
  -0.0087364959
  -0.0086915075
  -0.0087192209
  -0.0088904446
  -0.0093026711
   0.0078769988
   0.0044201011
   0.0016821278
  -0.0004812531
  -0.0021874962
  -0.0035317066
  -0.0045907999
  -0.0054270973
  -0.0060911457
  -0.0066237686
  -0.0070574973
  -0.0074175762
  -0.0077227243
  -0.0079858071
  -0.0082145302
  -0.0084122388
  -0.0085788798
  -0.0087121636
  -0.0088089548
  -0.0088669127
  -0.0088864046
  -0.0088727166
  -0.0088385805
  -0.0088070106
  -0.0088143572
  -0.0089132734
  -0.0091748213
   0.0105228084
   0.0066143175
   0.0034679332
   0.0009538486
  -0.0010432795
  -0.0026232563
  -0.0038706242
  -0.0048559795
  -0.0056376221
  -0.0062630744
  -0.0067703131
  -0.0071887462
  -0.0075400504
  -0.0078389927
  -0.0080943471
  -0.0083099880
  -0.0084862133
  -0.0086213301
  -0.0087135118
  -0.0087629221
  -0.0087740767
  -0.0087583734
  -0.0087366316
  -0.0087412975
  -0.0088175989
  -0.0090222492
   0.0125810857
   0.0083615496
   0.0048935611
   0.0020864098
  -0.0001592034
  -0.0019404184
  -0.0033459921
  -0.0044535281
  -0.0053287625
  -0.0060258070
  -0.0065877533
  -0.0070474218
  -0.0074282477
  -0.0077453757
  -0.0080070438
  -0.0082163130
  -0.0083731606
  -0.0084769088
  -0.0085289088
  -0.0085353168
  -0.0085096603
  -0.0084746407
  -0.0084621598
  -0.0085098168
  -0.0086510542
   0.0098934995
   0.0062172030
   0.0031714910
   0.0007017678
  -0.0012702047
  -0.0028288465
  -0.0040546570
  -0.0050189928
  -0.0057817170
  -0.0063904381
  -0.0068806931
  -0.0072768318
  -0.0075935382
  -0.0078379699
  -0.0080124578
  -0.0081176230
  -0.0081556361
  -0.0081331402
  -0.0080630243
  -0.0079637112
  -0.0078538712
  -0.0077397012
   0.0110380566
   0.0073508145
   0.0041658416
   0.0015187369
  -0.0006225013
  -0.0023230001
  -0.0036587111
  -0.0047031692
  -0.0055202996
  -0.0061610290
  -0.0066623636
  -0.0070482360
  -0.0073317359
  -0.0075183816
  -0.0076099669
  -0.0076082382
  -0.0075172334
  -0.0073425117
  -0.0070848282
  -0.0067255624
  -0.0062027946
   0.0115264136
   0.0081504017
   0.0049991953
   0.0022593709
  -0.0000112841
  -0.0018327598
  -0.0032630168
  -0.0043713412
  -0.0052224499
  -0.0058682661
  -0.0063449953
  -0.0066739069
  -0.0068645664
  -0.0069191389
  -0.0068359167
  -0.0066095464
  -0.0062249221
  -0.0056423896
  -0.0047759825
  -0.0034766227
   0.0127938764
   0.0109659680
   0.0082624865
   0.0053180806
   0.0025562929
   0.0001940614
  -0.0017079927
  -0.0031781643
  -0.0042798888
  -0.0050777891
  -0.0056205880
  -0.0059361060
  -0.0060334801
  -0.0059072436
  -0.0055371463
  -0.0048784143
  -0.0038435498
  -0.0022934301
  -0.0000772399
   0.0028459070
   0.0062493271
   0.0095873364
   0.0121438401
   0.0133073686
   0.0128354977
   0.0076539340
   0.0053496320
   0.0027275795
   0.0003130670
  -0.0016485225
  -0.0031103261
  -0.0041136670
  -0.0047114020
  -0.0049322812
  -0.0047719199
  -0.0041903532
  -0.0031043000
  -0.0013946394
   0.0010055222
   0.0039100519
   0.0067247652
   0.0086062435
   0.0089233812
   0.0047658518
   0.0027234935
   0.0003392965
  -0.0016435275
  -0.0029508260
  -0.0035437427
  -0.0034115466
  -0.0024958848
  -0.0007270933
   0.0017489832
   0.0041962328
   0.0054227030
   0.0022525616
   0.0002637406
  -0.0015635843
  -0.0018046507
  -0.0002484753
   0.0019859444
   0.0000737154
   0.0109098238
   0.0096171865
   0.0087287308
   0.0082042445
   0.0080126867
   0.0081303089
   0.0085395552
   0.0109078606
   0.0090983420
   0.0076649614
   0.0065642113
   0.0057592859
   0.0052189872
   0.0049165543
   0.0048279215
   0.0049291712
   0.0051932982
   0.0055871143
   0.0113931105
   0.0092715831
   0.0075002475
   0.0060414066
   0.0048612675
   0.0039293423
   0.0032183168
   0.0027038887
   0.0023642372
   0.0021788611
   0.0021265302
   0.0021820952
   0.0023118944
   0.0024675964
   0.0025788233
   0.0096347666
   0.0076786816
   0.0060057695
   0.0045910843
   0.0034102454
   0.0024396564
   0.0016569305
   0.0010412738
   0.0005736604
   0.0002366594
   0.0000137682
  -0.0001119160
  -0.0001599166
  -0.0001558085
  -0.0001363294
  -0.0001568619
  -0.0003022129
   0.0088613883
   0.0069483599
   0.0052736908
   0.0038240337
   0.0025836389
   0.0015351516
   0.0006604748
  -0.0000584416
  -0.0006389661
  -0.0010973634
  -0.0014486497
  -0.0017068029
  -0.0018854299
  -0.0019990371
  -0.0020651165
  -0.0021073758
  -0.0021606324
  -0.0022782263
  -0.0025433478
   0.0070300856
   0.0053064862
   0.0037711744
   0.0024223806
   0.0012528012
   0.0002512974
  -0.0005956796
  -0.0013029207
  -0.0018855300
  -0.0023582236
  -0.0027348681
  -0.0030282869
  -0.0032503863
  -0.0034126777
  -0.0035273146
  -0.0036088185
  -0.0036767760
  -0.0037599555
  -0.0039026027
  -0.0041742103
   0.0051885312
   0.0036870319
   0.0023197535
   0.0010975400
   0.0000223576
  -0.0009099914
  -0.0017078268
  -0.0023820311
  -0.0029448465
  -0.0034089501
  -0.0037867680
  -0.0040900167
  -0.0043294837
  -0.0045150789
  -0.0046562136
  -0.0047625915
  -0.0048455469
  -0.0049201372
  -0.0050083297
  -0.0051438476
  -0.0053796430
  -0.0057996955
   0.0033305621
   0.0020774687
   0.0009016255
  -0.0001729563
  -0.0011345721
  -0.0019800364
  -0.0027119918
  -0.0033369475
  -0.0038638135
  -0.0043027840
  -0.0046644859
  -0.0049593458
  -0.0051971570
  -0.0053868488
  -0.0055364780
  -0.0056534789
  -0.0057452326
  -0.0058200455
  -0.0058886828
  -0.0059666846
  -0.0060778421
  -0.0062594684
  -0.0065705669
  -0.0071048336
   0.0020023647
   0.0010115657
   0.0000118447
  -0.0009468999
  -0.0018347887
  -0.0026356575
  -0.0033427921
  -0.0039559606
  -0.0044792869
  -0.0049196821
  -0.0052856591
  -0.0055864267
  -0.0058312033
  -0.0060287204
  -0.0061869060
  -0.0063127555
  -0.0064124105
  -0.0064914811
  -0.0065556691
  -0.0066117805
  -0.0066692658
  -0.0067425079
  -0.0068542263
  -0.0070406124
  -0.0073592752
   0.0000602423
  -0.0006288253
  -0.0014023836
  -0.0021889587
  -0.0029437679
  -0.0036401453
  -0.0042638622
  -0.0048092630
  -0.0052765557
  -0.0056698531
  -0.0059957142
  -0.0062620353
  -0.0064771982
  -0.0066494243
  -0.0067863084
  -0.0068945234
  -0.0069797026
  -0.0070465154
  -0.0070989677
  -0.0071409747
  -0.0071772812
  -0.0072148436
  -0.0072648597
  -0.0073457477
  -0.0074875828
  -0.0077388660
  -0.0081771430
  -0.0018861368
  -0.0022534676
  -0.0027826913
  -0.0033815185
  -0.0039903792
  -0.0045719124
  -0.0051040359
  -0.0055752653
  -0.0059814648
  -0.0063235222
  -0.0066056371
  -0.0068340247
  -0.0070159182
  -0.0071587950
  -0.0072697873
  -0.0073552552
  -0.0074205163
  -0.0074697342
  -0.0075059810
  -0.0075314943
  -0.0075481660
  -0.0075583159
  -0.0075658346
  -0.0075778249
  -0.0076069506
  -0.0076748336
  -0.0078170641
  -0.0080907570
  -0.0037836547
  -0.0038333249
  -0.0041151621
  -0.0045203319
  -0.0049766914
  -0.0054372844
  -0.0058726523
  -0.0062656047
  -0.0066075791
  -0.0068960394
  -0.0071325635
  -0.0073214007
  -0.0074683567
  -0.0075799214
  -0.0076625845
  -0.0077223099
  -0.0077641519
  -0.0077920076
  -0.0078085087
  -0.0078150581
  -0.0078120272
  -0.0077991340
  -0.0077760328
  -0.0077431618
  -0.0077029164
  -0.0076612493
  -0.0076298500
  -0.0076291258
  -0.0076922762
  -0.0053334244
  -0.0053574054
  -0.0055703618
  -0.0058815117
  -0.0062304014
  -0.0065778310
  -0.0068996089
  -0.0071821801
  -0.0074194986
  -0.0076107313
  -0.0077585287
  -0.0078676905
  -0.0079441171
  -0.0079939796
  -0.0080230662
  -0.0080362822
  -0.0080372904
  -0.0080282889
  -0.0080099248
  -0.0079813488
  -0.0079404172
  -0.0078840489
  -0.0078087483
  -0.0077113062
  -0.0075896851
  -0.0074440848
  -0.0072781408
  -0.0071000856
  -0.0069233538
  -0.0067568241
  -0.0065274301
  -0.0065469272
  -0.0067099198
  -0.0069443243
  -0.0072019581
  -0.0074518175
  -0.0076752578
  -0.0078624914
  -0.0080099912
  -0.0081185214
  -0.0081916104
  -0.0082343425
  -0.0082523925
  -0.0082512511
  -0.0082356136
  -0.0082089125
  -0.0081729856
  -0.0081278726
  -0.0080717368
  -0.0080009058
  -0.0079100237
  -0.0077922968
  -0.0076398057
  -0.0074438254
  -0.0071950499
  -0.0068835142
  -0.0064978069
  -0.0060227365
  -0.0075816691
  -0.0074248818
  -0.0074482361
  -0.0075725892
  -0.0077432116
  -0.0079235160
  -0.0080903147
  -0.0082302422
  -0.0083370321
  -0.0084094109
  -0.0084494413
  -0.0084611942
  -0.0084496729
  -0.0084199365
  -0.0083763895
  -0.0083222178
  -0.0082589567
  -0.0081861819
  -0.0081013121
  -0.0079995113
  -0.0078736695
  -0.0077144302
  -0.0075102095
  -0.0072471182
  -0.0069086335
  -0.0064747593
  -0.0059202141
  -0.0052108273
  -0.0042966667
  -0.0087636618
  -0.0083010887
  -0.0081037241
  -0.0080736318
  -0.0081391261
  -0.0082495133
  -0.0083704005
  -0.0084798189
  -0.0085651053
  -0.0086204076
  -0.0086446787
  -0.0086400458
  -0.0086104704
  -0.0085606396
  -0.0084950485
  -0.0084172461
  -0.0083292277
  -0.0082309591
  -0.0081200189
  -0.0079913424
  -0.0078370404
  -0.0076462545
  -0.0074049863
  -0.0070958023
  -0.0066972601
  -0.0061828055
  -0.0055187432
  -0.0046606448
  -0.0035471956
  -0.0020899789
  -0.0089631196
  -0.0086451767
  -0.0085187845
  -0.0085097277
  -0.0085627242
  -0.0086386254
  -0.0087113469
  -0.0087650132
  -0.0087914588
  -0.0087880968
  -0.0087561116
  -0.0086989283
  -0.0086209164
  -0.0085262943
  -0.0084182135
  -0.0082980036
  -0.0081645633
  -0.0080138793
  -0.0078386480
  -0.0076279608
  -0.0073669935
  -0.0070366098
  -0.0066127388
  -0.0060653192
  -0.0053564998
  -0.0044376496
  -0.0032445655
  -0.0016901300
   0.0003462893
   0.0030328663
  -0.0093540796
  -0.0089837708
  -0.0088019209
  -0.0087439530
  -0.0087569540
  -0.0088008254
  -0.0088473445
  -0.0088783753
  -0.0088838408
  -0.0088597345
  -0.0088062867
  -0.0087263189
  -0.0086237939
  -0.0085025539
  -0.0083652394
  -0.0082123783
  -0.0080416324
  -0.0078471816
  -0.0076192136
  -0.0073434678
  -0.0070007580
  -0.0065663578
  -0.0060090863
  -0.0052898672
  -0.0043594678
  -0.0031550792
  -0.0015954448
   0.0004254877
   0.0030457556
   0.0064417544
  -0.0090302515
  -0.0088640470
  -0.0088023674
  -0.0088052626
  -0.0088380985
  -0.0088742132
  -0.0088952415
  -0.0088902428
  -0.0088542854
  -0.0087868391
  -0.0086901618
  -0.0085677733
  -0.0084230648
  -0.0082580666
  -0.0080723836
  -0.0078622952
  -0.0076200027
  -0.0073329898
  -0.0069834391
  -0.0065476181
  -0.0059951143
  -0.0052877624
  -0.0043780859
  -0.0032070914
  -0.0017013803
   0.0002301352
   0.0026990250
   0.0058380319
   0.0097980635
  -0.0087246981
  -0.0086473512
  -0.0086223121
  -0.0086439241
  -0.0086929398
  -0.0087474323
  -0.0087885448
  -0.0088028539
  -0.0087827008
  -0.0087253977
  -0.0086318704
  -0.0085050731
  -0.0083483709
  -0.0081640038
  -0.0079516988
  -0.0077074604
  -0.0074225456
  -0.0070825995
  -0.0066669008
  -0.0061476352
  -0.0054890892
  -0.0046466503
  -0.0035655367
  -0.0021793212
  -0.0004086247
   0.0018391002
   0.0046671229
   0.0081825677
  -0.0078246046
  -0.0080324794
  -0.0081977952
  -0.0083396115
  -0.0084569709
  -0.0085414152
  -0.0085842538
  -0.0085799317
  -0.0085268473
  -0.0084266543
  -0.0082827584
  -0.0080984645
  -0.0078750638
  -0.0076100360
  -0.0072954662
  -0.0069167151
  -0.0064513336
  -0.0058681703
  -0.0051266035
  -0.0041758540
  -0.0029544591
  -0.0013902728
   0.0005981205
   0.0030969818
   0.0061878682
   0.0099312614
  -0.0061433270
  -0.0068395183
  -0.0073209274
  -0.0076692159
  -0.0079250347
  -0.0081044271
  -0.0082119562
  -0.0082489586
  -0.0082175270
  -0.0081214537
  -0.0079652909
  -0.0077524134
  -0.0074826986
  -0.0071502317
  -0.0067412861
  -0.0062327174
  -0.0055908308
  -0.0047707586
  -0.0037164554
  -0.0023616501
  -0.0006325749
   0.0015459848
   0.0042390455
   0.0074818394
   0.0112510012
   0.0131734526
   0.0091371529
  -0.0032451278
  -0.0047486109
  -0.0058002762
  -0.0065368154
  -0.0070550892
  -0.0074132114
  -0.0076424648
  -0.0077596519
  -0.0077755356
  -0.0076988035
  -0.0075365518
  -0.0072926094
  -0.0069648515
  -0.0065423641
  -0.0060030565
  -0.0053121287
  -0.0044217181
  -0.0032721488
  -0.0017955649
   0.0000765930
   0.0024000022
   0.0051952046
   0.0084154253
   0.0119066099
   0.0115728621
   0.0137792020
   0.0131209501
   0.0104770085
   0.0072514667
   0.0039438367
   0.0009532624
  -0.0014986943
  -0.0033695432
  -0.0047324663
  -0.0056989375
  -0.0063681026
  -0.0068098155
  -0.0070681058
  -0.0071705986
  -0.0071358108
  -0.0069760199
  -0.0066964201
  -0.0062922542
  -0.0057456097
  -0.0050232720
  -0.0040767829
  -0.0028458681
  -0.0012668038
   0.0007120186
   0.0031047861
   0.0058524167
   0.0087812477
   0.0082715166
   0.0099149770
   0.0103955083
   0.0095241060
   0.0074932300
   0.0047808631
   0.0019384727
  -0.0006054991
  -0.0026404034
  -0.0041445990
  -0.0051922891
  -0.0058742905
  -0.0062629186
  -0.0064077421
  -0.0063405716
  -0.0060778650
  -0.0056186363
  -0.0049408299
  -0.0040004073
  -0.0027373492
  -0.0010927155
   0.0009592227
   0.0033623412
   0.0059221233
   0.0053990884
   0.0065438794
   0.0063604888
   0.0048592255
   0.0025352110
   0.0000565041
  -0.0020789070
  -0.0036672260
  -0.0047109319
  -0.0052852722
  -0.0054634994
  -0.0052936413
  -0.0047915046
  -0.0039372410
  -0.0026836088
  -0.0009906413
   0.0011031994
   0.0033839809
   0.0029027391
   0.0035308047
   0.0025586418
   0.0005043855
  -0.0016546110
  -0.0032574133
  -0.0041184296
  -0.0042747996
  -0.0037858901
  -0.0026705156
  -0.0009614510
   0.0011087092
   0.0007381085
   0.0005697028
  -0.0013446787
  -0.0027422021
  -0.0025753807
  -0.0010073637
  -0.0011326838
   0.0144722565
   0.0014491973
   0.0037348598
   0.0035821354
   0.0033896392
   0.0060183326
   0.0059300432
   0.0056671670
   0.0082778715
   0.0082429283
   0.0078337376
   0.0071738245
   0.0079221601
   0.0105048209
   0.0105144565
   0.0101879518
   0.0095536587
   0.0094314066
   0.0101441132
   0.0127023594
   0.0127517470
   0.0125026968
   0.0119810305
   0.0112247062
   0.0107011596
   0.0116695008
   0.0123414784
   0.0148827972
   0.0128934836
   0.0118175168
   0.0129600462
   0.0138701912
   0.0145165791
   0.0089815222
   0.0081457419
   0.0120836057
   0.0112130767
   0.0088260809
   0.0098648167
   0.0106450692
   0.0113033195
   0.0112124758
   0.0152124408
   0.0151425436
   0.0148734696
   0.0144310786
   0.0138493013
   0.0131693123
   0.0124382808
   0.0146961101
   0.0150660953
   0.0159005654
   0.0158664413
   0.0156779499
   0.0153554404
   0.0149259741
   0.0144222113
   0.0138809014
   0.0133407676
   0.0128396207
   0.0124106263
   0.0120777722
   0.0118507147
   0.0117193170
   0.0128002915
   0.0136287943
   0.0143726109
   0.0149931319
   0.0154633690
   0.0157676055
   0.0165455172
   0.0165356378
   0.0164056396
   0.0161712285
   0.0158535699
   0.0154780860
   0.0150728988
   0.0146668011
   0.0142866820
   0.0139544030
   0.0136832221
   0.0134739736
   0.0133113342
   0.0131606347
   0.0129658282
   0.0126494232
   0.0121155651
   0.0122716830
   0.0128286639
   0.0134536126
   0.0141035328
   0.0147355110
   0.0153110222
   0.0157985788
   0.0161750435
   0.0164259969
   0.0171432379
   0.0171477726
   0.0170518256
   0.0168689146
   0.0166174861
   0.0163194824
   0.0159985215
   0.0156776302
   0.0153765282
   0.0151085475
   0.0148773852
   0.0146740228
   0.0144742939
   0.0142377554
   0.0139087303
   0.0134207032
   0.0127057297
   0.0120960128
   0.0124891917
   0.0127198887
   0.0128912003
   0.0130804449
   0.0133352923
   0.0136752893
   0.0140967645
   0.0145793750
   0.0150929009
   0.0156033177
   0.0160776048
   0.0164871327
   0.0168097392
   0.0170307498
   0.0176893560
   0.0177037592
   0.0176333436
   0.0174895915
   0.0172883336
   0.0170481370
   0.0167882932
   0.0165264192
   0.0162757529
   0.0160423343
   0.0158223958
   0.0156004426
   0.0153486703
   0.0150285567
   0.0145956617
   0.0140088469
   0.0132451218
   0.0128205550
   0.0133994290
   0.0137885162
   0.0140633559
   0.0142944221
   0.0145354136
   0.0148186153
   0.0151553228
   0.0155394523
   0.0159527072
   0.0163700240
   0.0167644353
   0.0171108938
   0.0173889297
   0.0175842322
   0.0181795056
   0.0182003291
   0.0181488428
   0.0180346285
   0.0178710059
   0.0176732974
   0.0174567107
   0.0172339378
   0.0170126562
   0.0167932440
   0.0165671709
   0.0163166752
   0.0160164784
   0.0156383626
   0.0151593557
   0.0145737991
   0.0139082156
   0.0134417592
   0.0140805560
   0.0145678316
   0.0149326182
   0.0152211648
   0.0154795984
   0.0157433526
   0.0160325533
   0.0163518863
   0.0166933333
   0.0170403106
   0.0173720712
   0.0176676100
   0.0179086840
   0.0180818380
   0.0186095175
   0.0186338995
   0.0185932621
   0.0184960867
   0.0183541863
   0.0181806798
   0.0179876117
   0.0177834539
   0.0175708613
   0.0173452071
   0.0170945746
   0.0168019617
   0.0164503800
   0.0160311152
   0.0155543578
   0.0150593039
   0.0146175190
   0.0143201687
   0.0148217439
   0.0147396146
   0.0139593069
   0.0145352802
   0.0150614223
   0.0155015281
   0.0158589191
   0.0161587067
   0.0164315952
   0.0167026900
   0.0169858481
   0.0172826309
   0.0175843569
   0.0178757436
   0.0181389115
   0.0183569313
   0.0185164862
   0.0189755105
   0.0190015493
   0.0189680156
   0.0188822939
   0.0187546406
   0.0185959061
   0.0184150222
   0.0182167099
   0.0180000172
   0.0177584261
   0.0174822614
   0.0171638475
   0.0168050591
   0.0164253492
   0.0160659850
   0.0157840274
   0.0156305776
   0.0156165863
   0.0156861937
   0.0157278427
   0.0156345568
   0.0153793490
   0.0150445289
   0.0147747780
   0.0146900004
   0.0148259083
   0.0151364227
   0.0155373267
   0.0159513506
   0.0163319641
   0.0166653390
   0.0169599742
   0.0172333258
   0.0175010457
   0.0177708972
   0.0180411547
   0.0183022168
   0.0185399040
   0.0187391384
   0.0188871164
   0.0192739148
   0.0192998722
   0.0192670655
   0.0191824910
   0.0190556924
   0.0188959594
   0.0187096537
   0.0184985665
   0.0182603029
   0.0179914687
   0.0176936282
   0.0173803445
   0.0170812030
   0.0168368138
   0.0166806447
   0.0166130166
   0.0165870588
   0.0165294373
   0.0163930670
   0.0162009105
   0.0160371565
   0.0159900715
   0.0160972521
   0.0163347581
   0.0166453556
   0.0169741695
   0.0172886936
   0.0175800550
   0.0178535909
   0.0181176207
   0.0183756572
   0.0186235266
   0.0188505111
   0.0190427214
   0.0191869683
   0.0195014471
   0.0195257229
   0.0194899306
   0.0194007913
   0.0192672817
   0.0190974733
   0.0188964433
   0.0186666898
   0.0184118064
   0.0181424070
   0.0178805148
   0.0176563877
   0.0174938882
   0.0173906986
   0.0173127647
   0.0172191306
   0.0171027553
   0.0170058475
   0.0169892432
   0.0170861014
   0.0172838587
   0.0175420806
   0.0178209027
   0.0180969743
   0.0183629029
   0.0186182567
   0.0188609190
   0.0190831553
   0.0192725063
   0.0194154478
   0.0196550552
   0.0196752213
   0.0196264211
   0.0195166663
   0.0193564856
   0.0191557158
   0.0189240926
   0.0186760388
   0.0184350894
   0.0182294471
   0.0180753195
   0.0179625103
   0.0178670060
   0.0177869464
   0.0177571573
   0.0178176245
   0.0179749145
   0.0182006026
   0.0184574970
   0.0187197149
   0.0189735376
   0.0192084950
   0.0194109489
   0.0195645419
   0.0197318411
   0.0197437082
   0.0196698586
   0.0195231051
   0.0193220397
   0.0190902604
   0.0188591816
   0.0186619797
   0.0185148835
   0.0184136659
   0.0183637674
   0.0183949812
   0.0185257972
   0.0187356266
   0.0189835663
   0.0192339437
   0.0194590179
   0.0196326872
   0.0197289710
   0.0197225942
   0.0195986904
   0.0193943525
   0.0191669513
   0.0189768289
   0.0188612240
   0.0188450221
   0.0189517494
   0.0191598634
   0.0194033656
   0.0196121391
   0.0196435782
   0.0195826680
   0.0193689312
   0.0192130291
   0.0192644591
   0.0194831961
   0.0194726660
  -0.0011370930
  -0.0027461952
  -0.0025796536
  -0.0010120190
   0.0007332210
   0.0005651653
  -0.0013486986
  -0.0041220752
  -0.0042786893
  -0.0037900353
  -0.0026749497
  -0.0009662340
   0.0011035458
   0.0028973237
   0.0035255349
   0.0025540063
   0.0005005088
  -0.0016580705
  -0.0032608638
  -0.0052886406
  -0.0054671201
  -0.0052974788
  -0.0047955425
  -0.0039414895
  -0.0026881074
  -0.0009954556
   0.0010979949
   0.0033783501
   0.0053931169
   0.0065378617
   0.0063549136
   0.0048545512
   0.0025315538
   0.0000535631
  -0.0020816041
  -0.0036700377
  -0.0047140134
  -0.0062660785
  -0.0064111659
  -0.0063442043
  -0.0060816699
  -0.0056225948
  -0.0049449411
  -0.0040046898
  -0.0027418428
  -0.0010974827
   0.0009540994
   0.0033567753
   0.0059160602
   0.0082649948
   0.0099082050
   0.0103889134
   0.0095182608
   0.0074886136
   0.0047775989
   0.0019362605
  -0.0006072009
  -0.0026421038
  -0.0041466090
  -0.0051947163
  -0.0058771171
  -0.0070711210
  -0.0071738848
  -0.0071393059
  -0.0069796797
  -0.0067002146
  -0.0062961652
  -0.0057496303
  -0.0050274072
  -0.0040810511
  -0.0028503039
  -0.0012714614
   0.0007070634
   0.0030994373
   0.0058465719
   0.0087748260
   0.0115658490
   0.0137717143
   0.0131148731
   0.0104725939
   0.0072488565
   0.0039427095
   0.0009529840
  -0.0014988019
  -0.0033699806
  -0.0047334834
  -0.0057005815
  -0.0063703076
  -0.0068124767
  -0.0077172469
  -0.0077828907
  -0.0077516726
  -0.0076316073
  -0.0074284666
  -0.0071434739
  -0.0067704551
  -0.0062931682
  -0.0056833012
  -0.0048994885
  -0.0038876914
  -0.0025835077
  -0.0009174937
   0.0011746297
   0.0037343477
   0.0067531355
   0.0101358407
   0.0111738321
  -0.0022737651
  -0.0040617352
  -0.0053212522
  -0.0062014938
  -0.0068202410
  -0.0072538122
  -0.0075452379
  -0.0082148451
  -0.0082521250
  -0.0082209071
  -0.0081250009
  -0.0079689703
  -0.0077561977
  -0.0074865659
  -0.0071541648
  -0.0067452723
  -0.0062367489
  -0.0055949052
  -0.0047748799
  -0.0037206359
  -0.0023659141
  -0.0006369644
   0.0015414020
   0.0042341696
   0.0074765396
   0.0112451299
  -0.0061413245
  -0.0068388736
  -0.0073214113
  -0.0076705806
  -0.0079270630
  -0.0081069485
  -0.0085713636
  -0.0085913357
  -0.0085628113
  -0.0084859831
  -0.0083636089
  -0.0081992907
  -0.0079955654
  -0.0077520344
  -0.0074636650
  -0.0071193328
  -0.0067006185
  -0.0061808267
  -0.0055241646
  -0.0046850153
  -0.0036073096
  -0.0022241921
  -0.0004585793
   0.0017741631
   0.0045595023
   0.0079709180
   0.0120499444
  -0.0076867351
  -0.0079356686
  -0.0081191582
  -0.0082728290
  -0.0084038728
  -0.0085064361
  -0.0087914605
  -0.0088060244
  -0.0087860752
  -0.0087289386
  -0.0086355487
  -0.0085088643
  -0.0083522532
  -0.0081679572
  -0.0079557045
  -0.0077115007
  -0.0074266042
  -0.0070866614
  -0.0066709519
  -0.0061516621
  -0.0054930786
  -0.0046505889
  -0.0035694127
  -0.0021831276
  -0.0004123673
   0.0018353904
   0.0046633744
   0.0081786583
  -0.0087228017
  -0.0086469874
  -0.0086230685
  -0.0086454907
  -0.0086950945
  -0.0087500205
  -0.0088771714
  -0.0088984388
  -0.0088936364
  -0.0088578439
  -0.0087905375
  -0.0086939785
  -0.0085716883
  -0.0084270587
  -0.0082621204
  -0.0080764786
  -0.0078664132
  -0.0076241258
  -0.0073371006
  -0.0069875197
  -0.0065516496
  -0.0059990752
  -0.0052916274
  -0.0043818254
  -0.0032106721
  -0.0017047703
   0.0002269563
   0.0026960469
   0.0058351897
   0.0097952202
  -0.0090302095
  -0.0088650436
  -0.0088041008
  -0.0088075270
  -0.0088407558
  -0.0088281036
  -0.0088688160
  -0.0088880872
  -0.0088791250
  -0.0088402636
  -0.0087732243
  -0.0086815690
  -0.0085693459
  -0.0084399204
  -0.0082949798
  -0.0081337039
  -0.0079520829
  -0.0077423594
  -0.0074925525
  -0.0071860022
  -0.0068008401
  -0.0063092483
  -0.0056763139
  -0.0048582187
  -0.0037994425
  -0.0024286480
  -0.0006530500
   0.0016484803
   0.0046324507
  -0.0091413109
  -0.0088748248
  -0.0087629754
  -0.0087467671
  -0.0087797857
  -0.0086416628
  -0.0087145847
  -0.0087684279
  -0.0087950330
  -0.0087918157
  -0.0087599605
  -0.0087028921
  -0.0086249785
  -0.0085304370
  -0.0084224181
  -0.0083022507
  -0.0081688330
  -0.0080181514
  -0.0078429017
  -0.0076321738
  -0.0073711407
  -0.0070406611
  -0.0066166557
  -0.0060690510
  -0.0053599781
  -0.0044407835
  -0.0032472376
  -0.0016921981
   0.0003449778
   0.0030324372
  -0.0089639397
  -0.0086467694
  -0.0085209102
  -0.0085122373
  -0.0085655260
  -0.0083133157
  -0.0084307440
  -0.0085293654
  -0.0086002035
  -0.0086400339
  -0.0086495795
  -0.0086320347
  -0.0085918476
  -0.0085337113
  -0.0084617311
  -0.0083787454
  -0.0082857857
  -0.0081816617
  -0.0080626563
  -0.0079223108
  -0.0077512674
  -0.0075371198
  -0.0072641954
  -0.0069131431
  -0.0064601320
  -0.0058753464
  -0.0051202711
  -0.0041429715
  -0.0028701342
  -0.0011940828
  -0.0084933144
  -0.0081779989
  -0.0080751369
  -0.0081006553
  -0.0081940421
  -0.0078368882
  -0.0080128047
  -0.0081674916
  -0.0082914294
  -0.0083810780
  -0.0084370135
  -0.0084624482
  -0.0084620376
  -0.0084409087
  -0.0084038706
  -0.0083547789
  -0.0082960394
  -0.0082282384
  -0.0081498906
  -0.0080572934
  -0.0079444708
  -0.0078031821
  -0.0076229527
  -0.0073910575
  -0.0070923407
  -0.0067086715
  -0.0062176899
  -0.0055902283
  -0.0047853120
  -0.0037407488
  -0.0077628783
  -0.0074769080
  -0.0074221504
  -0.0075043951
  -0.0076576289
  -0.0072048948
  -0.0074548863
  -0.0076784698
  -0.0078658536
  -0.0080135061
  -0.0081221869
  -0.0081954199
  -0.0082382857
  -0.0082564558
  -0.0082554185
  -0.0082398672
  -0.0082132333
  -0.0081773539
  -0.0081322684
  -0.0080761396
  -0.0080052942
  -0.0079143738
  -0.0077965804
  -0.0076439862
  -0.0074478524
  -0.0071988503
  -0.0068869792
  -0.0065007727
  -0.0060249541
  -0.0067592191
  -0.0065299543
  -0.0065495482
  -0.0067126346
  -0.0069471429
  -0.0064088928
  -0.0067458833
  -0.0070493563
  -0.0073098352
  -0.0075241200
  -0.0076933015
  -0.0078212464
  -0.0079134161
  -0.0079759348
  -0.0080148509
  -0.0080355626
  -0.0080423891
  -0.0080382797
  -0.0080246588
  -0.0080014096
  -0.0079670004
  -0.0079187629
  -0.0078533294
  -0.0077672423
  -0.0076577447
  -0.0075237553
  -0.0073670061
  -0.0071932504
  -0.0070132389
  -0.0054349455
  -0.0053173309
  -0.0054494440
  -0.0057206917
  -0.0060568094
  -0.0054398458
  -0.0058753115
  -0.0062683941
  -0.0066105204
  -0.0068991450
  -0.0071358386
  -0.0073248438
  -0.0074719612
  -0.0075836765
  -0.0076664764
  -0.0077263225
  -0.0077682678
  -0.0077962092
  -0.0078127784
  -0.0078193787
  -0.0078163823
  -0.0078035070
  -0.0077804059
  -0.0077475140
  -0.0077072191
  -0.0076654605
  -0.0076339043
  -0.0076329175
  -0.0076956329
  -0.0037867971
  -0.0038361307
  -0.0041177705
  -0.0045228499
  -0.0049792004
  -0.0042884779
  -0.0048474063
  -0.0053501299
  -0.0057891634
  -0.0061631179
  -0.0064747126
  -0.0067292886
  -0.0069336737
  -0.0070953029
  -0.0072215412
  -0.0073191761
  -0.0073940696
  -0.0074509656
  -0.0074934637
  -0.0075241743
  -0.0075450865
  -0.0075581901
  -0.0075664205
  -0.0075750296
  -0.0075935467
  -0.0076385951
  -0.0077380019
  -0.0079369289
  -0.0018081311
  -0.0020449003
  -0.0025069689
  -0.0030800132
  -0.0036896655
  -0.0029455851
  -0.0036420568
  -0.0042659178
  -0.0048114953
  -0.0052789840
  -0.0056724862
  -0.0059985527
  -0.0062650735
  -0.0064804257
  -0.0066528274
  -0.0067898715
  -0.0068982306
  -0.0069835386
  -0.0070504665
  -0.0071030228
  -0.0071451261
  -0.0071815247
  -0.0072191782
  -0.0072692868
  -0.0073502689
  -0.0074921963
  -0.0077435596
  -0.0081818818
   0.0000576825
  -0.0006309363
  -0.0014042622
  -0.0021907543
  -0.0014022534
  -0.0022480869
  -0.0030026259
  -0.0036626881
  -0.0042304309
  -0.0047115298
  -0.0051138169
  -0.0054462452
  -0.0057180972
  -0.0059383957
  -0.0061154972
  -0.0062568673
  -0.0063690523
  -0.0064578735
  -0.0065288913
  -0.0065882099
  -0.0066437313
  -0.0067070349
  -0.0067961654
  -0.0069398026
  -0.0071836270
  -0.0076003087
   0.0024689852
   0.0015106093
   0.0005077982
  -0.0004761519
   0.0003500928
  -0.0006689965
  -0.0015727074
  -0.0023610315
  -0.0030387396
  -0.0036136883
  -0.0040955425
  -0.0044947985
  -0.0048220453
  -0.0050874323
  -0.0053003358
  -0.0054692364
  -0.0056018334
  -0.0057054457
  -0.0057877712
  -0.0058581216
  -0.0059293106
  -0.0060204916
  -0.0061614297
  -0.0063990446
  -0.0068076866
   0.0039730099
   0.0026958324
   0.0014774814
   0.0023199344
   0.0010975430
   0.0000221271
  -0.0009104893
  -0.0017086102
  -0.0023831064
  -0.0029462112
  -0.0034105961
  -0.0037886836
  -0.0040921892
  -0.0043319017
  -0.0045177347
  -0.0046591058
  -0.0047657283
  -0.0048489492
  -0.0049238430
  -0.0050124001
  -0.0051483754
  -0.0053847653
  -0.0058056150
   0.0051887681
   0.0036873051
   0.0045163725
   0.0030746902
   0.0018164033
   0.0007321163
  -0.0001906605
  -0.0009662165
  -0.0016095934
  -0.0021357695
  -0.0025590761
  -0.0028928648
  -0.0031494661
  -0.0033405020
  -0.0034776485
  -0.0035739905
  -0.0036461917
  -0.0037178318
  -0.0038244958
  -0.0040216040
  -0.0043966896
   0.0061461866
   0.0069505728
   0.0052755823
   0.0038255649
   0.0025847897
   0.0015359155
   0.0006608551
  -0.0000584356
  -0.0006393221
  -0.0010980695
  -0.0014496979
  -0.0017081929
  -0.0018871740
  -0.0020011658
  -0.0020676864
  -0.0021104799
  -0.0021644165
  -0.0022829134
  -0.0025492788
   0.0088638577
   0.0096382533
   0.0076817308
   0.0060083601
   0.0045932102
   0.0034119113
   0.0024408742
   0.0016577153
   0.0010416405
   0.0005736194
   0.0002362115
   0.0000128993
  -0.0001132428
  -0.0001617707
  -0.0001583065
  -0.0001396565
  -0.0001613056
  -0.0003082185
   0.0102904026
   0.0083483776
   0.0067371506
   0.0054211133
   0.0043681580
   0.0035493910
   0.0029390337
   0.0025141117
   0.0022536382
   0.0021370379
   0.0021415568
   0.0022383943
   0.0023873218
   0.0025297859
   0.0109129911
   0.0091027336
   0.0076686681
   0.0065672782
   0.0057617460
   0.0052208549
   0.0049178168
   0.0048285251
   0.0049290034
   0.0051921603
   0.0055846813
   0.0117290923
   0.0102149648
   0.0091293317
   0.0084265435
   0.0080711901
   0.0080360356
   0.0083003893
   0.0088500388
   0.0000770675
  -0.0018017920
  -0.0002458255
   0.0019892185
   0.0022565019
   0.0002675761
  -0.0015602127
  -0.0034090804
  -0.0024939243
  -0.0007254065
   0.0017510406
   0.0041993363
   0.0054268618
   0.0047704613
   0.0027279881
   0.0003434346
  -0.0016397829
  -0.0029474667
  -0.0035407955
  -0.0047697450
  -0.0041887792
  -0.0031033856
  -0.0013942204
   0.0010059845
   0.0039113710
   0.0067275623
   0.0086105016
   0.0089285171
   0.0076592681
   0.0053547304
   0.0027322791
   0.0003173608
  -0.0016445861
  -0.0031067003
  -0.0041103319
  -0.0047083765
  -0.0049296284
  -0.0059052637
  -0.0055357953
  -0.0048778638
  -0.0038439142
  -0.0022946277
  -0.0000788301
   0.0028447593
   0.0062495912
   0.0095896378
   0.0121481286
   0.0133130059
   0.0128416635
   0.0109720406
   0.0082681552
   0.0053232605
   0.0025610138
   0.0001983937
  -0.0017039770
  -0.0031744089
  -0.0042763592
  -0.0050744751
  -0.0056175052
  -0.0059332990
  -0.0060310277
  -0.0068340428
  -0.0066082930
  -0.0062244983
  -0.0056430314
  -0.0047778884
  -0.0034798230
   0.0127954277
   0.0115325711
   0.0081559641
   0.0050042377
   0.0022639874
  -0.0000070048
  -0.0018287458
  -0.0032592154
  -0.0043677175
  -0.0052189859
  -0.0058649598
  -0.0063418609
  -0.0066709769
  -0.0068618946
  -0.0069168072
  -0.0075716972
  -0.0074388143
  -0.0072241067
  -0.0069211304
  -0.0064931640
   0.0130347216
   0.0091432020
   0.0056961715
   0.0027804820
   0.0003927316
  -0.0015191475
  -0.0030278609
  -0.0042093821
  -0.0051330746
  -0.0058566236
  -0.0064239999
  -0.0068654839
  -0.0071992460
  -0.0074341456
  -0.0075733650
  -0.0076182892
  -0.0081312558
  -0.0080617108
  -0.0079631852
  -0.0078544344
  -0.0077417541
   0.0098986100
   0.0062218687
   0.0031758299
   0.0007058704
  -0.0012662743
  -0.0028250453
  -0.0040509574
  -0.0050153777
  -0.0057781782
  -0.0063869742
  -0.0068773100
  -0.0072735422
  -0.0075903623
  -0.0078349367
  -0.0080096068
  -0.0081150083
  -0.0081533332
  -0.0085233304
  -0.0084900670
  -0.0084625440
  -0.0084763522
  -0.0085689003
   0.0103769908
   0.0065431482
   0.0034175438
   0.0009034918
  -0.0010982988
  -0.0026813261
  -0.0039289696
  -0.0049129168
  -0.0056930352
  -0.0063178440
  -0.0068252024
  -0.0072431204
  -0.0075907391
  -0.0078795605
  -0.0081150005
  -0.0082983003
  -0.0084287957
  -0.0085064889
  -0.0085348076
  -0.0087562715
  -0.0087349826
  -0.0087402630
  -0.0088174173
  -0.0090232704
   0.0105265833
   0.0066179340
   0.0034714776
   0.0009573754
  -0.0010397437
  -0.0026197030
  -0.0038670543
  -0.0048523980
  -0.0056340356
  -0.0062594903
  -0.0067667396
  -0.0071851932
  -0.0075365299
  -0.0078355189
  -0.0080909370
  -0.0083066614
  -0.0084829934
  -0.0086182444
  -0.0087105934
  -0.0087602130
  -0.0087716326
  -0.0088363302
  -0.0088051513
  -0.0088130203
  -0.0089126569
  -0.0091752250
   0.0078797881
   0.0044229920
   0.0016851586
  -0.0004780781
  -0.0021841929
  -0.0035282983
  -0.0045873104
  -0.0054235478
  -0.0060875539
  -0.0066201497
  -0.0070538654
  -0.0074139447
  -0.0077191075
  -0.0079822204
  -0.0082109904
  -0.0084087644
  -0.0085754908
  -0.0087088822
  -0.0088058056
  -0.0088639242
  -0.0088836116
  -0.0088701640
  -0.0087678389
  -0.0087063534
  -0.0086907805
  -0.0087804238
  -0.0090589658
   0.0065601594
   0.0032924075
   0.0007405246
  -0.0012558727
  -0.0028196163
  -0.0040454812
  -0.0050074737
  -0.0057641915
  -0.0063625567
  -0.0068403001
  -0.0072275664
  -0.0075479513
  -0.0078192113
  -0.0080538232
  -0.0082595169
  -0.0084398696
  -0.0085950195
  -0.0087225405
  -0.0088185090
  -0.0088787899
  -0.0089005744
  -0.0088842133
  -0.0088354070
  -0.0085534157
  -0.0084425350
  -0.0083774310
  -0.0084200011
  -0.0086601594
   0.0048832072
   0.0019323020
  -0.0003478507
  -0.0021208575
  -0.0035053639
  -0.0045891597
  -0.0054388678
  -0.0061063736
  -0.0066329483
  -0.0070518114
  -0.0073896851
  -0.0076677304
  -0.0079021333
  -0.0081045225
  -0.0082823416
  -0.0084392569
  -0.0085756550
  -0.0086892687
  -0.0087759575
  -0.0088306671
  -0.0088485960
  -0.0088266053
  -0.0087649290
  -0.0086692709
  -0.0081941951
  -0.0080166176
  -0.0078785018
  -0.0078405832
  -0.0079928019
   0.0028842406
   0.0003735434
  -0.0015557010
  -0.0030550076
  -0.0042284345
  -0.0051501002
  -0.0058750218
  -0.0064456893
  -0.0068959702
  -0.0072533758
  -0.0075403399
  -0.0077749252
  -0.0079712167
  -0.0081395697
  -0.0082868181
  -0.0084165123
  -0.0085292318
  -0.0086230024
  -0.0086938392
  -0.0087364332
  -0.0087450003
  -0.0087143192
  -0.0086409969
  -0.0085250240
  -0.0083717168
  -0.0076900812
  -0.0074269985
  -0.0071936318
  -0.0070496038
  -0.0070847917
  -0.0006488508
  -0.0023357046
  -0.0036466374
  -0.0046776394
  -0.0054928405
  -0.0061380142
  -0.0066479688
  -0.0070505485
  -0.0073687465
  -0.0076217668
  -0.0078255170
  -0.0079928061
  -0.0081334160
  -0.0082541437
  -0.0083588778
  -0.0084487478
  -0.0085223691
  -0.0085762028
  -0.0086050408
  -0.0086026298
  -0.0085624496
  -0.0084786711
  -0.0083473352
  -0.0081678167
  -0.0079446786
  -0.0070400178
  -0.0066710852
  -0.0063183895
  -0.0060403581
  -0.0059267075
  -0.0041002031
  -0.0049905068
  -0.0057082611
  -0.0062870613
  -0.0067515302
  -0.0071216726
  -0.0074147811
  -0.0076461517
  -0.0078292267
  -0.0079754828
  -0.0080942353
  -0.0081924472
  -0.0082745993
  -0.0083426484
  -0.0083960939
  -0.0084321611
  -0.0084461111
  -0.0084316805
  -0.0083816623
  -0.0082886389
  -0.0081458930
  -0.0079485369
  -0.0076949262
  -0.0073884709
  -0.0062422639
  -0.0057522107
  -0.0052598552
  -0.0048190666
  -0.0045137944
  -0.0056092835
  -0.0061121116
  -0.0065469745
  -0.0069154874
  -0.0072211671
  -0.0074696779
  -0.0076682553
  -0.0078249085
  -0.0079476295
  -0.0080436987
  -0.0081191176
  -0.0081781826
  -0.0082231984
  -0.0082543311
  -0.0082695983
  -0.0082649929
  -0.0082347400
  -0.0081716855
  -0.0080678220
  -0.0079149611
  -0.0077055738
  -0.0074338353
  -0.0070969412
  -0.0066967981
  -0.0052946621
  -0.0046714711
  -0.0040235041
  -0.0033972173
  -0.0028659132
  -0.0067949728
  -0.0069706765
  -0.0071682006
  -0.0073610835
  -0.0075346349
  -0.0076822058
  -0.0078023582
  -0.0078967514
  -0.0079685666
  -0.0080213329
  -0.0080580646
  -0.0080806450
  -0.0080894173
  -0.0080829518
  -0.0080579719
  -0.0080094235
  -0.0079306793
  -0.0078138726
  -0.0076503609
  -0.0074313241
  -0.0071485163
  -0.0067952006
  -0.0063673251
  -0.0058650334
  -0.0041948812
  -0.0034067304
  -0.0025668449
  -0.0017166243
  -0.0009229768
  -0.0075789843
  -0.0075383821
  -0.0075725415
  -0.0076384471
  -0.0077111395
  -0.0077771669
  -0.0078302187
  -0.0078681436
  -0.0078908733
  -0.0078989621
  -0.0078925676
  -0.0078707622
  -0.0078311040
  -0.0077694239
  -0.0076797950
  -0.0075546654
  -0.0073851401
  -0.0071614050
  -0.0068732939
  -0.0065110100
  -0.0060660277
  -0.0055322265
  -0.0049073423
  -0.0029406122
  -0.0019735470
  -0.0009231616
   0.0001771617
   0.0012719061
  -0.0078728602
  -0.0077171027
  -0.0076584333
  -0.0076479223
  -0.0076566334
  -0.0076680830
  -0.0076733516
  -0.0076678202
  -0.0076489489
  -0.0076147537
  -0.0075627749
  -0.0074894119
  -0.0073895402
  -0.0072563599
  -0.0070814376
  -0.0068549194
  -0.0065658976
  -0.0062029262
  -0.0057546883
  -0.0052108331
  -0.0045630227
  -0.0038062590
  -0.0015296912
  -0.0003740999
   0.0008995719
   0.0022682372
  -0.0081249371
  -0.0077561471
  -0.0075611033
  -0.0074624580
  -0.0074130230
  -0.0073843598
  -0.0073595963
  -0.0073287603
  -0.0072856712
  -0.0072258379
  -0.0071450382
  -0.0070383843
  -0.0068997496
  -0.0067214762
  -0.0064943124
  -0.0062075407
  -0.0058492723
  -0.0054068935
  -0.0048676578
  -0.0042194310
  -0.0034516138
  -0.0025562907
   0.0000398809
   0.0014111955
   0.0029415441
   0.0046186306
  -0.0077943182
  -0.0073871121
  -0.0071615529
  -0.0070368592
  -0.0069633075
  -0.0069104064
  -0.0068594330
  -0.0067985846
  -0.0067197579
  -0.0066163895
  -0.0064820184
  -0.0063093642
  -0.0060897922
  -0.0058130762
  -0.0054674028
  -0.0050395755
  -0.0045153879
  -0.0038801509
  -0.0031193642
  -0.0022195401
  -0.0011692043
   0.0017700525
   0.0033927377
   0.0052249564
  -0.0072732677
  -0.0068048338
  -0.0065444271
  -0.0063983391
  -0.0063086049
  -0.0062392975
  -0.0061678806
  -0.0060796099
  -0.0059638374
  -0.0058115559
  -0.0056137885
  -0.0053605814
  -0.0050404442
  -0.0046401354
  -0.0041447195
  -0.0035378442
  -0.0028021975
  -0.0019201174
  -0.0008743371
   0.0003511423
   0.0036629919
   0.0055510034
   0.0077049885
  -0.0063648664
  -0.0058975766
  -0.0056437257
  -0.0055036719
  -0.0054152216
  -0.0053393341
  -0.0052509754
  -0.0051331508
  -0.0049729554
  -0.0047589594
  -0.0044795140
  -0.0041217200
  -0.0036708881
  -0.0031103747
  -0.0024217064
  -0.0015849254
  -0.0005791013
   0.0006170431
   0.0020244404
   0.0057215106
   0.0078855897
  -0.0046349507
  -0.0044331034
  -0.0043276628
  -0.0042572695
  -0.0041826511
  -0.0040778802
  -0.0039245377
  -0.0037077992
  -0.0034138367
  -0.0030281529
  -0.0025345974
  -0.0019148908
  -0.0011485300
  -0.0002129699
   0.0009160099
   0.0022638481
   0.0038567647
   0.0079495557
   0.0104505603
  -0.0030511816
  -0.0029101927
  -0.0028546714
  -0.0028186166
  -0.0027589564
  -0.0026466322
  -0.0024603766
  -0.0021824326
  -0.0017956796
  -0.0012817949
  -0.0006201882
   0.0002124925
   0.0012424483
   0.0024985692
   0.0040121963
   0.0058170327
   0.0103525112
  -0.0009845378
  -0.0009531121
  -0.0009939658
  -0.0010342410
  -0.0010243482
  -0.0009299571
  -0.0007253773
  -0.0003885947
   0.0001022183
   0.0007709824
   0.0016450466
   0.0027558374
   0.0041390945
   0.0058350242
   0.0078888426
   0.0016462509
   0.0013888202
   0.0011926864
   0.0011012473
   0.0011482847
   0.0013614062
   0.0017662367
   0.0023899554
   0.0032638187
   0.0044247447
   0.0059162833
   0.0077895284
   0.0101049215
   0.0051649585
   0.0044648164
   0.0039726163
   0.0036932204
   0.0036447122
   0.0038498508
   0.0043355753
   0.0051349670
   0.0062894443
   0.0078506612
   0.0098826509
   0.0074693352
   0.0068547909
   0.0066309536
   0.0068007144
   0.0073868974
   0.0084290383
   0.0099841404
   0.0102793143
   0.0102241504
   0.0108477935
   0.0158916343
   0.0156197116
   0.0156898113
   0.0159252211
   0.0160847501
   0.0160126412
   0.0157819338
   0.0152633187
   0.0152662801
   0.0154014688
   0.0156317091
   0.0158853799
   0.0160932965
   0.0162036658
   0.0161898360
   0.0160568218
   0.0158385527
   0.0155916895
   0.0153825887
   0.0148154897
   0.0147876024
   0.0148545913
   0.0150189086
   0.0152533862
   0.0155167565
   0.0157731639
   0.0159955650
   0.0161613504
   0.0162521466
   0.0162579205
   0.0161794702
   0.0160266341
   0.0158153028
   0.0155676941
   0.0153145005
   0.0150903190
   0.0149202947
   0.0142677016
   0.0142154585
   0.0142328715
   0.0143397482
   0.0145320618
   0.0147822746
   0.0150568584
   0.0153305226
   0.0155879845
   0.0158183966
   0.0160105258
   0.0161522549
   0.0162332908
   0.0162481972
   0.0161975458
   0.0160866641
   0.0159230853
   0.0157147856
   0.0154710780
   0.0152061170
   0.0149416574
   0.0147036506
   0.0145112830
   0.0143678741
   0.0136096759
   0.0135312242
   0.0135008492
   0.0135518947
   0.0136990092
   0.0139280263
   0.0142066565
   0.0145023301
   0.0147933220
   0.0150695859
   0.0153274668
   0.0155638280
   0.0157728415
   0.0159459668
   0.0160740036
   0.0161496671
   0.0161694516
   0.0161341470
   0.0160479617
   0.0159166862
   0.0157457024
   0.0155388463
   0.0152990564
   0.0150311407
   0.0147457216
   0.0144616973
   0.0142035690
   0.0139919530
   0.0138318891
   0.0137101828
   0.0128293931
   0.0127177649
   0.0126305970
   0.0126160429
   0.0127083075
   0.0129090118
   0.0131905474
   0.0135133878
   0.0138431686
   0.0141592214
   0.0144542792
   0.0147292438
   0.0149871454
   0.0152288413
   0.0154512649
   0.0156478612
   0.0158103297
   0.0159307539
   0.0160034144
   0.0160258725
   0.0159991706
   0.0159271949
   0.0158153939
   0.0156691700
   0.0154923804
   0.0152864714
   0.0150507843
   0.0147844075
   0.0144894948
   0.0141751475
   0.0138598666
   0.0135697861
   0.0133306348
   0.0131550173
   0.0130325632
   0.0129335395
   0.0119136734
   0.0117522481
   0.0115855336
   0.0114859883
   0.0115144754
   0.0116906642
   0.0119904808
   0.0123647883
   0.0127627338
   0.0131474194
   0.0135007205
   0.0138201189
   0.0141120235
   0.0143851078
   0.0146455719
   0.0148948573
   0.0151294950
   0.0153423806
   0.0155247214
   0.0156680338
   0.0157657730
   0.0158143732
   0.0158136243
   0.0157664129
   0.0156779124
   0.0155543598
   0.0154016049
   0.0152236846
   0.0150217505
   0.0147937370
   0.0145351642
   0.0142413612
   0.0139110817
   0.0135508874
   0.0131787636
   0.0128244352
   0.0125235227
   0.0123044078
   0.0121716583
   0.0120964534
   0.0120260302
   0.0109010563
   0.0113983637
   0.0118911796
   0.0123425917
   0.0127390755
   0.0130843287
   0.0133912056
   0.0136745526
   0.0139462297
   0.0142125502
   0.0144737771
   0.0147250578
   0.0149581524
   0.0151634057
   0.0153315690
   0.0154552361
   0.0155297852
   0.0155538105
   0.0155290736
   0.0154600307
   0.0153530007
   0.0152150539
   0.0150527220
   0.0148706765
   0.0146705730
   0.0144503209
   0.0142040905
   0.0139233816
   0.0135994203
   0.0132269511
   0.0128090716
   0.0123620267
   0.0119178510
   0.0115217561
   0.0109709735
   0.0103960112
   0.0110049693
   0.0115279008
   0.0119634053
   0.0123272304
   0.0126423540
   0.0129313503
   0.0132115711
   0.0134929301
   0.0137777251
   0.0140618288
   0.0143366135
   0.0145910953
   0.0148139336
   0.0149950670
   0.0151268879
   0.0152049457
   0.0152282115
   0.0151989569
   0.0151222985
   0.0150054523
   0.0148567388
   0.0146843912
   0.0144952419
   0.0142934034
   0.0140791117
   0.0138479621
   0.0135908217
   0.0132947469
   0.0129452349
   0.0125300505
   0.0120446238
   0.0114984763
   0.0109211728
   0.0100291066
   0.0106179296
   0.0110826042
   0.0114542097
   0.0117676073
   0.0120539595
   0.0123364520
   0.0126286501
   0.0129347927
   0.0132513352
   0.0135691351
   0.0138758033
   0.0141578848
   0.0144026680
   0.0145995377
   0.0147408670
   0.0148224907
   0.0148438234
   0.0148076797
   0.0147198404
   0.0145883937
   0.0144228668
   0.0142331678
   0.0140283648
   0.0138153621
   0.0135975671
   0.0133736947
   0.0131369074
   0.0128745539
   0.0125688207
   0.0121986620
   0.0117433735
   0.0111880951
   0.0105312386
   0.0096033607
   0.0100804794
   0.0104438001
   0.0107416611
   0.0110145284
   0.0112916280
   0.0115900874
   0.0119158368
   0.0122655963
   0.0126293908
   0.0129931519
   0.0133411039
   0.0136577479
   0.0139293706
   0.0141450793
   0.0142974150
   0.0143826196
   0.0144006269
   0.0143548364
   0.0142517050
   0.0141001715
   0.0139109137
   0.0136954351
   0.0134649801
   0.0132292961
   0.0129952874
   0.0127656410
   0.0125375494
   0.0123017024
   0.0120417783
   0.0117347287
   0.0113522198
   0.0108636658
   0.0102413392
   0.0096650964
   0.0099253825
   0.0102186706
   0.0105582006
   0.0109438720
   0.0113655627
   0.0118065891
   0.0122469137
   0.0126658529
   0.0130441712
   0.0133655524
   0.0136175140
   0.0137918703
   0.0138848538
   0.0138969898
   0.0138327921
   0.0137003108
   0.0135105419
   0.0132766794
   0.0130131895
   0.0127346812
   0.0124545698
   0.0121835502
   0.0119279360
   0.0116879608
   0.0114561856
   0.0112162155
   0.0109419936
   0.0105980291
   0.0101410325
   0.0095235848
   0.0101057769
   0.0106368980
   0.0111733599
   0.0116896612
   0.0121624093
   0.0125717995
   0.0129024777
   0.0131439266
   0.0132905135
   0.0133413193
   0.0132998290
   0.0131735287
   0.0129734178
   0.0127134167
   0.0124096347
   0.0120794527
   0.0117403855
   0.0114087006
   0.0110978008
   0.0108164076
   0.0105666201
   0.0103419628
   0.0101255820
   0.0098888064
   0.0107646278
   0.0113399015
   0.0118320740
   0.0122242535
   0.0125054024
   0.0126701355
   0.0127183644
   0.0126548765
   0.0124888877
   0.0122335645
   0.0119054810
   0.0115239528
   0.0111101810
   0.0106861434
   0.0102731880
   0.0098903102
   0.0091103302
   0.0071488276
   0.0079358698
   0.0086045829
   0.0092162414
   0.0051578690
   0.0092862238
   0.0084302124
   0.0084326566
   0.0079042058
   0.0072672266
   0.0064586952
   0.0097725605
   0.0105729301
   0.0112625752
   0.0118188276
   0.0046730933
   0.0085266559
   0.0093177029
   0.0099719227
   0.0104701261
   0.0108003037
   0.0109575807
   0.0109440006
   0.0107682015
   0.0104449860
   0.0099947464
   0.0094426729
   0.0080487274
   0.0086479235
   0.0090704881
   0.0093085521
   0.0093613394
   0.0092348597
   0.0089415620
   0.0084999203
   0.0063961598
   0.0070270642
   0.0074636537
   0.0076981369
   0.0077301787
   0.0075665498
   0.0072207939
   0.0050716845
   0.0056379400
   0.0059828897
   0.0061024761
   0.0060005934
   0.0056887200
   0.0040073127
   0.0043499605
   0.0044518201
   0.0043171724
   0.0023628053
   0.0027120937
   0.0027953298
   0.0009505227
   0.0011516855
  -0.0005127146
   0.0073117821
   0.0075690693
   0.0081511717
   0.0090923665
   0.0050090124
   0.0048163185
   0.0047711245
   0.0048918926
   0.0052010117
   0.0057233580
   0.0064868131
   0.0075233649
   0.0088703670
   0.0025812278
   0.0025529173
   0.0025803545
   0.0026942489
   0.0029213098
   0.0032855683
   0.0038102014
   0.0045191831
   0.0054385559
   0.0065973686
   0.0080285057
   0.0097698304
   0.0004723536
   0.0005765923
   0.0006648986
   0.0007754760
   0.0009377041
   0.0011749390
   0.0015070030
   0.0019521637
   0.0025285860
   0.0032553182
   0.0041529108
   0.0052437927
   0.0065525654
   0.0081064395
  -0.0012632756
  -0.0010731624
  -0.0009303297
  -0.0007930471
  -0.0006309389
  -0.0004210556
  -0.0001448968
   0.0002137636
   0.0006703995
   0.0012407388
   0.0019413668
   0.0027900321
   0.0038057522
   0.0050088276
   0.0064208963
   0.0080652215
  -0.0027165860
  -0.0024708800
  -0.0022951025
  -0.0021476545
  -0.0019989872
  -0.0018274764
  -0.0016164405
  -0.0013520111
  -0.0010216431
  -0.0006131108
  -0.0001138759
   0.0004892578
   0.0012102728
   0.0020639076
   0.0030655234
   0.0042309279
   0.0055762320
   0.0071178502
  -0.0042032100
  -0.0038228847
  -0.0035690035
  -0.0033871153
  -0.0032395156
  -0.0030997303
  -0.0029486325
  -0.0027717037
  -0.0025571045
  -0.0022943346
  -0.0019733263
  -0.0015838689
  -0.0011152865
  -0.0005563142
   0.0001048713
   0.0008805013
   0.0017829767
   0.0028245715
   0.0040171149
   0.0053717007
   0.0068985122
  -0.0049447215
  -0.0046166472
  -0.0043936384
  -0.0042305998
  -0.0040965522
  -0.0039698542
  -0.0038348930
  -0.0036797763
  -0.0034947223
  -0.0032709494
  -0.0029999362
  -0.0026729595
  -0.0022808503
  -0.0018139216
  -0.0012620362
  -0.0006147880
   0.0001382201
   0.0010070180
   0.0020008415
   0.0031276486
   0.0043936022
   0.0058025631
  -0.0058647171
  -0.0054715096
  -0.0052104730
  -0.0050301318
  -0.0048955561
  -0.0047828201
  -0.0046752229
  -0.0045606761
  -0.0044298829
  -0.0042750688
  -0.0040891113
  -0.0038649629
  -0.0035953013
  -0.0032723568
  -0.0028878848
  -0.0024332583
  -0.0018996645
  -0.0012783933
  -0.0005612144
   0.0002591586
   0.0011885107
   0.0022304655
   0.0033857124
   0.0046511244
  -0.0065553231
  -0.0061198249
  -0.0058347641
  -0.0056444412
  -0.0055113039
  -0.0054099079
  -0.0053228472
  -0.0052379624
  -0.0051463962
  -0.0050412313
  -0.0049165369
  -0.0047667167
  -0.0045860801
  -0.0043685917
  -0.0041077610
  -0.0037966497
  -0.0034279813
  -0.0029943395
  -0.0024884527
  -0.0019035632
  -0.0012338877
  -0.0004751825
   0.0003745620
   0.0013142669
   0.0023387045
   0.0034371850
  -0.0064784328
  -0.0062129448
  -0.0060415341
  -0.0059275659
  -0.0058464734
  -0.0057817222
  -0.0057220533
  -0.0056595656
  -0.0055883682
  -0.0055036311
  -0.0054009251
  -0.0052757781
  -0.0051233994
  -0.0049385404
  -0.0047154667
  -0.0044480287
  -0.0041298184
  -0.0037544087
  -0.0033156745
  -0.0028082014
  -0.0022277947
  -0.0015721119
  -0.0008414537
  -0.0000397666
   0.0008240690
   0.0017345623
  -0.0066054947
  -0.0063901411
  -0.0062591790
  -0.0061794015
  -0.0061287229
  -0.0060925027
  -0.0060610255
  -0.0060277406
  -0.0059880137
  -0.0059382396
  -0.0058752145
  -0.0057957046
  -0.0056961675
  -0.0055725967
  -0.0054204690
  -0.0052347812
  -0.0050101672
  -0.0047410907
  -0.0044221117
  -0.0040482325
  -0.0036153316
  -0.0031207035
  -0.0025637341
  -0.0019467552
  -0.0012761442
  -0.0005637647
   0.0001711147
   0.0008992273
  -0.0066896211
  -0.0064692625
  -0.0063497433
  -0.0062914729
  -0.0062682712
  -0.0062630073
  -0.0062646361
  -0.0062661360
  -0.0062630458
  -0.0062524155
  -0.0062320496
  -0.0061999672
  -0.0061540281
  -0.0060916906
  -0.0060098774
  -0.0059049342
  -0.0057726700
  -0.0056084724
  -0.0054074932
  -0.0051649071
  -0.0048762443
  -0.0045378098
  -0.0041472044
  -0.0037039765
  -0.0032104457
  -0.0026727634
  -0.0021023036
  -0.0015175229
  -0.0009464926
  -0.0004304001
  -0.0061960677
  -0.0061474753
  -0.0061541570
  -0.0061901235
  -0.0062385660
  -0.0062889640
  -0.0063350352
  -0.0063732567
  -0.0064017837
  -0.0064196554
  -0.0064262137
  -0.0064206849
  -0.0064018941
  -0.0063680868
  -0.0063168447
  -0.0062450834
  -0.0061491266
  -0.0060248507
  -0.0058679010
  -0.0056739798
  -0.0054392139
  -0.0051606135
  -0.0048366428
  -0.0044679346
  -0.0040581977
  -0.0036153893
  -0.0031532631
  -0.0026934511
  -0.0022683172
  -0.0019249334
  -0.0055901987
  -0.0057208861
  -0.0058602176
  -0.0059959751
  -0.0061208542
  -0.0062310342
  -0.0063250473
  -0.0064028938
  -0.0064653528
  -0.0065134526
  -0.0065480703
  -0.0065696422
  -0.0065779678
  -0.0065720989
  -0.0065503048
  -0.0065101097
  -0.0064483975
  -0.0063615843
  -0.0062458589
  -0.0060974956
  -0.0059132474
  -0.0056908330
  -0.0054295416
  -0.0051309879
  -0.0048000700
  -0.0044462073
  -0.0040849709
  -0.0037402737
  -0.0034473628
  -0.0032569717
  -0.0045686546
  -0.0049106506
  -0.0052178920
  -0.0054897385
  -0.0057265511
  -0.0059298385
  -0.0061020548
  -0.0062462703
  -0.0063658186
  -0.0064639682
  -0.0065436391
  -0.0066071763
  -0.0066561808
  -0.0066914031
  -0.0067126952
  -0.0067190245
  -0.0067085465
  -0.0066787383
  -0.0066265936
  -0.0065488826
  -0.0064424810
  -0.0063047794
  -0.0061341859
  -0.0059307454
  -0.0056969101
  -0.0054385112
  -0.0051660066
  -0.0048961117
  -0.0046539690
  -0.0044760792
  -0.0044143053
  -0.0030619811
  -0.0037218230
  -0.0042746397
  -0.0047398046
  -0.0051311057
  -0.0054593385
  -0.0057336087
  -0.0059619380
  -0.0061514984
  -0.0063086540
  -0.0064389115
  -0.0065468379
  -0.0066359824
  -0.0067088201
  -0.0067667341
  -0.0068100409
  -0.0068380671
  -0.0068492791
  -0.0068414720
  -0.0068120186
  -0.0067581868
  -0.0066775313
  -0.0065683738
  -0.0064303879
  -0.0062653200
  -0.0060778832
  -0.0058768869
  -0.0056766849
  -0.0054990622
  -0.0053757279
  -0.0053516385
  -0.0054894450
  -0.0011351656
  -0.0022084460
  -0.0030780258
  -0.0037894274
  -0.0043745766
  -0.0048570579
  -0.0052551935
  -0.0055838193
  -0.0058552855
  -0.0060799982
  -0.0062666973
  -0.0064225881
  -0.0065534024
  -0.0066634357
  -0.0067555912
  -0.0068314501
  -0.0068913820
  -0.0069347046
  -0.0069598996
  -0.0069648925
  -0.0069474011
  -0.0069053644
  -0.0068374630
  -0.0067437499
  -0.0066264210
  -0.0064907626
  -0.0063463346
  -0.0062084665
  -0.0061001760
  -0.0060546488
  -0.0061184554
  -0.0063556923
   0.0012702652
  -0.0003026777
  -0.0015591433
  -0.0025728922
  -0.0033965734
  -0.0040689087
  -0.0046193439
  -0.0050710013
  -0.0054425213
  -0.0057491896
  -0.0060036153
  -0.0062161340
  -0.0063950512
  -0.0065468029
  -0.0066760819
  -0.0067859665
  -0.0068780734
  -0.0069527509
  -0.0070093246
  -0.0070464052
  -0.0070622671
  -0.0070553073
  -0.0070245981
  -0.0069705510
  -0.0068957169
  -0.0068057576
  -0.0067106373
  -0.0066260984
  -0.0065755036
  -0.0065921385
  -0.0067220653
  -0.0070275674
   0.0038513236
   0.0017481890
   0.0000745293
  -0.0012677455
  -0.0023509406
  -0.0032291576
  -0.0039437054
  -0.0045268387
  -0.0050042664
  -0.0053967961
  -0.0057213912
  -0.0059918461
  -0.0062192223
  -0.0064121467
  -0.0065770421
  -0.0067183378
  -0.0068386947
  -0.0069392679
  -0.0070200244
  -0.0070801281
  -0.0071184060
  -0.0071339042
  -0.0071265516
  -0.0070979482
  -0.0070523039
  -0.0069975620
  -0.0069467508
  -0.0069196107
  -0.0069445441
  -0.0070609059
  -0.0073215706
   0.0040287107
   0.0019171554
   0.0002212811
  -0.0011462881
  -0.0022529749
  -0.0031512363
  -0.0038823908
  -0.0044794252
  -0.0049689722
  -0.0053726649
  -0.0057080484
  -0.0059891978
  -0.0062271535
  -0.0064302582
  -0.0066044547
  -0.0067535892
  -0.0068797493
  -0.0069836600
  -0.0070651540
  -0.0071237300
  -0.0071592111
  -0.0071725180
  -0.0071665730
  -0.0071473541
  -0.0071251213
  -0.0071158331
  -0.0071427549
  -0.0072382175
  -0.0074453818
   0.0064491372
   0.0039147872
   0.0018631185
   0.0002004751
  -0.0011487143
  -0.0022452385
  -0.0031380626
  -0.0038668122
  -0.0044637208
  -0.0049550753
  -0.0053622565
  -0.0057024795
  -0.0059893378
  -0.0062332316
  -0.0064417479
  -0.0066200395
  -0.0067712407
  -0.0068969443
  -0.0069977583
  -0.0070739579
  -0.0071262407
  -0.0071565962
  -0.0071692953
  -0.0071720022
  -0.0071770006
  -0.0072024991
  -0.0072739261
  -0.0074250184
  -0.0076983109
   0.0085890302
   0.0057002588
   0.0033368038
   0.0014083703
  -0.0001625660
  -0.0014414352
  -0.0024828040
  -0.0033318854
  -0.0040260102
  -0.0045958800
  -0.0050665580
  -0.0054582324
  -0.0057868152
  -0.0060644486
  -0.0062999803
  -0.0064994583
  -0.0066666832
  -0.0068038435
  -0.0069122507
  -0.0069931845
  -0.0070488481
  -0.0070834251
  -0.0071042185
  -0.0071228208
  -0.0071562180
  -0.0072276422
  -0.0073668304
  -0.0076091001
   0.0071511208
   0.0045303482
   0.0023747789
   0.0006118837
  -0.0008245012
  -0.0019925274
  -0.0029420725
  -0.0037152028
  -0.0043468939
  -0.0048657665
  -0.0052947563
  -0.0056517238
  -0.0059500488
  -0.0061992582
  -0.0064057356
  -0.0065735394
  -0.0067053502
  -0.0068035444
  -0.0068713775
  -0.0069142308
  -0.0069408405
  -0.0069643568
  -0.0070029747
  -0.0070796976
  -0.0072205337
   0.0087317933
   0.0059298962
   0.0035790065
   0.0016296539
   0.0000267814
  -0.0012838537
  -0.0023522108
  -0.0032223910
  -0.0039321355
  -0.0045128682
  -0.0049900039
  -0.0053834035
  -0.0057079520
  -0.0059742694
  -0.0061895716
  -0.0063586894
  -0.0064852298
  -0.0065728371
  -0.0066264681
  -0.0066535340
  -0.0066646700
  -0.0066737481
  -0.0066965540
  -0.0067473083
   0.0095615567
   0.0066542101
   0.0041651493
   0.0020803723
   0.0003611632
  -0.0010415078
  -0.0021782209
  -0.0030962126
  -0.0038369061
  -0.0044348719
  -0.0049176373
  -0.0053060513
  -0.0056150750
  -0.0058549271
  -0.0060325223
  -0.0061530960
  -0.0062218360
  -0.0062452275
  -0.0062316572
  -0.0061905970
  -0.0061294445
  -0.0060469418
   0.0102893262
   0.0074555044
   0.0049192956
   0.0027368102
   0.0009095774
  -0.0005911450
  -0.0018076571
  -0.0027853277
  -0.0035665338
  -0.0041875140
  -0.0046771060
  -0.0050567534
  -0.0053414094
  -0.0055410562
  -0.0056625265
  -0.0057111929
  -0.0056918998
  -0.0056082656
  -0.0054592738
  -0.0052321182
  -0.0048910664
   0.0103694968
   0.0077713744
   0.0052690863
   0.0030304884
   0.0011242942
  -0.0004446635
  -0.0017057433
  -0.0027018218
  -0.0034765980
  -0.0040677641
  -0.0045042069
  -0.0048058866
  -0.0049853005
  -0.0050494016
  -0.0050005863
  -0.0048350729
  -0.0045370327
  -0.0040679750
  -0.0033543073
   0.0097786305
   0.0077512672
   0.0054534570
   0.0032265076
   0.0012644106
  -0.0003591178
  -0.0016442543
  -0.0026253823
  -0.0033449165
  -0.0038392404
  -0.0041332355
  -0.0042396075
  -0.0041590426
  -0.0038772141
  -0.0033561979
  -0.0025233688
  -0.0012717833
   0.0005036181
   0.0028198011
   0.0055029691
   0.0081537908
   0.0102405337
   0.0112904294
   0.0110901187
   0.0071390434
   0.0053895054
   0.0033086908
   0.0013250568
  -0.0003357443
  -0.0016052349
  -0.0024947952
  -0.0030374982
  -0.0032573034
  -0.0031561414
  -0.0027059930
  -0.0018412308
  -0.0004699944
   0.0014521263
   0.0037754886
   0.0060491997
   0.0076302078
   0.0080138501
   0.0048107517
   0.0032343072
   0.0013001723
  -0.0003680486
  -0.0015032422
  -0.0020449182
  -0.0019789427
  -0.0012631555
   0.0001532025
   0.0021503990
   0.0041530243
   0.0052264974
   0.0027605440
   0.0011820271
  -0.0003560463
  -0.0006124607
   0.0006231919
   0.0024598542
   0.0009606529
   0.0094614317
   0.0090390288
   0.0096026679
   0.0085012318
   0.0076411468
   0.0069975953
   0.0065479380
   0.0062707275
   0.0061444483
   0.0061460397
   0.0089861555
   0.0077522503
   0.0067242830
   0.0058828756
   0.0052098668
   0.0046880804
   0.0043009359
   0.0040317643
   0.0038627203
   0.0037732122
   0.0037378208
   0.0037238018
   0.0083125226
   0.0070097966
   0.0058924838
   0.0049455868
   0.0041542012
   0.0035036915
   0.0029797864
   0.0025684937
   0.0022557455
   0.0020266814
   0.0018644674
   0.0017485230
   0.0016520038
   0.0015383633
   0.0013568291
   0.0070119470
   0.0057995376
   0.0047379634
   0.0038179401
   0.0030292018
   0.0023609326
   0.0018021108
   0.0013417251
   0.0009688193
   0.0006723228
   0.0004406116
   0.0002607251
   0.0001171403
  -0.0000100384
  -0.0001476736
  -0.0003332601
  -0.0006200685
   0.0063062495
   0.0051261283
   0.0040706908
   0.0031367111
   0.0023186602
   0.0016094044
   0.0010007896
   0.0004840993
   0.0000503802
  -0.0003093798
  -0.0006042403
  -0.0008434945
  -0.0010370982
  -0.0011964067
  -0.0013353112
  -0.0014719146
  -0.0016309500
  -0.0018472543
  -0.0021707693
   0.0049516876
   0.0038822848
   0.0029110271
   0.0020399505
   0.0012676015
   0.0005900241
   0.0000015513
  -0.0005045711
  -0.0009357108
  -0.0012995145
  -0.0016037169
  -0.0018561007
  -0.0020646331
  -0.0022378124
  -0.0023852779
  -0.0025187629
  -0.0026535074
  -0.0028103099
  -0.0030184931
  -0.0033202116
   0.0046107835
   0.0036125497
   0.0026707332
   0.0017992374
   0.0010056122
   0.0002927133
  -0.0003400139
  -0.0008955370
  -0.0013784620
  -0.0017944331
  -0.0021496817
  -0.0024507056
  -0.0027040769
  -0.0029163826
  -0.0030943146
  -0.0032449336
  -0.0033761504
  -0.0034974826
  -0.0036211816
  -0.0037638666
  -0.0039488811
  -0.0042097073
  -0.0045949695
   0.0031051492
   0.0022835270
   0.0014825525
   0.0007233122
   0.0000189182
  -0.0006233856
  -0.0012006466
  -0.0017130088
  -0.0021627981
  -0.0025538164
  -0.0028907974
  -0.0031789952
  -0.0034238893
  -0.0036309991
  -0.0038058113
  -0.0039538289
  -0.0040807616
  -0.0041928868
  -0.0042976249
  -0.0044043967
  -0.0045258612
  -0.0046796888
  -0.0048911051
  -0.0051965836
  -0.0056492867
   0.0019335226
   0.0013118919
   0.0006548436
  -0.0000020399
  -0.0006348853
  -0.0012283746
  -0.0017734537
  -0.0022656440
  -0.0027037783
  -0.0030890417
  -0.0034242322
  -0.0037131914
  -0.0039603663
  -0.0041704844
  -0.0043483297
  -0.0044986186
  -0.0046259784
  -0.0047350411
  -0.0048306704
  -0.0049183528
  -0.0050047935
  -0.0050987871
  -0.0052124578
  -0.0053630248
  -0.0055753284
  -0.0058854977
  -0.0063463715
   0.0001634723
  -0.0002944997
  -0.0008052272
  -0.0013316145
  -0.0018484019
  -0.0023389802
  -0.0027930868
  -0.0032051132
  -0.0035728400
  -0.0038964774
  -0.0041779246
  -0.0044201960
  -0.0046269740
  -0.0048022692
  -0.0049501719
  -0.0050746909
  -0.0051796795
  -0.0052688534
  -0.0053459137
  -0.0054147898
  -0.0054800322
  -0.0055473930
  -0.0056246552
  -0.0057227987
  -0.0058576436
  -0.0060521835
  -0.0063399537
  -0.0012639364
  -0.0015321846
  -0.0018922853
  -0.0022981645
  -0.0027177803
  -0.0031293489
  -0.0035186260
  -0.0038769214
  -0.0041996244
  -0.0044850899
  -0.0047337845
  -0.0049476215
  -0.0051294409
  -0.0052826027
  -0.0054106754
  -0.0055172092
  -0.0056055874
  -0.0056789588
  -0.0057402532
  -0.0057922916
  -0.0058380027
  -0.0058807702
  -0.0059249420
  -0.0059765483
  -0.0060443011
  -0.0061409826
  -0.0062853897
  -0.0065051018
  -0.0068404975
  -0.0026968779
  -0.0026708847
  -0.0028165018
  -0.0030665854
  -0.0033734820
  -0.0037037845
  -0.0040345610
  -0.0043506157
  -0.0046424737
  -0.0049048757
  -0.0051356350
  -0.0053347568
  -0.0055037486
  -0.0056450776
  -0.0057617426
  -0.0058569412
  -0.0059338205
  -0.0059953053
  -0.0060440019
  -0.0060821804
  -0.0061118412
  -0.0061348756
  -0.0061533352
  -0.0061698332
  -0.0061881089
  -0.0062138030
  -0.0062555136
  -0.0063262391
  -0.0064453688
  -0.0066414725
  -0.0040103337
  -0.0038810766
  -0.0039276522
  -0.0040846433
  -0.0043050681
  -0.0045556276
  -0.0048132077
  -0.0050622897
  -0.0052930177
  -0.0054997349
  -0.0056798608
  -0.0058330167
  -0.0059603353
  -0.0060639116
  -0.0061463652
  -0.0062104946
  -0.0062590124
  -0.0062943530
  -0.0063185520
  -0.0063331953
  -0.0063394427
  -0.0063381298
  -0.0063299575
  -0.0063157799
  -0.0062970091
  -0.0062761569
  -0.0062575494
  -0.0062482545
  -0.0062592859
  -0.0063071569
  -0.0050945982
  -0.0048958084
  -0.0048676870
  -0.0049495442
  -0.0050971017
  -0.0052785414
  -0.0054714891
  -0.0056607186
  -0.0058363951
  -0.0059927206
  -0.0061268757
  -0.0062381832
  -0.0063274395
  -0.0063963754
  -0.0064472208
  -0.0064823556
  -0.0065040357
  -0.0065141859
  -0.0065142581
  -0.0065051509
  -0.0064871921
  -0.0064601843
  -0.0064235166
  -0.0063763439
  -0.0063178368
  -0.0062475047
  -0.0061655902
  -0.0060735296
  -0.0059744547
  -0.0058736801
  -0.0057790436
  -0.0058290296
  -0.0056679022
  -0.0056418464
  -0.0057019217
  -0.0058121621
  -0.0059466770
  -0.0060873470
  -0.0062220086
  -0.0063430219
  -0.0064461347
  -0.0065295735
  -0.0065933076
  -0.0066384512
  -0.0066667726
  -0.0066802950
  -0.0066809730
  -0.0066704385
  -0.0066498092
  -0.0066195561
  -0.0065794276
  -0.0065284277
  -0.0064648447
  -0.0063863262
  -0.0062899925
  -0.0061725748
  -0.0060305559
  -0.0058602711
  -0.0056579006
  -0.0054192217
  -0.0051388878
  -0.0048087958
  -0.0065116766
  -0.0063082585
  -0.0062366477
  -0.0062504012
  -0.0063148775
  -0.0064048746
  -0.0065026288
  -0.0065961641
  -0.0066779430
  -0.0067437665
  -0.0067918724
  -0.0068221927
  -0.0068357386
  -0.0068340905
  -0.0068189767
  -0.0067919287
  -0.0067540058
  -0.0067055820
  -0.0066461904
  -0.0065744211
  -0.0064878630
  -0.0063830841
  -0.0062556319
  -0.0061000360
  -0.0059097751
  -0.0056771539
  -0.0053930006
  -0.0050460347
  -0.0046216618
  -0.0040997827
  -0.0034509306
  -0.0070069149
  -0.0067863726
  -0.0066877588
  -0.0066691648
  -0.0066986971
  -0.0067528202
  -0.0068147872
  -0.0068732454
  -0.0069210366
  -0.0069541774
  -0.0069709971
  -0.0069714085
  -0.0069562922
  -0.0069269760
  -0.0068847990
  -0.0068307494
  -0.0067651691
  -0.0066875195
  -0.0065961994
  -0.0064884090
  -0.0063600467
  -0.0062056209
  -0.0060181537
  -0.0057890344
  -0.0055077662
  -0.0051615154
  -0.0047343239
  -0.0042057736
  -0.0035487792
  -0.0027260274
  -0.0016843776
  -0.0075056605
  -0.0072088752
  -0.0070456790
  -0.0069740351
  -0.0069604680
  -0.0069793791
  -0.0070119824
  -0.0070451466
  -0.0070702764
  -0.0070822914
  -0.0070787182
  -0.0070588949
  -0.0070232801
  -0.0069728566
  -0.0069086209
  -0.0068311512
  -0.0067402465
  -0.0066346294
  -0.0065117042
  -0.0063673570
  -0.0061957820
  -0.0059893066
  -0.0057381799
  -0.0054302686
  -0.0050505808
  -0.0045805010
  -0.0039965708
  -0.0032685812
  -0.0023566695
  -0.0012070507
   0.0002539678
  -0.0078188289
  -0.0074859539
  -0.0072839566
  -0.0071762916
  -0.0071314226
  -0.0071238143
  -0.0071338804
  -0.0071474000
  -0.0071547009
  -0.0071497745
  -0.0071294069
  -0.0070923663
  -0.0070386641
  -0.0069688963
  -0.0068836643
  -0.0067830724
  -0.0066662993
  -0.0065312342
  -0.0063741690
  -0.0061895313
  -0.0059696344
  -0.0057044125
  -0.0053810935
  -0.0049837427
  -0.0044925861
  -0.0038829893
  -0.0031239368
  -0.0021758322
  -0.0009874550
   0.0005079804
   0.0023974386
  -0.0075649590
  -0.0073659573
  -0.0072503133
  -0.0071934208
  -0.0071730702
  -0.0071709237
  -0.0071729114
  -0.0071690053
  -0.0071526676
  -0.0071201474
  -0.0070697325
  -0.0070010116
  -0.0069141809
  -0.0068094106
  -0.0066862799
  -0.0065432812
  -0.0063773909
  -0.0061836946
  -0.0059550532
  -0.0056817805
  -0.0053512968
  -0.0049477057
  -0.0044512254
  -0.0038373878
  -0.0030759101
  -0.0021291462
  -0.0009500819
   0.0005200293
   0.0023540288
   0.0046404841
  -0.0073169711
  -0.0072024014
  -0.0071390999
  -0.0071127735
  -0.0071078874
  -0.0071104029
  -0.0071090536
  -0.0070956837
  -0.0070650236
  -0.0070141521
  -0.0069418080
  -0.0068476471
  -0.0067315079
  -0.0065927198
  -0.0064294733
  -0.0062382604
  -0.0060133802
  -0.0057464977
  -0.0054262283
  -0.0050377126
  -0.0045621290
  -0.0039760835
  -0.0032508140
  -0.0023511655
  -0.0012343528
   0.0001513350
   0.0018674960
   0.0039855268
   0.0065845337
  -0.0068599293
  -0.0068616498
  -0.0068703350
  -0.0068900042
  -0.0069155638
  -0.0069384158
  -0.0069498481
  -0.0069427585
  -0.0069122407
  -0.0068554523
  -0.0067710656
  -0.0066585036
  -0.0065170930
  -0.0063452192
  -0.0061395328
  -0.0058942315
  -0.0056004231
  -0.0052455549
  -0.0048128815
  -0.0042809268
  -0.0036228996
  -0.0028060337
  -0.0017908892
  -0.0005307735
   0.0010283255
   0.0029465801
   0.0052868993
   0.0081081728
  -0.0060701687
  -0.0062657192
  -0.0064072781
  -0.0065160472
  -0.0065994863
  -0.0066577065
  -0.0066878653
  -0.0066867492
  -0.0066519625
  -0.0065821532
  -0.0064766323
  -0.0063346521
  -0.0061545277
  -0.0059327290
  -0.0056630173
  -0.0053356724
  -0.0049368218
  -0.0044478698
  -0.0038450142
  -0.0030988529
  -0.0021741381
  -0.0010298462
   0.0003800601
   0.0021045164
   0.0041909094
   0.0066771802
   0.0095795959
  -0.0049148536
  -0.0053963203
  -0.0057345571
  -0.0059767067
  -0.0061485833
  -0.0062622842
  -0.0063225020
  -0.0063307288
  -0.0062874696
  -0.0061929291
  -0.0060466847
  -0.0058467778
  -0.0055885519
  -0.0052634626
  -0.0048580111
  -0.0043528909
  -0.0037224144
  -0.0029342986
  -0.0019499752
  -0.0007257771
   0.0007843372
   0.0026234581
   0.0048224285
   0.0073853033
   0.0102690601
   0.0082442255
  -0.0015886004
  -0.0029341453
  -0.0039064849
  -0.0045988646
  -0.0050897101
  -0.0054344963
  -0.0056677428
  -0.0058090001
  -0.0058688064
  -0.0058528473
  -0.0057640284
  -0.0056028589
  -0.0053667427
  -0.0050487364
  -0.0046362247
  -0.0041098494
  -0.0034429601
  -0.0026018572
  -0.0015472151
  -0.0002373347
   0.0013657450
   0.0032859037
   0.0055171190
   0.0080020999
   0.0106081106
   0.0101708760
   0.0109177464
   0.0088155491
   0.0062853114
   0.0036965767
   0.0013411233
  -0.0006153958
  -0.0021320638
  -0.0032523659
  -0.0040537622
  -0.0046112065
  -0.0049812176
  -0.0052006476
  -0.0052915701
  -0.0052663975
  -0.0051307968
  -0.0048842404
  -0.0045190277
  -0.0040188554
  -0.0033579402
  -0.0025016162
  -0.0014093910
  -0.0000417386
   0.0016277040
   0.0035929398
   0.0057895258
   0.0080665862
   0.0075794017
   0.0087745756
   0.0090441170
   0.0082706318
   0.0066174295
   0.0044528853
   0.0021927416
   0.0001591097
  -0.0014841055
  -0.0027118388
  -0.0035745310
  -0.0041404765
  -0.0044661123
  -0.0045890719
  -0.0045305917
  -0.0042982615
  -0.0038864833
  -0.0032758752
  -0.0024343367
  -0.0013228433
   0.0000908675
   0.0018078719
   0.0037625973
   0.0057842838
   0.0052938614
   0.0061234972
   0.0058939678
   0.0046408778
   0.0027581846
   0.0007605695
  -0.0009678087
  -0.0022633852
  -0.0031212535
  -0.0035957573
  -0.0037398789
  -0.0035849723
  -0.0031374066
  -0.0023805896
  -0.0012857109
   0.0001593919
   0.0018968927
   0.0037312300
   0.0032804322
   0.0037193596
   0.0028794698
   0.0011943992
  -0.0005646723
  -0.0018742971
  -0.0025779548
  -0.0026931788
  -0.0022572167
  -0.0012879228
   0.0001620786
   0.0018639012
   0.0015100168
   0.0013226937
  -0.0002600051
  -0.0013989238
  -0.0012307348
   0.0000961631
  -0.0000425228
  -0.0004566374
   0.0011519656
   0.0009504697
   0.0027871799
   0.0027390798
   0.0025705455
   0.0044312262
   0.0044142734
   0.0041659164
   0.0037459790
   0.0042085378
   0.0060711149
   0.0060795150
   0.0058712590
   0.0053812045
   0.0058383340
   0.0076984628
   0.0077310427
   0.0075679516
   0.0072227286
   0.0063948980
   0.0070263239
   0.0074634438
   0.0093088795
   0.0093622214
   0.0092362935
   0.0089435392
   0.0085024244
   0.0080474151
   0.0086471493
   0.0090702621
   0.0109009149
   0.0109726577
   0.0108770570
   0.0106258869
   0.0102368184
   0.0097327461
   0.0091408556
   0.0089359236
   0.0096619283
   0.0102406416
   0.0106564472
   0.0046712685
   0.0097701713
   0.0105710259
   0.0112611969
   0.0118180039
   0.0086748989
   0.0081793560
   0.0076027942
   0.0068871907
   0.0096505980
   0.0088804324
   0.0055405777
   0.0066929685
   0.0075632645
   0.0082816286
   0.0089137755
   0.0095153103
   0.0086427769
   0.0095433193
   0.0127088382
   0.0127002349
   0.0125840111
   0.0123714277
   0.0120774314
   0.0117200569
   0.0113196734
   0.0108980094
   0.0104768999
   0.0100767231
   0.0110618142
   0.0115980323
   0.0120419294
   0.0123795568
   0.0126027512
   0.0133280175
   0.0133318795
   0.0132467235
   0.0130818625
   0.0128498379
   0.0125657611
   0.0122464943
   0.0119096270
   0.0115722179
   0.0112492951
   0.0109521330
   0.0106863648
   0.0104500208
   0.0102316298
   0.0100085678
   0.0097459038
   0.0103697613
   0.0109067489
   0.0114362045
   0.0119334307
   0.0123766720
   0.0127482686
   0.0130352613
   0.0132295900
   0.0138851322
   0.0138971530
   0.0138328425
   0.0137002518
   0.0135103740
   0.0132763965
   0.0130127743
   0.0127341014
   0.0124537750
   0.0121824700
   0.0119264799
   0.0116860202
   0.0114536376
   0.0112129280
   0.0109378305
   0.0105928555
   0.0101347169
   0.0095159985
   0.0096687320
   0.0099281950
   0.0102208500
   0.0105599137
   0.0109452552
   0.0113667191
   0.0118075893
   0.0122478000
   0.0126666450
   0.0130448733
   0.0133661595
   0.0136180180
   0.0137922637
   0.0143829291
   0.0144008060
   0.0143548848
   0.0142516209
   0.0140999488
   0.0139105393
   0.0136948858
   0.0134642193
   0.0132282724
   0.0129939333
   0.0127638742
   0.0125352745
   0.0122988145
   0.0120381675
   0.0117302843
   0.0113468335
   0.0108572336
   0.0102337612
   0.0096111674
   0.0100869639
   0.0104491159
   0.0107459704
   0.0110179961
   0.0112944136
   0.0115923366
   0.0119176747
   0.0122671238
   0.0126306831
   0.0129942610
   0.0133420616
   0.0136585709
   0.0139300655
   0.0141456470
   0.0142978543
   0.0148228317
   0.0148440137
   0.0148077167
   0.0147197183
   0.0145881007
   0.0144223831
   0.0142324627
   0.0140273950
   0.0138140705
   0.0135958837
   0.0133715376
   0.0131341869
   0.0128711756
   0.0125646908
   0.0121936910
   0.0117374798
   0.0111812082
   0.0105233040
   0.0100378379
   0.0106253663
   0.0110888587
   0.0114594090
   0.0117718886
   0.0120574634
   0.0123393150
   0.0126309968
   0.0129367304
   0.0132529504
   0.0135704930
   0.0138769496
   0.0141588490
   0.0144034672
   0.0146001810
   0.0147413585
   0.0152053195
   0.0152284128
   0.0151989818
   0.0151221378
   0.0150050898
   0.0148561493
   0.0146835387
   0.0144940788
   0.0142918704
   0.0140771398
   0.0138454755
   0.0135877417
   0.0132909973
   0.0129407470
   0.0125247692
   0.0120385147
   0.0114915362
   0.0109134486
   0.0104052378
   0.0110130356
   0.0115348512
   0.0119693156
   0.0123321981
   0.0126464909
   0.0129347741
   0.0132143973
   0.0134952650
   0.0137796604
   0.0140634387
   0.0143379543
   0.0145922071
   0.0148148430
   0.0149957903
   0.0151274344
   0.0155301936
   0.0155540241
   0.0155290875
   0.0154598332
   0.0153525724
   0.0152143659
   0.0150517354
   0.0148693426
   0.0146688347
   0.0144481160
   0.0142013560
   0.0139200598
   0.0135954653
   0.0132223373
   0.0128038045
   0.0123561581
   0.0119115018
   0.0115151466
   0.0109707089
   0.0109101126
   0.0114065843
   0.0118984843
   0.0123489681
   0.0127445577
   0.0130889819
   0.0133951150
   0.0136778135
   0.0139489381
   0.0142147956
   0.0144756371
   0.0147265955
   0.0149594160
   0.0151644296
   0.0153323761
   0.0154558403
   0.0157967526
   0.0158202755
   0.0157955389
   0.0157266952
   0.0156196129
   0.0154805124
   0.0153144928
   0.0151242389
   0.0149092701
   0.0146661317
   0.0143898882
   0.0140770774
   0.0137298417
   0.0133601880
   0.0129923251
   0.0126602202
   0.0123980151
   0.0122242440
   0.0121270886
   0.0120630955
   0.0119778025
   0.0118406606
   0.0116704142
   0.0115294867
   0.0114894277
   0.0115926396
   0.0118356702
   0.0121790324
   0.0125702392
   0.0129642531
   0.0133336350
   0.0136688294
   0.0139727117
   0.0142535806
   0.0145193186
   0.0147738824
   0.0150161607
   0.0152406363
   0.0154390880
   0.0156026312
   0.0157235705
   0.0160039003
   0.0160261069
   0.0159991476
   0.0159268992
   0.0158148006
   0.0156682463
   0.0154910881
   0.0152847724
   0.0150486486
   0.0147818236
   0.0144864829
   0.0141717763
   0.0138562720
   0.0135661902
   0.0133273565
   0.0131524596
   0.0130311591
   0.0129336558
   0.0128312199
   0.0127212441
   0.0126354321
   0.0126217867
   0.0127144806
   0.0129151968
   0.0131964345
   0.0135187784
   0.0138479583
   0.0141633770
   0.0144578172
   0.0147322116
   0.0149896057
   0.0152308600
   0.0154529019
   0.0156491663
   0.0158113403
   0.0159314951
   0.0161501975
   0.0161696917
   0.0161340913
   0.0160475939
   0.0159159818
   0.0157446340
   0.0155373920
   0.0152972132
   0.0150289411
   0.0147432538
   0.0144591262
   0.0142011513
   0.0139900314
   0.0138308492
   0.0137103627
   0.0136112549
   0.0135341477
   0.0135048389
   0.0135565414
   0.0137038905
   0.0139327930
   0.0142110675
   0.0145062490
   0.0147966959
   0.0150724201
   0.0153298003
   0.0155657141
   0.0157743337
   0.0159471101
   0.0160748308
   0.0162338708
   0.0162484433
   0.0161974555
   0.0160862262
   0.0159222890
   0.0157136358
   0.0154696173
   0.0152044521
   0.0149399835
   0.0147022595
   0.0145105311
   0.0143680945
   0.0142690790
   0.0142179385
   0.0142361735
   0.0143434757
   0.0145358328
   0.0147858033
   0.0150599760
   0.0153331594
   0.0155901380
   0.0158200993
   0.0160118206
   0.0161531796
   0.0162527826
   0.0162581744
   0.0161793521
   0.0160261613
   0.0158145276
   0.0155667431
   0.0153136073
   0.0150898197
   0.0149205436
   0.0148167011
   0.0147897179
   0.0148572989
   0.0150218007
   0.0152561200
   0.0155191250
   0.0157750837
   0.0159970302
   0.0161623869
   0.0162043656
   0.0161901056
   0.0160567281
   0.0158382478
   0.0155914714
   0.0153828668
   0.0152643916
   0.0152680778
   0.0154035890
   0.0156337154
   0.0158870092
   0.0160944602
   0.0160855230
   0.0160129886
   0.0157822960
   0.0156206681
   0.0156912568
   0.0159264985
   0.0158924919
  -0.0000459974
  -0.0014020809
  -0.0012341730
   0.0000924333
   0.0015061812
   0.0013191990
  -0.0002631094
  -0.0025808422
  -0.0026963278
  -0.0022606131
  -0.0012915596
   0.0001581922
   0.0018597781
   0.0032761994
   0.0037153278
   0.0028759848
   0.0011915079
  -0.0005672742
  -0.0018769550
  -0.0035984239
  -0.0037428128
  -0.0035881327
  -0.0031407637
  -0.0023841321
  -0.0012894478
   0.0001554329
   0.0018926777
   0.0037267533
   0.0052892077
   0.0061189031
   0.0058897982
   0.0046374492
   0.0027555463
   0.0007584654
  -0.0009697576
  -0.0022654743
  -0.0031236210
  -0.0044686062
  -0.0045918402
  -0.0045335817
  -0.0043014331
  -0.0038898098
  -0.0032793432
  -0.0024379472
  -0.0013266127
   0.0000869067
   0.0018036724
   0.0037581079
   0.0057794775
   0.0075743232
   0.0087694005
   0.0090391788
   0.0082663490
   0.0066141250
   0.0044506130
   0.0021912566
   0.0001580000
  -0.0014852328
  -0.0027132399
  -0.0035763111
  -0.0041426372
  -0.0052030146
  -0.0052942148
  -0.0052692628
  -0.0051338389
  -0.0048874268
  -0.0045223357
  -0.0040222711
  -0.0033614585
  -0.0025052418
  -0.0014131402
  -0.0000456420
   0.0016235991
   0.0035885707
   0.0057848231
   0.0080614959
   0.0101653982
   0.0109133725
   0.0088124617
   0.0062835699
   0.0036959262
   0.0013411038
  -0.0006152757
  -0.0021321847
  -0.0032529416
  -0.0040548596
  -0.0046127993
  -0.0049832365
  -0.0058112821
  -0.0058713646
  -0.0058556244
  -0.0057669802
  -0.0056059519
  -0.0053699509
  -0.0050520403
  -0.0046396101
  -0.0041133076
  -0.0034464880
  -0.0026054584
  -0.0015509022
  -0.0002411320
   0.0013617971
   0.0032817459
   0.0055126729
   0.0079972751
   0.0106028213
   0.0082432403
  -0.0015869919
  -0.0029330624
  -0.0039060887
  -0.0045991740
  -0.0050906606
  -0.0054359889
  -0.0056696752
  -0.0063011791
  -0.0063355834
  -0.0063182430
  -0.0062495152
  -0.0061293870
  -0.0059568106
  -0.0057286349
  -0.0054384072
  -0.0050752311
  -0.0046227978
  -0.0040586652
  -0.0033538514
  -0.0024728535
  -0.0013743372
  -0.0000129859
   0.0016566298
   0.0036729199
   0.0060554862
   0.0087877052
  -0.0045965131
  -0.0051767796
  -0.0055799654
  -0.0058664889
  -0.0060718712
  -0.0062141823
  -0.0066787229
  -0.0066938730
  -0.0066763638
  -0.0066243506
  -0.0065368958
  -0.0064133906
  -0.0062527368
  -0.0060524420
  -0.0058077270
  -0.0055107045
  -0.0051496571
  -0.0047084179
  -0.0041658447
  -0.0034953795
  -0.0026647170
  -0.0016356857
  -0.0003646032
   0.0011963878
   0.0030961742
   0.0053786360
   0.0080726681
  -0.0059381088
  -0.0061761174
  -0.0063417354
  -0.0064659741
  -0.0065622753
  -0.0066337801
  -0.0069482782
  -0.0069514601
  -0.0069333385
  -0.0068900992
  -0.0068197514
  -0.0067214511
  -0.0065946839
  -0.0064384116
  -0.0062502485
  -0.0060257048
  -0.0057575088
  -0.0054350069
  -0.0050436163
  -0.0045642954
  -0.0039729881
  -0.0032400025
  -0.0023293227
  -0.0011979388
   0.0002045401
   0.0019354500
   0.0040569207
   0.0066309006
  -0.0068600931
  -0.0068648347
  -0.0068799344
  -0.0069040421
  -0.0069298000
  -0.0071126548
  -0.0071115453
  -0.0070983721
  -0.0070678758
  -0.0070171423
  -0.0069449148
  -0.0068508520
  -0.0067347942
  -0.0065960717
  -0.0064328759
  -0.0062416992
  -0.0060168409
  -0.0057499658
  -0.0054296890
  -0.0050411502
  -0.0045655259
  -0.0039794201
  -0.0032540685
  -0.0023543144
  -0.0012373731
   0.0001484608
   0.0018647718
   0.0039829310
   0.0065820070
  -0.0073165801
  -0.0072028492
  -0.0071401863
  -0.0071143486
  -0.0071098411
  -0.0071732118
  -0.0071754224
  -0.0071717023
  -0.0071555225
  -0.0071231380
  -0.0070728403
  -0.0070042201
  -0.0069174747
  -0.0068127751
  -0.0066897006
  -0.0065467440
  -0.0063808813
  -0.0061871981
  -0.0059585546
  -0.0056852633
  -0.0053547428
  -0.0049510938
  -0.0044545305
  -0.0038405798
  -0.0030789532
  -0.0021319993
  -0.0009527012
   0.0005176842
   0.0023519837
   0.0046387337
  -0.0075648326
  -0.0073666032
  -0.0072515405
  -0.0071950912
  -0.0071750847
  -0.0071299700
  -0.0071434412
  -0.0071549855
  -0.0071568812
  -0.0071446273
  -0.0071161007
  -0.0070707802
  -0.0070090473
  -0.0069315683
  -0.0068387542
  -0.0067302954
  -0.0066047674
  -0.0064592957
  -0.0062892712
  -0.0060880943
  -0.0058469226
  -0.0055543814
  -0.0051961812
  -0.0047545644
  -0.0042074735
  -0.0035273017
  -0.0026790561
  -0.0016177546
  -0.0002849320
   0.0013956858
   0.0035228934
  -0.0076337686
  -0.0073718299
  -0.0072218143
  -0.0071495173
  -0.0071263977
  -0.0069817375
  -0.0070145253
  -0.0070478511
  -0.0070731251
  -0.0070852703
  -0.0070818149
  -0.0070620975
  -0.0070265768
  -0.0069762352
  -0.0069120687
  -0.0068346550
  -0.0067437927
  -0.0066382038
  -0.0065152920
  -0.0063709423
  -0.0061993472
  -0.0059928316
  -0.0057416408
  -0.0054336357
  -0.0050538162
  -0.0045835555
  -0.0039993805
  -0.0032710637
  -0.0023587210
  -0.0012085460
   0.0002531697
  -0.0075061714
  -0.0072099787
  -0.0070472212
  -0.0069759119
  -0.0069626093
  -0.0067262488
  -0.0067861812
  -0.0068476714
  -0.0069016060
  -0.0069425330
  -0.0069677247
  -0.0069763856
  -0.0069689826
  -0.0069466785
  -0.0069108555
  -0.0068627176
  -0.0068029622
  -0.0067315160
  -0.0066473281
  -0.0065482119
  -0.0064307269
  -0.0062900853
  -0.0061200633
  -0.0059128854
  -0.0056590322
  -0.0053469018
  -0.0049622110
  -0.0044869645
  -0.0038977320
  -0.0031628354
  -0.0022378685
  -0.0071800306
  -0.0068797168
  -0.0067264096
  -0.0066726452
  -0.0066817555
  -0.0063603185
  -0.0064561571
  -0.0065531256
  -0.0066416206
  -0.0067158983
  -0.0067730792
  -0.0068123316
  -0.0068341954
  -0.0068400232
  -0.0068315158
  -0.0068103408
  -0.0067778229
  -0.0067347011
  -0.0066809443
  -0.0066156232
  -0.0065368309
  -0.0064416451
  -0.0063261201
  -0.0061852917
  -0.0060131659
  -0.0058026496
  -0.0055453501
  -0.0052311299
  -0.0048472251
  -0.0043766101
  -0.0037950767
  -0.0066824791
  -0.0063916667
  -0.0062610429
  -0.0062373192
  -0.0062802898
  -0.0058800063
  -0.0060195701
  -0.0061585622
  -0.0062872388
  -0.0063997791
  -0.0064932701
  -0.0065668904
  -0.0066212475
  -0.0066578362
  -0.0066785955
  -0.0066855491
  -0.0066805171
  -0.0066648935
  -0.0066394852
  -0.0066044072
  -0.0065590346
  -0.0065020057
  -0.0064312747
  -0.0063442066
  -0.0062377044
  -0.0061083516
  -0.0059525383
  -0.0057665182
  -0.0055462998
  -0.0052871976
  -0.0049827240
  -0.0059815968
  -0.0057297553
  -0.0056433668
  -0.0056657314
  -0.0057548110
  -0.0052807908
  -0.0054738341
  -0.0056631696
  -0.0058389598
  -0.0059954035
  -0.0061296785
  -0.0062411048
  -0.0063304762
  -0.0063995214
  -0.0064504684
  -0.0064856959
  -0.0065074584
  -0.0065176800
  -0.0065178121
  -0.0065087528
  -0.0064908293
  -0.0064638437
  -0.0064271838
  -0.0063800024
  -0.0063214663
  -0.0062510791
  -0.0061690742
  -0.0060768737
  -0.0059775877
  -0.0058764987
  -0.0057813955
  -0.0050965674
  -0.0048978145
  -0.0048697337
  -0.0049516436
  -0.0050992687
  -0.0045577463
  -0.0048154041
  -0.0050645830
  -0.0052954215
  -0.0055022581
  -0.0056825082
  -0.0058357894
  -0.0059632313
  -0.0060669263
  -0.0061494918
  -0.0062137247
  -0.0062623363
  -0.0062977604
  -0.0063220320
  -0.0063367369
  -0.0063430347
  -0.0063417606
  -0.0063336148
  -0.0063194502
  -0.0063006758
  -0.0062797988
  -0.0062611368
  -0.0062517452
  -0.0062626170
  -0.0063102340
  -0.0040125744
  -0.0038832021
  -0.0039297145
  -0.0040866881
  -0.0043071340
  -0.0037057139
  -0.0040365532
  -0.0043526977
  -0.0046446648
  -0.0049071888
  -0.0051380779
  -0.0053373325
  -0.0055064567
  -0.0056479146
  -0.0057647026
  -0.0058600166
  -0.0059370026
  -0.0059985845
  -0.0060473685
  -0.0060856247
  -0.0061153539
  -0.0061384475
  -0.0061569572
  -0.0061734959
  -0.0061918015
  -0.0062175114
  -0.0062592180
  -0.0063299099
  -0.0064489599
  -0.0066449116
  -0.0026993123
  -0.0026730543
  -0.0028185087
  -0.0030685093
  -0.0033753848
  -0.0027194535
  -0.0031310743
  -0.0035204374
  -0.0038788428
  -0.0042016721
  -0.0044872741
  -0.0047361102
  -0.0049500896
  -0.0051320489
  -0.0052853458
  -0.0054135471
  -0.0055202016
  -0.0056086922
  -0.0056821676
  -0.0057435583
  -0.0057956858
  -0.0058414800
  -0.0058843258
  -0.0059285719
  -0.0059802490
  -0.0060480685
  -0.0061448101
  -0.0062892661
  -0.0065090062
  -0.0068443931
  -0.0012660454
  -0.0015340452
  -0.0018940079
  -0.0022998315
  -0.0015937611
  -0.0020991258
  -0.0025725142
  -0.0030061605
  -0.0033962784
  -0.0037419608
  -0.0040443378
  -0.0043059248
  -0.0045301155
  -0.0047207906
  -0.0048820243
  -0.0050178799
  -0.0051322919
  -0.0052290368
  -0.0053118018
  -0.0053843648
  -0.0054509080
  -0.0055164989
  -0.0055877856
  -0.0056739806
  -0.0057882444
  -0.0059496397
  -0.0061859278
  -0.0065376453
   0.0003548440
  -0.0000576420
  -0.0005473408
  -0.0010696264
  -0.0003235253
  -0.0009382223
  -0.0015084156
  -0.0020275063
  -0.0024927979
  -0.0029043958
  -0.0032643663
  -0.0035760867
  -0.0038437451
  -0.0040719603
  -0.0042655085
  -0.0044291486
  -0.0045675485
  -0.0046853198
  -0.0047871745
  -0.0048782304
  -0.0049644971
  -0.0050536004
  -0.0051558217
  -0.0052855781
  -0.0054635314
  -0.0057196262
  -0.0060975379
   0.0016286673
   0.0009842128
   0.0003237153
   0.0010963068
   0.0003631955
  -0.0003108714
  -0.0009209511
  -0.0014657580
  -0.0019466185
  -0.0023666672
  -0.0027302262
  -0.0030423298
  -0.0033083726
  -0.0035338694
  -0.0037243250
  -0.0038852211
  -0.0040221328
  -0.0041409999
  -0.0042485886
  -0.0043531977
  -0.0044656915
  -0.0046009818
  -0.0047801511
  -0.0050335129
  -0.0054050866
   0.0026929250
   0.0018784910
   0.0026708985
   0.0017993150
   0.0010055517
   0.0002924803
  -0.0003404417
  -0.0008961732
  -0.0013793131
  -0.0017955012
  -0.0021509655
  -0.0024522023
  -0.0027057835
  -0.0029182973
  -0.0030964382
  -0.0032472716
  -0.0033787140
  -0.0035002917
  -0.0036242671
  -0.0037672737
  -0.0039526746
  -0.0042139779
  -0.0045998446
   0.0046108784
   0.0036127307
   0.0044058758
   0.0033849057
   0.0024635551
   0.0016419953
   0.0009174230
   0.0002849480
  -0.0002617022
  -0.0007296346
  -0.0011263869
  -0.0014596641
  -0.0017372203
  -0.0019669044
  -0.0021568959
  -0.0023161753
  -0.0024552946
  -0.0025875427
  -0.0027306519
  -0.0029092656
  -0.0031585122
  -0.0035292222
   0.0055222236
   0.0063079215
   0.0051276289
   0.0040719740
   0.0031377469
   0.0023194305
   0.0016098996
   0.0010010057
   0.0004840360
   0.0000500385
  -0.0003099997
  -0.0006051411
  -0.0008446842
  -0.0010385932
  -0.0011982348
  -0.0013375165
  -0.0014745629
  -0.0016341377
  -0.0018511198
  -0.0021755113
   0.0070143139
   0.0058016240
   0.0047397452
   0.0038194040
   0.0030303423
   0.0023617485
   0.0018026032
   0.0013418942
   0.0009686622
   0.0006718302
   0.0004397643
   0.0002594896
   0.0001154632
  -0.0000122383
  -0.0001505162
  -0.0003369203
  -0.0006248003
   0.0076400273
   0.0064314976
   0.0054008764
   0.0045331965
   0.0038136706
   0.0032278415
   0.0027615986
   0.0024009682
   0.0021315890
   0.0019377763
   0.0018010599
   0.0016980573
   0.0015975132
   0.0014563283
   0.0096907947
   0.0083457290
   0.0072168297
   0.0062840243
   0.0055285672
   0.0049328195
   0.0044799574
   0.0041534497
   0.0039361824
   0.0038091345
   0.0037495480
   0.0037286083
   0.0037088459
   0.0090240409
   0.0080459859
   0.0072965617
   0.0067521355
   0.0063907806
   0.0061911596
   0.0061311287
   0.0061862677
   0.0094650018
   0.0090419344
   0.0009630489
  -0.0006104424
   0.0006249556
   0.0024620914
   0.0027633889
   0.0011848866
  -0.0003535435
  -0.0019772277
  -0.0012619328
   0.0001541407
   0.0021515884
   0.0041550301
   0.0052293899
   0.0048141090
   0.0032376872
   0.0013033504
  -0.0003651505
  -0.0015006679
  -0.0020427324
  -0.0031546559
  -0.0027050734
  -0.0018409036
  -0.0004700995
   0.0014520287
   0.0037760303
   0.0060508766
   0.0076330612
   0.0080174886
   0.0071429629
   0.0053933567
   0.0033123209
   0.0013284308
  -0.0003326198
  -0.0016023538
  -0.0024921711
  -0.0030351727
  -0.0032553489
  -0.0041577153
  -0.0038764748
  -0.0033561662
  -0.0025240999
  -0.0012731711
   0.0005019379
   0.0028184542
   0.0055026649
   0.0081550113
   0.0102433006
   0.0112943302
   0.0110945652
   0.0097831393
   0.0077555731
   0.0054574701
   0.0032302307
   0.0012678783
  -0.0003558699
  -0.0016412027
  -0.0026225199
  -0.0033422540
  -0.0038368078
  -0.0041310851
  -0.0042378167
  -0.0049993510
  -0.0048344201
  -0.0045371171
  -0.0040689512
  -0.0033562773
   0.0103742151
   0.0077757031
   0.0052730714
   0.0030341919
   0.0011277721
  -0.0004413692
  -0.0017026057
  -0.0026988276
  -0.0034737464
  -0.0040650663
  -0.0045016866
  -0.0048035818
  -0.0049832666
  -0.0050477156
  -0.0056906969
  -0.0056076212
  -0.0054593501
  -0.0052331078
  -0.0048931726
   0.0102938676
   0.0074596456
   0.0049231282
   0.0027404091
   0.0009129982
  -0.0005878643
  -0.0018044931
  -0.0027822681
  -0.0035635754
  -0.0041846611
  -0.0046743706
  -0.0050541550
  -0.0053389770
  -0.0055388297
  -0.0056605600
  -0.0057095595
  -0.0062412505
  -0.0062133082
  -0.0061623164
  -0.0060924671
  -0.0059944358
   0.0080601740
   0.0053611488
   0.0030777504
   0.0011813680
  -0.0003732951
  -0.0016368735
  -0.0026587173
  -0.0034833648
  -0.0041488857
  -0.0046863183
  -0.0051197814
  -0.0054670629
  -0.0057405950
  -0.0059487572
  -0.0060974251
  -0.0061916282
  -0.0062370854
  -0.0066590094
  -0.0066676985
  -0.0066822856
  -0.0067184293
  -0.0067873732
   0.0103170726
   0.0072753459
   0.0047042744
   0.0025607791
   0.0007915465
  -0.0006586811
  -0.0018423089
  -0.0028064883
  -0.0035921642
  -0.0042338961
  -0.0047600568
  -0.0051932217
  -0.0055506863
  -0.0058451081
  -0.0060852912
  -0.0062771263
  -0.0064246850
  -0.0065314395
  -0.0066015451
  -0.0066410739
  -0.0069505869
  -0.0069795118
  -0.0070346417
  -0.0071408920
  -0.0073243988
   0.0086625859
   0.0057808682
   0.0034020198
   0.0014515232
  -0.0001403069
  -0.0014357432
  -0.0024887806
  -0.0033453121
  -0.0040437655
  -0.0046158510
  -0.0050872683
  -0.0054783422
  -0.0058046188
  -0.0060774705
  -0.0063047598
  -0.0064916000
  -0.0066412377
  -0.0067560641
  -0.0068387481
  -0.0068934598
  -0.0069271233
  -0.0071213175
  -0.0071551136
  -0.0072270526
  -0.0073669159
  -0.0076100825
   0.0085914124
   0.0057027013
   0.0033393454
   0.0014110234
  -0.0001598063
  -0.0014385839
  -0.0024798793
  -0.0033289061
  -0.0040229937
  -0.0045928418
  -0.0050635125
  -0.0054551929
  -0.0057837948
  -0.0060614605
  -0.0062970385
  -0.0064965779
  -0.0066638807
  -0.0068011371
  -0.0069096613
  -0.0069907364
  -0.0070465702
  -0.0070813537
  -0.0071024002
  -0.0071753626
  -0.0072012095
  -0.0072730810
  -0.0074247529
  -0.0076988163
   0.0064508083
   0.0039167171
   0.0018652998
   0.0002028808
  -0.0011461198
  -0.0022424923
  -0.0031351987
  -0.0038638603
  -0.0044607056
  -0.0049520178
  -0.0053591744
  -0.0056993887
  -0.0059862527
  -0.0062301662
  -0.0064387161
  -0.0066170557
  -0.0067683199
  -0.0068941021
  -0.0069950119
  -0.0070713259
  -0.0071237442
  -0.0071542600
  -0.0071671493
  -0.0071700849
  -0.0071158205
  -0.0071215043
  -0.0071783940
  -0.0073240583
  -0.0076076995
   0.0052755237
   0.0029159265
   0.0010250277
  -0.0004968006
  -0.0017262576
  -0.0027227276
  -0.0035326782
  -0.0041929583
  -0.0047331657
  -0.0051772890
  -0.0055448196
  -0.0058515007
  -0.0061098412
  -0.0063294929
  -0.0065175610
  -0.0066789004
  -0.0068164326
  -0.0069315104
  -0.0070243491
  -0.0070945392
  -0.0071416533
  -0.0071659604
  -0.0071692625
  -0.0071558715
  -0.0071337477
  -0.0069448443
  -0.0069179515
  -0.0069431870
  -0.0070599312
  -0.0073210981
   0.0038513905
   0.0017489786
   0.0000759174
  -0.0012658794
  -0.0023487022
  -0.0032266342
  -0.0039409668
  -0.0045239395
  -0.0050012490
  -0.0053936935
  -0.0057182298
  -0.0059886474
  -0.0062160047
  -0.0064089266
  -0.0065738346
  -0.0067151575
  -0.0068355557
  -0.0069361844
  -0.0070170101
  -0.0070771971
  -0.0071155721
  -0.0071311815
  -0.0071239547
  -0.0070954927
  -0.0070500076
  -0.0069954466
  -0.0066637686
  -0.0065929165
  -0.0065712786
  -0.0066381515
  -0.0068472694
   0.0004388119
  -0.0009642020
  -0.0020910144
  -0.0030036982
  -0.0037471904
  -0.0043550895
  -0.0048533701
  -0.0052627198
  -0.0055999819
  -0.0058790312
  -0.0061112957
  -0.0063060683
  -0.0064707003
  -0.0066107389
  -0.0067300518
  -0.0068309646
  -0.0069144320
  -0.0069802562
  -0.0070273624
  -0.0070541405
  -0.0070588629
  -0.0070401881
  -0.0069977669
  -0.0069329706
  -0.0068497721
  -0.0067558210
  -0.0062732432
  -0.0061468653
  -0.0060652161
  -0.0060677262
  -0.0062091619
  -0.0017003439
  -0.0026641533
  -0.0034493767
  -0.0040938455
  -0.0046247799
  -0.0050628155
  -0.0054243451
  -0.0057228554
  -0.0059696657
  -0.0061743177
  -0.0063447681
  -0.0064874767
  -0.0066074504
  -0.0067082806
  -0.0067921974
  -0.0068601589
  -0.0069119850
  -0.0069465440
  -0.0069619999
  -0.0069561249
  -0.0069266877
  -0.0068719253
  -0.0067911164
  -0.0066852782
  -0.0065580189
  -0.0064165958
  -0.0057733721
  -0.0055812882
  -0.0054262031
  -0.0053459711
  -0.0053937589
  -0.0034058465
  -0.0040085367
  -0.0045150237
  -0.0049413918
  -0.0052996678
  -0.0055996643
  -0.0058498780
  -0.0060578777
  -0.0062304242
  -0.0063734557
  -0.0064920154
  -0.0065901675
  -0.0066709271
  -0.0067362223
  -0.0067868956
  -0.0068227553
  -0.0068426774
  -0.0068447648
  -0.0068265653
  -0.0067853539
  -0.0067184865
  -0.0066238335
  -0.0065003095
  -0.0063485225
  -0.0061715750
  -0.0059760670
  -0.0051638517
  -0.0048940255
  -0.0046519236
  -0.0044740378
  -0.0044122214
  -0.0045673381
  -0.0049086734
  -0.0052154500
  -0.0054869678
  -0.0057235474
  -0.0059266698
  -0.0060987702
  -0.0062429062
  -0.0063624029
  -0.0064605230
  -0.0065401830
  -0.0066037256
  -0.0066527505
  -0.0066880072
  -0.0067093473
  -0.0067157376
  -0.0067053331
  -0.0066756099
  -0.0066235609
  -0.0065459545
  -0.0064396649
  -0.0063020802
  -0.0061316059
  -0.0059282836
  -0.0056945617
  -0.0054362669
  -0.0044441046
  -0.0040829082
  -0.0037382056
  -0.0034452277
  -0.0032546863
  -0.0055879998
  -0.0057182519
  -0.0058572840
  -0.0059928351
  -0.0061175726
  -0.0062276569
  -0.0063216082
  -0.0063994183
  -0.0064618615
  -0.0065099627
  -0.0065445973
  -0.0065662004
  -0.0065745708
  -0.0065687601
  -0.0065470372
  -0.0065069255
  -0.0064453081
  -0.0063586000
  -0.0062429883
  -0.0060947452
  -0.0059106207
  -0.0056883304
  -0.0054271591
  -0.0051287165
  -0.0047978945
  -0.0036133997
  -0.0031512932
  -0.0026914413
  -0.0022661851
  -0.0019225649
  -0.0061935114
  -0.0061445608
  -0.0061510046
  -0.0061868139
  -0.0062351543
  -0.0062854889
  -0.0063315247
  -0.0063697320
  -0.0063982622
  -0.0064161520
  -0.0064227420
  -0.0064172582
  -0.0063985251
  -0.0063647883
  -0.0063136292
  -0.0062419628
  -0.0061461121
  -0.0060219523
  -0.0058651267
  -0.0056713352
  -0.0054367016
  -0.0051582321
  -0.0048343862
  -0.0044657904
  -0.0040561457
  -0.0026709535
  -0.0021005033
  -0.0015156626
  -0.0009444753
  -0.0004280902
  -0.0066865734
  -0.0064659832
  -0.0063463209
  -0.0062879654
  -0.0062647174
  -0.0062594340
  -0.0062610628
  -0.0062625775
  -0.0062595148
  -0.0062489235
  -0.0062286077
  -0.0061965867
  -0.0061507206
  -0.0060884679
  -0.0060067512
  -0.0059019159
  -0.0057697705
  -0.0056057009
  -0.0054048575
  -0.0051624122
  -0.0048738919
  -0.0045355974
  -0.0041451241
  -0.0037020135
  -0.0032085766
  -0.0016160014
  -0.0009226224
  -0.0001959630
   0.0005401160
   0.0012501381
  -0.0067558340
  -0.0064808938
  -0.0063127704
  -0.0062107737
  -0.0061478042
  -0.0061058706
  -0.0060730534
  -0.0060414030
  -0.0060054577
  -0.0059611916
  -0.0059052661
  -0.0058345069
  -0.0057455532
  -0.0056346437
  -0.0054975141
  -0.0053293910
  -0.0051250693
  -0.0048790671
  -0.0045858556
  -0.0042401643
  -0.0038373685
  -0.0033739740
  -0.0028482191
  -0.0022608329
  -0.0004478324
   0.0003863851
   0.0012760376
   0.0022015780
  -0.0066584342
  -0.0063269588
  -0.0061141712
  -0.0059753046
  -0.0058803691
  -0.0058092286
  -0.0057482735
  -0.0056881258
  -0.0056220323
  -0.0055447337
  -0.0054516701
  -0.0053384364
  -0.0052004278
  -0.0050326351
  -0.0048295638
  -0.0045852567
  -0.0042934085
  -0.0039475643
  -0.0035413991
  -0.0030690815
  -0.0025257303
  -0.0019079811
  -0.0012146922
   0.0008342186
   0.0018172037
   0.0028804354
  -0.0063097785
  -0.0059581934
  -0.0057263921
  -0.0055686802
  -0.0054541821
  -0.0053618977
  -0.0052773396
  -0.0051902069
  -0.0050927583
  -0.0049786721
  -0.0048422536
  -0.0046779031
  -0.0044797810
  -0.0042416307
  -0.0039567299
  -0.0036179506
  -0.0032179138
  -0.0027492317
  -0.0022048333
  -0.0015783784
  -0.0008647675
  -0.0000607677
   0.0022308214
   0.0033859837
   0.0046513921
  -0.0058597517
  -0.0054669993
  -0.0052063189
  -0.0050262652
  -0.0048919293
  -0.0047794007
  -0.0046719903
  -0.0045576186
  -0.0044269955
  -0.0042723521
  -0.0040865697
  -0.0038626038
  -0.0035931336
  -0.0032703902
  -0.0028861283
  -0.0024317194
  -0.0018983476
  -0.0012772985
  -0.0005603361
   0.0002598341
   0.0011890076
   0.0037427309
   0.0050797310
  -0.0051624921
  -0.0047593593
  -0.0044910552
  -0.0043030320
  -0.0041579969
  -0.0040301538
  -0.0039012341
  -0.0037577368
  -0.0035890001
  -0.0033858625
  -0.0031397510
  -0.0028420894
  -0.0024839524
  -0.0020559122
  -0.0015480398
  -0.0009500322
  -0.0002514442
   0.0005579927
   0.0014879759
   0.0025471756
   0.0053708632
   0.0068974718
  -0.0041977532
  -0.0038182025
  -0.0035649124
  -0.0033834893
  -0.0032362688
  -0.0030968047
  -0.0029459908
  -0.0027693236
  -0.0025549751
  -0.0022924529
  -0.0019716955
  -0.0015824959
  -0.0011141804
  -0.0005554843
   0.0001054166
   0.0008807566
   0.0017829408
   0.0028242501
   0.0040165223
   0.0071162898
  -0.0027117641
  -0.0024668133
  -0.0022916215
  -0.0021446442
  -0.0019963707
  -0.0018252041
  -0.0016144829
  -0.0013503530
  -0.0010202798
  -0.0006120451
  -0.0001131154
   0.0004897029
   0.0012103919
   0.0020636910
   0.0030649647
   0.0042300259
   0.0055749927
  -0.0013881877
  -0.0011549295
  -0.0009953380
  -0.0008602900
  -0.0007143440
  -0.0005313055
  -0.0002907959
   0.0000243000
   0.0004296624
   0.0009407839
   0.0015737600
   0.0023457303
   0.0032750716
   0.0043814430
   0.0056858007
   0.0072105391
   0.0004044529
   0.0005332724
   0.0006232135
   0.0007177967
   0.0008503943
   0.0010469884
   0.0013288536
   0.0017147968
   0.0022228666
   0.0028715597
   0.0036806081
   0.0046714585
   0.0058675838
   0.0072948137
   0.0089819606
   0.0026100833
   0.0025653514
   0.0025598876
   0.0026262457
   0.0027929778
   0.0030851832
   0.0035262038
   0.0041394048
   0.0049496409
   0.0059843406
   0.0072743498
   0.0088548466
   0.0050118517
   0.0048180892
   0.0047720443
   0.0048920992
   0.0052005818
   0.0057223234
   0.0064851713
   0.0075210873
   0.0088674028
   0.0073113063
   0.0075678334
   0.0081492016
   0.0090896384
