{
  "status": "success",
  "n_points": 3,
  "rates_K_per_ns": [
    25.0,
    50.0,
    100.0
  ],
  "tg_values_K": [
    180.8,
    175.2,
    184.2
  ],
  "rates_span_decades": 0.6020599913279624,
  "loglinear_slope_K": 2.452581569511221,
  "loglinear_intercept_K": 170.47211114404973,
  "loglinear_r_squared": 0.1399289864428645,
  "tg_at_slow_rate_K": 180.0666666666667,
  "slow_rate_ref_K_per_ns": 1.6667e-10,
  "slope_gate_pass": true,
  "is_flat_rate_regime": true,
  "regime": "rubbery",
  "rubbery_regime_exemption": true,
  "tg_method": "rubbery_flat_mean",
  "vf_fit_quality": "POOR_POORLY_CONSTRAINED",
  "tg0_K": 174.19999999999996,
  "tg0_K_ci95": Infinity,
  "vf_A": -5.120683800780954,
  "vf_c": -5.132992453405277,
  "vf_B_ns_per_K": 0.005898881906481472,
  "vf_r_squared": 0.37796262553164883,
  "vf_predicted_tg_K": [
    176.87522037290617,
    178.39394916823244,
    183.90153045235888
  ],
  "vf_residuals_K": [
    3.924779627093841,
    -3.19394916823245,
    0.2984695476411048
  ],
  "polymer_name": "cis-PBD3",
  "is_dsc_extrapolation": true,
  "d06_markdown": "### Multi-rate Tg analysis\n\n| Rate | Tg_MD |\n|------|-------|\n| 25 K/ns | 180.8 K |\n| 50 K/ns | 175.2 K |\n| 100 K/ns | 184.2 K |\n\n**Log-linear**: Tg = 170.5 + 2.45\u00b7ln(\u0393)  R\u00b2=0.1399\n\u2192 Tg at 1.67e-10 K/ns (DSC-equivalent, 10 K/min) = **180.1 K**  (theoretical DSC-equivalent experimental Tg)\n\n**VF extrapolation** (Tg0 at \u0393\u21920): Tg\u2070 = 174.2 \u00b1 inf K (95% CI)  R\u00b2=0.3780  quality=POOR_POORLY_CONSTRAINED\n\u26a0 CI > 100 K: VF extrapolation is underconstrained with < 2 decades of rates. Use log-linear result for validation.\n",
  "d06_markdown_path": "data/cis-PBD3/raw/d06_multirate_block.md",
  "plot_path": "data/cis-PBD3/raw/tg_multirate.png"
}